Object,Field name,Field label,Field length,Field type,Field values
Assessment__c,Id,Record ID,18,id,
Assessment__c,OwnerId,Owner ID,18,reference,Group;User;
Assessment__c,IsDeleted,Deleted,0,boolean,
Assessment__c,Name,Self Assessment ID,80,string,
Assessment__c,RecordTypeId,Record Type ID,18,reference,RecordType;
Assessment__c,CreatedDate,Created Date,0,datetime,
Assessment__c,CreatedById,Created By ID,18,reference,User;
Assessment__c,LastModifiedDate,Last Modified Date,0,datetime,
Assessment__c,LastModifiedById,Last Modified By ID,18,reference,User;
Assessment__c,SystemModstamp,System Modstamp,0,datetime,
Assessment__c,LastActivityDate,Last Activity Date,0,date,
Assessment__c,LastViewedDate,Last Viewed Date,0,datetime,
Assessment__c,LastReferencedDate,Last Referenced Date,0,datetime,
Assessment__c,Any_other_Symptoms__c,Other Symptoms?,255,string,
Assessment__c,Are_you_experiencing_diarrhea__c,Are you experiencing diarrhea?,255,picklist,Yes;No;
Assessment__c,Are_you_experiencing_unusual_fatigue__c,Are you experiencing unusual fatigue?,255,picklist,Yes;No;
Assessment__c,Are_you_having_any_symptoms_today__c,Are you having any symptoms today?,255,picklist,I feel physically normal;I’m not feeling quite right;
Assessment__c,Are_you_sick_now_or_have_you_been_withi__c,Sick?,255,picklist,Yes;No;
Assessment__c,Assessment_Created_for__c,Assessment Created for,255,string,
Assessment__c,Assessment_Date__c,Assessment Date,0,date,
Assessment__c,Assessment_Score__c,Assessment Score,0,double,
Assessment__c,Blood_Pressure_Meds__c,Blood Pressure Meds,255,picklist,Yes;No;Unknown;
Assessment__c,CaseContact__c,Case Contact,1300,string,
Assessment__c,Case__c,Case,18,reference,Case;
Assessment__c,Chest_Pressure__c,Chest Pressure,255,picklist,Yes;No;Unknown;
Assessment__c,City_Travel__c,Traveled Where (City),255,string,
Assessment__c,Comments__c,Comments,32768,textarea,
Assessment__c,Confusion__c,Confusion,255,picklist,Yes;No;Unknown;
Assessment__c,Consent_Details__c,Consent Details,32768,textarea,
Assessment__c,Consent__c,Consent,0,boolean,
Assessment__c,Contact__c,Person Id,18,reference,Contact;
Assessment__c,Cough__c,Cough?,255,picklist,Yes;No;Unknown;
Assessment__c,County_Travel__c,Traveled Where (County),255,string,
Assessment__c,Decision_Indicator__c,Decision Indicator,1300,string,
Assessment__c,Decision__c,Decision,255,picklist,Low Risk;Intermediate Risk;High Risk;
Assessment__c,Do_you_have_a_headache__c,Do you have a headache?,255,picklist,Yes;No;
Assessment__c,Do_you_have_a_loss_of_smell_taste__c,Do you have a loss of smell/taste?,255,picklist,Yes;No;
Assessment__c,Do_you_have_a_sore_throat__c,Do you have a sore throat?,255,picklist,Yes;No;
Assessment__c,Do_you_have_an_unusually_hoarse_voice__c,Do you have an unusually hoarse voice?,255,picklist,Yes;No;
Assessment__c,Do_you_have_unusual_abdominal_pain__c,Do you have unusual abdominal pain?,255,picklist,Yes;No;
Assessment__c,Do_you_have_unusual_strong_muscle_pains__c,Do you have unusual strong muscle pains?,255,picklist,Yes;No;
Assessment__c,EnteredBy__c,EnteredBy (unused),255,picklist,Named Person (self);Someone Assisting;Healthcare Provider;Public Health Offical;
Assessment__c,Entered_By__c,Entered By,4099,multipicklist,
Assessment__c,Fever__c,Fever?,255,picklist,Yes;No;Unknown;
Assessment__c,Flu_Shot__c,Flu Shot,255,picklist,Yes;No;Unknown;
Assessment__c,Have_you_been_skipping_meals__c,Have you been skipping meals?,255,picklist,Yes;No;
Assessment__c,How_did_you_hear_about_us__c,How Did You Get Here?,255,picklist,News;Website;Referred by Health Care Worker;Referred by Public Health Official;Prefer not to Answer;Other;
Assessment__c,If_you_are_able_to_measure_it_what_is_y__c,"If you know, what is your temperature",255,string,
Assessment__c,Is_logged_in_user_the_owner__c,Is logged in user the owner?,0,boolean,
Assessment__c,Known_Exposure__c,In Proximity 14?,255,picklist,Yes;No;Unknown;
Assessment__c,My_Assessment__c,My Assessment,0,boolean,
Assessment__c,Other_Pre_existing_Condition__c,Other Pre-existing Conditions,255,string,
Assessment__c,Other_Symptoms_Multi__c,Other Symptoms? (unused),4099,multipicklist,
Assessment__c,Outside_Work_Location__c,Outside Work Location?,255,string,
Assessment__c,Pneumonia__c,Pneumonia,255,picklist,Yes;No;Unknown;
Assessment__c,Pre_Existing_Condition_s__c,Pre-Existing Condition(s)?,4099,multipicklist,
Assessment__c,PreferredLanguage__c,Preferred Language,255,picklist,Unknown;English;Spanish;
Assessment__c,Priority_person__c,Priority person,255,string,
Assessment__c,Risk_Level__c,Risk Level,255,string,
Assessment__c,Shortness_of_Breath__c,Shortness of Breath?,255,picklist,Yes;No;Unknown;
Assessment__c,State_Travel__c,Traveled Where (State),255,string,
Assessment__c,Status__c,Status,255,picklist,In Progress;Complete;
Assessment__c,Symptom_score__c,Symptom score,0,double,
Assessment__c,Test_Positive__c,Tested Positive?,255,picklist,Yes;No;
Assessment__c,Travel__c,Traveled 14?,255,picklist,Yes;No;Unknown;
Assessment__c,Type_Of_Work_Other__c,Type of Work (Other),255,string,
Assessment__c,Type_of_Test__c,Type of Test,255,picklist,Nasal Swab;Throat Swab;Blood Draw;Finger Stick;
Assessment__c,Type_of_work_you_do__c,Type of work you do (unused),255,picklist,Health Care Worker;Other Essential Worker;Other;
Assessment__c,Type_of_work_you_do_c__c,Type of Work You Do,4099,multipicklist,
Assessment__c,What_is_your_current_living_status__c,What is your current living status?,255,picklist,I’m at home. I haven’t been to a clinic or hospital for suspected COVID-19 symptoms.;I’m at the clinic or hospital with suspected COVID-19 symptoms;I’m back home from the clinic or hospital;
Assessment__c,WhenDidSicknessStart__c,When Did Sickness Start?,0,date,
Assessment__c,Working_outside_of_home_currently__c,Working Outside of Home Currently?,255,picklist,Yes;No;
Assessment__c,knownExposureWithCovid__c,In the past 14 days have you had close c,255,picklist,Yes;No;Unknown;
Assessment__c,Abdominal_pain__c,Abdominal pain,255,picklist,Unknown;Yes;No;
Assessment__c,Additional_Comments_or_Notes__c,Additional Comments or Notes,32768,textarea,
Assessment__c,Affiliation_Organization__c,Affiliation/Organization:,50,string,
Assessment__c,Age__c,Age:,0,double,
Assessment__c,Age_units_yr_mo_day__c,Age units (yr/mo/day):,255,picklist,years;months;days;
Assessment__c,Are_They_Isolated_At_Living_Address__c,Are They Isolated At Living Address,10,string,
Assessment__c,Autoimmune_condition__c,Autoimmune condition,255,picklist,Unknown;Yes;No;
Assessment__c,CDC_2019_nCoV_ID__c,CDC 2019-nCoV ID:,20,string,
Assessment__c,Cardiovascular_disease__c,Cardiovascular disease,255,picklist,Unknown;Yes;No;
Assessment__c,Case_State_Local_ID__c,Case State/Local ID,50,string,
Assessment__c,Chest_pain__c,Chest pain,255,picklist,Unknown;Yes;No;
Assessment__c,Chills__c,Chills,255,picklist,Unknown;Yes;No;
Assessment__c,Chronic_Liver_disease__c,Chronic Liver disease,255,picklist,Unknown;Yes;No;
Assessment__c,Chronic_Lung_disease_asthma_COPD_emp__c,Chronic Lung disease (asthma/COPD/emp),255,picklist,Unknown;Yes;No;
Assessment__c,Chronic_Renal_disease__c,Chronic Renal disease,255,picklist,Unknown;Yes;No;
Assessment__c,Collected_from_check_all_that_apply__c,Collected from (check all that apply):,4099,multipicklist,
Assessment__c,Contact_ID__c,Contact ID*,50,string,
Assessment__c,Cough_new_onset_worsening_of_chronic__c,Cough (new onset/worsening of chronic),255,picklist,Unknown;Yes;No;
Assessment__c,County__c,County,255,picklist,Unknown;Carson City;Churchill;Clark;Douglas;Elko;Esmeralda;Eureka;Humboldt;Lander;Lincoln;Lyon;Mineral;Nye;Pershing;Storey;Washoe;White Pine;
Assessment__c,County_of_residence__c,County of residence,50,string,
Assessment__c,Current_smoker__c,Current smoker,255,picklist,Unknown;Yes;No;
Assessment__c,Date_of_Birth_MM_DD_YYYY__c,Date of Birth (MM/DD/YYYY),0,date,
Assessment__c,Date_of_first_positive_specimen_collect__c,Date of first positive specimen collect:,0,date,
Assessment__c,Date_of_symptom_resolution_MM_DD_YYYY__c,Date of symptom resolution (MM/DD/YYYY):,0,date,
Assessment__c,Diabetes_Mellitus__c,Diabetes Mellitus,255,picklist,Unknown;Yes;No;
Assessment__c,Diarrhea_loose_stools_24_hr_period__c,Diarrhea (>= loose stools/24 hr period),255,picklist,Unknown;Yes;No;
Assessment__c,Did_They_Isolated__c,Did They Isolated,10,string,
Assessment__c,Did_patient_die_as_result_of_illness__c,Did patient die as result of illness?,255,picklist,Unknown;Yes;No;
Assessment__c,Did_patient_have_abnormal_chest_X_ray__c,Did patient have abnormal chest X-ray?,255,picklist,"No;Yes;Unknown;N/A, no chest X-ray done;"
Assessment__c,Did_patient_have_an_abnormal_EKG__c,Did patient have an abnormal EKG?,255,picklist,"Unknown;Yes;No;N/A, no EKG done;"
Assessment__c,Did_patient_have_another_diagnosis__c,Did patient have another diagnosis?,255,picklist,Unknown;Yes;No;
Assessment__c,Did_patient_receive_ECMO__c,Did patient receive ECMO?,255,picklist,Unknown;Yes;No;
Assessment__c,Did_patient_receive_MV_intubation__c,Did patient receive MV/intubation?,255,picklist,Unknown;Yes;No;
Assessment__c,Did_the_patient_develop_pneumonia__c,Did the patient develop pneumonia?,255,picklist,Unknown;Yes;No;
Assessment__c,Did_the_patient_have_ARDS__c,Did the patient have ARDS?,255,picklist,Unknown;Yes;No;
Assessment__c,Did_the_patient_s_symptoms_resolve__c,Did the patient's symptoms resolve?,255,picklist,"No;Symptoms resolved, unknown date;Unknown if symptoms resolved;"
Assessment__c,Difficulty_breathing__c,Difficulty breathing,255,picklist,Unknown;Yes;No;
Assessment__c,Disability_see_help__c,Disability (see help ?),255,picklist,Unknown;Yes;No;
Assessment__c,Discharge_date_1__c,Hospital discharge date,0,date,
Assessment__c,Discharge_date_2__c,ICU discharge date,0,date,
Assessment__c,Does_case_have_tribal_affiliation__c,Does case have tribal affiliation?,255,picklist,No;Yes;
Assessment__c,Email__c,Email:,80,email,
Assessment__c,Enrolled_tribe_member__c,Enrolled tribe member?,255,picklist,No;Yes;
Assessment__c,Ethnicity__c,Ethnicity,255,picklist,Non-Hispanic;Hispanic;Prefer not to answer;Other;Unknown;
Assessment__c,Experiencing_diarrhea__c,Are you experiencing diarrhea?,255,picklist,Yes;No;
Assessment__c,Fatigue__c,Fatigue,255,picklist,Unknown;Yes;No;
Assessment__c,Fever_100_4F_38C__c,Fever > 100.4F (38C),255,picklist,Unknown;Yes;No;
Assessment__c,Former_smoker__c,Former smoker,255,picklist,Unknown;Yes;No;
Assessment__c,Headache__c,Headache,255,picklist,Unknown;Yes;No;
Assessment__c,Hypertension__c,Hypertension,255,picklist,Unknown;Yes;No;
Assessment__c,If_female_currently_pregnant__c,"If female, currently pregnant?",255,picklist,Unknown;Yes;No;
Assessment__c,If_hospitalized_was_a_translator_req__c,"If hospitalized, was a translator req?",255,picklist,Unknown;Yes;No;
Assessment__c,If_probable_reason_for_case_class__c,"If probable, reason for case class?",4099,multipicklist,
Assessment__c,If_symptomatic_what_was_onset_date__c,"If symptomatic, what was onset date?",0,date,
Assessment__c,If_yes_DGMQID__c,"If EpiX notification Yes, DGMQID",50,string,
Assessment__c,If_yes_admission_date_1__c,"If yes, hospitalization date",0,date,
Assessment__c,If_yes_admission_date_2__c,"If yes, ICU admission date",0,date,
Assessment__c,If_yes_date_of_death_MM_DD_YYYY__c,"If yes, date of death (MM/DD/YYYY):",0,date,
Assessment__c,If_yes_is_workplace_critical_structure__c,Is the workplace Critical Infrastructure,255,picklist,Unknown;Yes;No;
Assessment__c,If_yes_other_chronic_diseases_specify__c,"If yes other chronic diseases, specify",200,string,
Assessment__c,If_yes_part_of_an_outbreak_specify_name__c,"If yes part of an outbreak, specify name",50,string,
Assessment__c,If_yes_specify_which_language__c,"If yes, specify which language:",50,string,
Assessment__c,If_yes_to_disability_specify__c,"If yes to disability, specify",200,string,
Assessment__c,If_yes_total_days_with_MV_days__c,"If yes, total days with MV (days):",0,double,
Assessment__c,If_yes_what_is_the_nCoV_ID_s__c,"If yes, what is the nCoV ID(s)",50,string,
Assessment__c,If_yes_what_is_their_job_setting__c,"If yes, what is their job setting?",255,picklist,Unknown;Hospital;Long-term care facility;Rehabilitation facility;Nursing home/assisted living facility;Other;
Assessment__c,If_yes_what_occupation_type_of_job__c,"If yes, what occupation (type of job)?",255,picklist,Unknown;Physician;Nurse;Respiratory therapist;Environmental services;Other;
Assessment__c,Immunosuppressive_condition__c,Immunosuppressive condition,255,picklist,Unknown;Yes;No;
Assessment__c,In_public_demonstration_event_casino__c,In public demonstration/event/casino,10,string,
Assessment__c,Interviewer_First_Name__c,Interviewer First Name:,50,string,
Assessment__c,Interviewer_Last_Name__c,Interviewer Last Name:,50,string,
Assessment__c,Is_patient_a_healthcare_worker_in_US__c,Is patient a healthcare worker in US?,255,picklist,Unknown;Yes;No;
Assessment__c,Is_this_case_part_of_an_outbreak__c,Is this case part of an outbreak?,255,picklist,Unknown;Yes;No;
Assessment__c,Isolation_Address_City__c,Isolation Address City,50,string,
Assessment__c,Isolation_Address_Country__c,Isolation Address Country,25,string,
Assessment__c,Isolation_Address_State__c,Isolation Address State,50,string,
Assessment__c,Isolation_Address_Street__c,Isolation Address Street,1000,textarea,
Assessment__c,Isolation_Address_ZipCode__c,Isolation Address ZipCode,10,string,
Assessment__c,Legacy_ID__c,Legacy ID,30,string,
Assessment__c,Molecular_amplification_test_RT_PCR__c,Molecular amplification test (RT PCR),255,picklist,Not Done;Pos;Neg;Indet./Inconc.;Pend.;
Assessment__c,Muscle_aches_myalgia__c,Muscle aches (myalgia),255,picklist,Unknown;Yes;No;
Assessment__c,NNDSS_Loc_Rec_ID_Case_ID__c,NNDSS Loc. Rec. ID/Case ID,50,string,
Assessment__c,Nausea_or_vomiting__c,Nausea or vomiting,255,picklist,Unknown;Yes;No;
Assessment__c,New_offactory_and_taste_disorder_s__c,New offactory and taste disorder(s),255,picklist,Unknown;Yes;No;
Assessment__c,Other_chronic_diseases__c,Other chronic diseases,255,picklist,Unknown;Yes;No;
Assessment__c,Other_exposures_specify__c,"Other exposures, specify:",50,string,
Assessment__c,Other_job_setting_specify__c,Other job setting (specify):,50,string,
Assessment__c,Other_place_of_staying_specify__c,Other place of staying (specify):,50,string,
Assessment__c,Other_race_specify__c,"Other race, specify:",20,string,
Assessment__c,Other_symptoms__c,Other symptoms,255,picklist,Unknown;Yes;No;
Assessment__c,Other_symptoms_specify__c,"Other symptoms, specify",200,string,
Assessment__c,Other_test__c,Other test,255,picklist,Not Done;Pos;Neg;Indet./Inconc.;Pend.;
Assessment__c,Other_test_specify__c,"Other test, specify",200,string,
Assessment__c,Other_type_of_job_specify__c,Other type of job (specify):,50,string,
Assessment__c,Other_underlying_condition_risk_behavior__c,Other underlying condition/risk behavior,255,picklist,Unknown;Yes;No;
Assessment__c,Patient_First_Name__c,Patient First Name,50,string,
Assessment__c,Patient_Last_Name__c,Patient Last Name,50,string,
Assessment__c,Psychological_psychiatric_condition__c,Psychological/psychiatric condition,255,picklist,Unknown;Yes;No;
Assessment__c,Races__c,Race,4099,multipicklist,
Assessment__c,Report_date_of_case_to_CDC_MM_DD_YYYY__c,Report date of case to CDC (MM/DD/YYYY):,0,date,
Assessment__c,Reporting_Health_Department__c,Reporting Health Department,50,string,
Assessment__c,Reporting_Jurisdiction__c,Reporting Jurisdiction,50,string,
Assessment__c,Rigors__c,Rigors,255,picklist,Unknown;Yes;No;
Assessment__c,Runny_nose_rhinorrhea__c,Runny nose (rhinorrhea),255,picklist,Unknown;Yes;No;
Assessment__c,Serologic_test__c,Serologic test,255,picklist,Not Done;Pos;Neg;Indet./Inconc.;Pend.;
Assessment__c,Severe_obesity_BMI_40__c,Severe obesity (BMI >= 40),255,picklist,Unknown;Yes;No;
Assessment__c,Sex__c,Sex:,255,picklist,Unknown;Male;Female;Other;
Assessment__c,Shortness_of_breath_dyspnea__c,Shortness of breath (dyspnea),255,picklist,Unknown;Yes;No;
Assessment__c,Sore_throat__c,Sore throat,255,picklist,Unknown;Yes;No;
Assessment__c,Specify_animal__c,Specify animal:,50,string,
Assessment__c,Specify_country_s__c,Specify country(s):,50,string,
Assessment__c,Specify_other_underlying_risk_condition__c,Specify other underlying risk/condition,200,string,
Assessment__c,Specify_psychiatric_psychological__c,Specify psychiatric/psychological,200,string,
Assessment__c,Specify_state_s__c,Specify state(s):,50,string,
Assessment__c,Specify_workplace_setting__c,Specify workplace setting:,50,string,
Assessment__c,Specimen_1__c,Specimen 1,200,string,
Assessment__c,Specimen_2__c,Specimen 2),200,string,
Assessment__c,Specimen_3__c,Specimen 3),200,string,
Assessment__c,State__c,State,255,picklist,Nevada;Alabama;Alaska;Arizona;Arkansas;Connecticut;California;Colorado;Delaware;Florida;Georgia;Hawaii;Idaho;Illinois;Indiana;Iowa;Kansas;Kentucky;Louisiana;Maine;Maryland;Massachusetts;Michigan;Minnesota;Mississippi;Missouri;Montana;Nebraska;New Hampshire;New Jersey;New Mexico;New York;North Carolina;North Dakota;Ohio;Oklahoma;Oregon;Pennsylvania;Rhode Island;South Carolina;South Dakota;Tennessee;Texas;Utah;Vermont;Virginia;Washington;West Virginia;Wisconsin;Wyoming;American Samoa;Northern Mariana Islands;Federated States of Micronesia;Puerto Rico;Guam;Palau;Marshall Islands;
Assessment__c,State_of_residence__c,State of residence:,2,string,
Assessment__c,Subjective_fever_felt_feverish__c,Subjective fever (felt feverish),255,picklist,Unknown;Yes;No;
Assessment__c,Substance_abuse_or_misuse__c,Substance abuse or misuse,255,picklist,Unknown;Yes;No;
Assessment__c,Symptoms_present_during_course_of_illnes__c,Symptoms present during course of illnes,255,picklist,Unknown;Symptomatic;Asymptomatic;
Assessment__c,Telephone__c,Telephone,40,phone,
Assessment__c,Tribe_name_s__c,Tribe name(s):,50,string,
Assessment__c,Under_what_process_was_case_identified__c,Under what process was case identified?,4099,multipicklist,
Assessment__c,Underlying_medical_and_or_risk_behavior__c,Underlying medical and/or risk behavior?,255,picklist,Unknown;Yes;No;
Assessment__c,Unknown__c,Unknown,0,boolean,
Assessment__c,Unknown_death_date__c,Unknown death date,0,boolean,
Assessment__c,Unknown_symptom_onset_date__c,Unknown symptom onset date,0,boolean,
Assessment__c,Was_the_patient_admitted_to_an_ICU__c,Was the patient admitted to an ICU?,255,picklist,Unknown;Yes;No;
Assessment__c,Was_the_patient_hospitalized__c,Was the patient hospitalized?,255,picklist,Unknown;Yes;No;
Assessment__c,Was_this_person_a_U_S_case__c,Was this person a U.S. case?,4099,multipicklist,
Assessment__c,What_is_the_current_status_of_person__c,What is the current status of person?,4099,multipicklist,
Assessment__c,What_type_of_contact__c,What type of contact?,4099,multipicklist,
Assessment__c,Wheezing__c,Wheezing,255,picklist,Unknown;Yes;No;
Assessment__c,Which_patient_staying_at_illness_onset__c,Which patient staying at illness onset?,255,picklist,"Unknown;House/single family home;Apartment;Homeless shelter;Hotel/motel;Long term care facility;Outside, in a car, or other location not meant for human habitation;Nursing home/assisted living facility;Acute care impatient facility;Rehabilitation facility;Correction facility;Mobile home;Group home;"
Assessment__c,X14_days_prior_to_illness_onset_exposure__c,"14 days prior to illness onset, exposure",4099,multipicklist,
Assessment__c,Are_They_Isolated_At_Living_Address_1__c,Are They Isolated At Living Address,0,boolean,
Assessment__c,Did_They_Isolated_1__c,Did They Isolate,0,boolean,
Assessment__c,Race__c,Race,255,picklist,Asian;American Indian or Alaska Native;Black or African American;Native Hawaiian or Other Pacific Islander;White;Unknown;Other;
Exposure__c,Id,Record ID,18,id,
Exposure__c,OwnerId,Owner ID,18,reference,Group;User;
Exposure__c,IsDeleted,Deleted,0,boolean,
Exposure__c,Name,Individual Exposure Number,80,string,
Exposure__c,RecordTypeId,Record Type ID,18,reference,RecordType;
Exposure__c,CreatedDate,Created Date,0,datetime,
Exposure__c,CreatedById,Created By ID,18,reference,User;
Exposure__c,LastModifiedDate,Last Modified Date,0,datetime,
Exposure__c,LastModifiedById,Last Modified By ID,18,reference,User;
Exposure__c,SystemModstamp,System Modstamp,0,datetime,
Exposure__c,LastActivityDate,Last Activity Date,0,date,
Exposure__c,LastViewedDate,Last Viewed Date,0,datetime,
Exposure__c,LastReferencedDate,Last Referenced Date,0,datetime,
Exposure__c,Age_Group__c,Age Range,255,picklist,0-10;11-24;25-49;50-64;65+;
Exposure__c,Are_they_contact_currently_working_outsi__c,Currently working outside of home?,255,picklist,Unknown;Yes;No;
Exposure__c,Assigned_To_Me__c,Assigned To Me?,0,boolean,
Exposure__c,CallBack__c,CallBack?,255,picklist,No;Yes;
Exposure__c,Case__c,Case,18,reference,Case;
Exposure__c,City__c,City,255,string,
Exposure__c,Company_Name__c,Company Name,255,string,
Exposure__c,Company_Phone__c,Company Phone,40,phone,
Exposure__c,Contact_Name__c,Index Contact Name,18,reference,Contact;
Exposure__c,Country__c,Country,255,string,
Exposure__c,Date_of_Last_Exposure__c,Date of Last Exposure,0,date,
Exposure__c,Do_you_live_reside_with_this_individual__c,Do you live/reside with this individual?,255,picklist,Yes;No;
Exposure__c,E_mail__c,Email,80,email,
Exposure__c,Elderly_Exposure_Details__c,Elderly Exposure Details,255,textarea,
Exposure__c,Employment_Status__c,Employment Status,255,picklist,Employed;Unemployed;Student;Other;Unknown;
Exposure__c,Escalated__c,Escalated?,0,boolean,
Exposure__c,Exposed_Person_Contact__c,Exposed Person,18,reference,Contact;
Exposure__c,Exposed_Person_E_mail__c,Exposed Person E-mail,80,email,
Exposure__c,Exposed_Person_Lead__c,Exposed Person,18,reference,Lead;
Exposure__c,Exposed_Person__c,Possible Exposed Person,18,reference,Lead;
Exposure__c,Exposure_Date__c,Exposure Date,0,date,
Exposure__c,Exposure_Status__c,Exposure Status,255,picklist,Unknown;Has Symptoms;No Symptoms;
Exposure__c,Facility_Street_1__c,Facility Street 1,32768,textarea,
Exposure__c,Facility_Street_City__c,Facility Street City,255,string,
Exposure__c,Facility_Street_Country__c,Facility Street Country,255,string,
Exposure__c,Facility_Street_State__c,Facility Street State,255,string,
Exposure__c,Facility_Street_Zip__c,Facility Street Zip,255,string,
Exposure__c,First_Name__c,First Name,255,string,
Exposure__c,Have_they_traveled_within_the_past_14_da__c,Traveled outside their home city?,255,picklist,Unknown;Yes;No;
Exposure__c,Have_you_been_to_work_in_the_past_14_chk__c,Been to work?,0,boolean,
Exposure__c,Have_you_been_to_work_in_the_past_14_day__c,Have you been to work in the past 14 day,255,picklist,No;Yes;
Exposure__c,Have_you_traveled_outside_your_city_chk__c,Traveled outside your city/county?,0,boolean,
Exposure__c,Have_you_traveled_outside_your_city_coun__c,Have you traveled outside your city/coun,255,picklist,No;Yes;
Exposure__c,Have_you_visited_a_retirement_comm_chk__c,Visited a retirement community?,0,boolean,
Exposure__c,Have_you_visited_a_retirement_community__c,"Have you visited a retirement community,",255,picklist,No;Yes;
Exposure__c,If_you_are_working_outside_of_your_home__c,"If working outside, then where?",32768,textarea,
Exposure__c,Is_current_user__c,Is current user,1300,string,
Exposure__c,Is_their_job_considered_essential__c,Is their job considered essential,255,picklist,Yes;No;Unknown;
Exposure__c,Last_Name__c,Last Name,255,string,
Exposure__c,Logged_In_User_Contact__c,Logged In User Contact,0,boolean,
Exposure__c,Name_of_Facility_Home_Event__c,Name of Facility/Home/Event,255,string,
Exposure__c,Office_Details__c,Office Details,255,textarea,
Exposure__c,Other_Type_Of_Work_Other__c,Type of Other Work,32768,textarea,
Exposure__c,Phone__c,Phone,40,phone,
Exposure__c,Please_provide_details_of_where_you_have__c,Details of where you traveled,32768,textarea,
Exposure__c,Preferred_Language__c,Preferred Language,255,picklist,Unknown;English;Spanish;
Exposure__c,Reason__c,Reason,255,textarea,
Exposure__c,Relationship__c,Relationship,255,string,
Exposure__c,Require_Manual_Follow_up__c,Require Manual Follow up?,0,boolean,
Exposure__c,State_Province__c,State/Province,255,string,
Exposure__c,Street_1__c,Street 1,32768,textarea,
Exposure__c,Symptoms__c,Symptoms?,4099,multipicklist,
Exposure__c,Times_Contacted__c,Times Contacted,0,double,
Exposure__c,Travel_Locations__c,Travel Locations,255,textarea,
Exposure__c,Traveled_outside_city_county__c,Traveled outside city/county,0,boolean,
Exposure__c,TravelledoOutsideCity__c,Traveled Cities,255,string,
Exposure__c,TravelledoOutsideCountry__c,Countries Traveled,255,string,
Exposure__c,TravelledoOutsideState__c,State,255,string,
Exposure__c,What_is_their_occupation__c,What is their occupation?,255,string,
Exposure__c,What_type_of_work_do_you_do__c,What type of work do they do?,255,picklist,Health Care Worker;Other Essential Worker;Other;
Exposure__c,Work_Office_Exposure__c,Work/Office Exposure,0,boolean,
Exposure__c,Zip_Postal_Code__c,Zip/Postal Code,255,string,
Exposure__c,hasExposed_Elderly__c,Exposed Elderly,0,boolean,
Exposure__c,hasTraveled__c,Traveled outside city/county,0,boolean,
Exposure__c,has_Work_Office_Exposure__c,Work/Office Exposure,0,boolean,
Exposure__c,Date_of_Birth__c,Date of Birth,0,date,
Exposure__c,External_ID__c,External ID,80,string,
Exposure__c,Gender__c,Gender,255,picklist,Male;Female;
Exposure__c,Index_Case_DOB__c,Index Case DOB,0,date,
Exposure__c,Index_Case_First_Name__c,Index Case First Name,40,string,
Exposure__c,Index_Case_ID__c,Index Case ID,80,string,
Exposure__c,Index_Case_Last_Name__c,Index Case Last Name,80,string,
Exposure__c,Index_Event_ID__c,Index Event ID,80,string,
Exposure__c,Occupation__c,Occupation,255,string,
Exposure__c,Phone_Number_2__c,Phone Number 2,40,phone,
Exposure__c,Phone_Number_3__c,Phone Number 3,40,phone,
Exposure__c,Contact_Type__c,Contact Type,80,string,
Exposure__c,Index_Gender__c,Index Gender,255,picklist,Male;Female;
Exposure__c,Data_Source__c,Data Source,255,picklist,SNDH;State;WCHD;
Exposure__c,Ethnicity__c,Ethnicity,255,picklist,Non-Hispanic;Hispanic;Prefer not to answer;Other;Unknown;
Exposure__c,Maintain_Isolation_Until__c,Maintain Isolation Until,0,date,
Exposure__c,Race__c,Race,4099,multipicklist,
Exposure__c,Agent_Guidance_Populated__c,Agent Guidance Populated,0,boolean,
Exposure__c,Agent_Guidance__c,Agent Guidance,131072,textarea,
Exposure__c,Alert__c,Alert,1300,string,
Exposure__c,Contact_Event_ID__c,Contact Event ID,80,string,
Exposure__c,Index_Middle_Name__c,Index Middle Name,40,string,
Exposure__c,Middle_Name__c,Middle Name,40,string,
Exposure__c,Symptom_Onset_Date__c,Symptom Onset Date,0,date,
Exposure__c,Symptom_Resolution_Date__c,Symptom Resolution Date,0,date,
Exposure__c,County__c,County,255,picklist,Unknown;Carson City;Churchill;Clark;Douglas;Elko;Esmeralda;Eureka;Humboldt;Lander;Lincoln;Lyon;Mineral;Nye;Pershing;Storey;Washoe;White Pine;
Exposure__c,Last_Contacted_Time__c,Last Contacted Time,0,datetime,
Exposure__c,Reason_lsit__c,Reason,255,picklist,No Answer;Left Message;Wrong Number;Invalid Number;Individual not Available;Other;
Exposure__c,Non_Standard_SMS_Response__c,Non Standard SMS Response,0,boolean,
Exposure__c,Opt_In_To_SMS__c,Opt-In To SMS?,255,picklist,Yes;No - Opted Out Via SMS;No - Opted Out Via Call;No - Opted Out Via Duplicate Rule;
Exposure__c,SMS_Phone_Number__c,SMS Phone Number,40,phone,
Exposure__c,Call_Status__c,Call Status,255,picklist,Discussed Exposure and Quarantine;Contact Made - Refused Discussion;Contact Made - Call Back Requested;Voicemail Left;Phone Disconnected;No Answer;Other;
Exposure__c,Follow_Up_Attempts_Made_Today__c,Follow Up Attempts Made Today,0,double,
Exposure__c,Follow_Up_Successful_Attempts_Today__c,Follow Up Successful Attempts Today,0,double,
Exposure__c,Follow_Up_Unsuccessful_Attempts_Today__c,Follow Up Unsuccessful Attempts Today,0,double,
Exposure__c,Initial_Flow_Completed__c,Initial Flow Completed,255,picklist,Yes;No;
Exposure__c,Stage__c,Stage,255,picklist,Initial Contact;Symptom Check;Disease Investigator Follow Up;Resolved;Lost to Follow Up;
Exposure__c,Successive_Unsuccessful_FollowUp_Attempt__c,Successive Unsuccessful FollowUp Attempt,0,double,
Exposure__c,Total_Successful_Attempts__c,Total Successful Attempts,0,double,
Exposure__c,Total_Unsuccessful_Attempts__c,Total Unsuccessful Attempts,0,double,
Exposure__c,Age__c,Age,0,double,
Exposure__c,Successive_Unsuccessful_FollowUp_Date__c,Successive Unsuccessful FollowUp Date,0,date,
Location_Event_Exposure__c,Id,Record ID,18,id,
Location_Event_Exposure__c,OwnerId,Owner ID,18,reference,Group;User;
Location_Event_Exposure__c,IsDeleted,Deleted,0,boolean,
Location_Event_Exposure__c,Name,Location/Event Exposure Number,80,string,
Location_Event_Exposure__c,CreatedDate,Created Date,0,datetime,
Location_Event_Exposure__c,CreatedById,Created By ID,18,reference,User;
Location_Event_Exposure__c,LastModifiedDate,Last Modified Date,0,datetime,
Location_Event_Exposure__c,LastModifiedById,Last Modified By ID,18,reference,User;
Location_Event_Exposure__c,SystemModstamp,System Modstamp,0,datetime,
Location_Event_Exposure__c,LastActivityDate,Last Activity Date,0,date,
Location_Event_Exposure__c,LastViewedDate,Last Viewed Date,0,datetime,
Location_Event_Exposure__c,LastReferencedDate,Last Referenced Date,0,datetime,
Location_Event_Exposure__c,Assigned_To_Me__c,Assigned To Me?,0,boolean,
Location_Event_Exposure__c,City__c,City,255,string,
Location_Event_Exposure__c,Contact_Name__c,Contact Name,18,reference,Contact;
Location_Event_Exposure__c,Country__c,Country,255,string,
Location_Event_Exposure__c,Date_of_Exposure__c,Date of Exposure,0,date,
Location_Event_Exposure__c,Event_Location_Phone_Number__c,Event/Location Phone Number,40,phone,
Location_Event_Exposure__c,Event_Location_Point_of_Contact__c,Event/Location Point of Contact,255,string,
Location_Event_Exposure__c,Name_of_Location_Event__c,Name of Location/Event,255,string,
Location_Event_Exposure__c,Other_Location_Details__c,Other Location Details,32768,textarea,
Location_Event_Exposure__c,Other_Type__c,Other Type,255,textarea,
Location_Event_Exposure__c,State_Province__c,State/Province,255,string,
Location_Event_Exposure__c,Status__c,Status,255,picklist,New;Research In Progress;Research Complete;Unable to Contact;
Location_Event_Exposure__c,Street__c,Street,255,string,
Location_Event_Exposure__c,Type_of_Location_Event__c,Type of Location Event,255,picklist,Air Travel;Another Household;Bar;Bus / Train / Public Transportation;Casino;Casino/Activism;Church / Religious Gathering;Concert;Congregate Living Facility;Convenience Stores;Gas Stations;Grocery Store;Gym / Exercise Class;Health Facility;Homeless shelter;Library;Local Banks;Malls;Nursing Home / Assisted Living / Retirement Community;Other place with lots of people;Peaceful Displays of Civic Activism;Pool;Restaurant;Salons;School;Social Event / Party;Spent Time with Visitors from Out of State;Sporting Event;Store / Shop;Transit stations;Waterpark;Work;
Location_Event_Exposure__c,Zip_Postal_Code__c,Zip/Postal Code,255,string,
Location_Event_Exposure__c,Part_of_Public_Protest_in_past_14_days__c,Social/Public Gathering in Past 14 Days?,255,picklist,Prefer Not To Answer;Yes;No;
Location_Event_Exposure__c,Visited_Casino_in_the_Past_14_Days__c,Visited a Casino in the past 14 Days?,255,picklist,Prefer Not To Answer;Yes;No;
Location_Event_Exposure__c,Is_this_protest__c,Peaceful displays of civic activism,255,picklist,Prefer Not To Answer;Yes;No;
Location_Event_Exposure__c,Case__c,Case,18,reference,Case;
Case,Id,Case ID,18,id,
Case,IsDeleted,Deleted,0,boolean,
Case,MasterRecordId,Master Record ID,18,reference,Case;
Case,CaseNumber,Case Number,30,string,
Case,ContactId,Person Name,18,reference,Contact;
Case,AccountId,Account ID,18,reference,Account;
Case,AssetId,Asset ID,18,reference,Asset;
Case,ProductId,Product ID,18,reference,Product2;
Case,EntitlementId,Entitlement ID,18,reference,Entitlement;
Case,SourceId,Source ID,18,reference,EmailMessage;MessagingSession;SocialPost;
Case,BusinessHoursId,Business Hours ID,18,reference,BusinessHours;
Case,ParentId,Parent Case ID,18,reference,Case;
Case,SuppliedName,Name,80,string,
Case,SuppliedEmail,Email Address,80,email,
Case,SuppliedPhone,Phone,40,string,
Case,SuppliedCompany,Company,80,string,
Case,Type,Case Type,40,picklist,Problem;Feature Request;Question;Public Health;
Case,RecordTypeId,Record Type ID,18,reference,RecordType;
Case,Status,Status,40,picklist,On Hold;Escalated;Closed;New;Not-Quarantined;Assessment;Investigate;
Case,Reason,Case Reason,40,picklist,User didn't attend training;Complex functionality;Existing problem;Instructions not clear;New problem;
Case,Origin,Case Origin,40,picklist,Email;Phone;Web;Physician Portal;Community;Twitter;Facebook;Chatter;Chatter Answers;
Case,Language,Language,40,picklist,English;German;Spanish;French;Italian;Japanese;Swedish;Korean;Chinese (Traditional);Chinese (Simplified);Portuguese (Brazil);Dutch;Danish;Thai;Finnish;Russian;Spanish (Mexico);Norwegian;
Case,Subject,Subject,255,string,
Case,Priority,Priority,40,picklist,High;Medium;Low;
Case,Description,Description,32000,textarea,
Case,IsClosed,Closed,0,boolean,
Case,ClosedDate,Closed Date,0,datetime,
Case,IsEscalated,Escalated,0,boolean,
Case,OwnerId,Owner ID,18,reference,Group;User;
Case,IsClosedOnCreate,Closed When Created,0,boolean,
Case,SlaStartDate,Entitlement Process Start Time,0,datetime,
Case,SlaExitDate,Entitlement Process End Time,0,datetime,
Case,IsStopped,Stopped,0,boolean,
Case,StopStartDate,Stopped Since,0,datetime,
Case,CreatedDate,Created Date,0,datetime,
Case,CreatedById,Created By ID,18,reference,User;
Case,LastModifiedDate,Last Modified Date,0,datetime,
Case,LastModifiedById,Last Modified By ID,18,reference,User;
Case,SystemModstamp,System Modstamp,0,datetime,
Case,ContactPhone,Person Phone,40,phone,
Case,ContactMobile,Person Mobile,40,phone,
Case,ContactEmail,Person Email,80,email,
Case,ContactFax,Person Fax,40,phone,
Case,Comments,Internal Comments,4000,textarea,
Case,LastViewedDate,Last Viewed Date,0,datetime,
Case,LastReferencedDate,Last Referenced Date,0,datetime,
Case,MilestoneStatus,Milestone Status,30,string,
Case,Address__c,Address,255,string,
Case,Assigned_To_Me__c,Assigned To Me?,0,boolean,
Case,Balance_Due__c,Balance Due,0,currency,
Case,Case__c,Case,30,string,
Case,Case_assigned__c,Case assigned,0,boolean,
Case,City__c,City,140,string,
Case,Community_Contact_Match__c,Community Contact Match,0,boolean,
Case,Contagious_Begin_Date_Formula__c,Infectious Period Begin Date,0,date,
Case,Contagious_Begin_Date__c,Contagious Begin Date (Unused),0,date,
Case,Contagious_End_Date_Formula__c,Infectious Period End Date,0,date,
Case,Contagious_End_Date__c,Contagious End Date (Unused),0,date,
Case,DB_Case_Duration_Hours__c,DB Case Duration Hours,0,double,
Case,DB_Days__c,DB Days,0,double,
Case,DB_Hours__c,DB Hours,0,double,
Case,DateTime_Closed_c__c,DateTime Closed,0,datetime,
Case,DateTime_Opened_c__c,DateTime Opened,0,datetime,
Case,Diagnosis_Threshold__c,Diagnosis Threshold,0,boolean,
Case,Duration__c,Duration (hrs),0,double,
Case,Expense__c,Expense,0,currency,
Case,HierarchyID__c,HierarchyID,1300,string,
Case,Indicator__c,Indicator,1300,string,
Case,Isolation_Needs_Other__c,Isolation Needs (Other),255,textarea,
Case,Isolation_Needs__c,Isolation Needs,4099,multipicklist,
Case,Last_Contagious_Collected_Date__c,Last Contagious Collected Date,0,date,
Case,Last_Payment__c,Last Payment,0,date,
Case,Latitude__c,Latitude (Maps),0,double,
Case,Location__Latitude__s,Location (Latitude),0,double,
Case,Location__Longitude__s,Location (Longitude),0,double,
Case,Location__c,Location,0,location,
Case,Longitude_Maps__c,Longitude (Maps),0,double,
Case,MapIcon__c,MapIcon,1300,string,
Case,MarkerHTML__c,MarkerHTML,1300,string,
Case,Payment_Billing__c,Payment Billing,255,picklist,Monthly;Quarterly;Semi-Annually;Annually;
Case,Phone_Number__c,Person Phone,40,phone,
Case,Positive_Test_Date__c,Positive Test Date,0,date,
Case,Postal__c,Postal,10,string,
Case,Quarantine_Begin_Date__c,Quarantine Begin Date,0,date,
Case,Quarantine_End_Date__c,Quarantine End Date,0,date,
Case,Quarantine_Type__c,Quarantine Type,255,picklist,Directed Quarantine;Self-Quarantine;No Quarantine But Track Closely;No Quarantine;
Case,Require_Manual_Follow_up__c,Require Manual Follow up?,0,boolean,
Case,Return_to_Work_Date__c,Return to Work Date,0,date,
Case,Risk_Factors__c,Risk Factors,4099,multipicklist,
Case,Risk_Indicator__c,Risk Indicator,1300,string,
Case,Risk_Rating__c,Risk Rating,255,picklist,Low Risk;Medium Risk;High Risk;
Case,Send_Messaging__c,Send Messaging,0,boolean,
Case,Send_Report_Exposure_SMS__c,Send Report Exposure SMS,0,boolean,
Case,Source__c,Source,1300,string,
Case,State__c,State,30,string,
Case,Street__c,Street,75,string,
Case,Sub_Type__c,Sub Type,255,picklist,Damage;Faded Paint;Illegal Painting;
Case,Survey_URL__c,Survey URL,255,string,
Case,Symptom_Onset_Date__c,Symptom Onset Date,0,date,
Case,Symptoms_Resolved_Date__c,Symptoms Resolved Date,0,date,
Case,Time_Stamp__c,Time Stamp,255,string,
Case,Zip__c,Zip,140,string,
Case,external_id__c,external id,255,string,
Case,Agent_Guidance_Populated__c,Agent Guidance Populated,0,boolean,
Case,Agent_Guidance__c,Agent Guidance,131072,textarea,
Case,Alert__c,Alert,1300,string,
Case,County__c,County,1300,string,
Case,Preferred_Language__c,Preferred Language,1300,string,
Case,CaseCreated__c,CaseCreated,0,date,
Case,Case_Classification__c,Case Classification,255,picklist,Probable Case;Confirmed Case;
Case,Case_Report_Form_Count__c,Case Report Form Count,0,double,
Case,Escalation_Reason__c,Escalation Reason,255,picklist,Out of office - DI;Person refuses to talk;Person wants to escalate;Missing address/contact person;Others (Please Specify);
Case,Others_Please_Specify_Reason__c,Others (Please Specify Reason),255,textarea,
Case,Symptoms_On_set_Date_Time__c,Symptoms On set Date,0,datetime,
Case,Symptoms_Onset_Datetime_Formula__c,Symptoms Onset Datetime Formula,0,datetime,
Case,Work_in_CTT__c,Work in CTT,255,picklist,Yes;No;
Case,Admission_Date__c,Admission Date,0,date,
Case,Date_of_Death__c,Date of Death,0,date,
Case,Died__c,Died,255,picklist,Yes;No;
Case,Discharge_Description__c,Discharge Description,255,picklist,Died;Home/Self-Care;Home/Skilled Care;Left AMA;Still a patient in same facility;Transferred to other hospital;Transferred to SNF;Unknown;
Case,Health_Facility__c,Health Facility,255,string,
Case,Last_Viewed_Date_Time__c,Last Viewed Date/Time,0,datetime,
Case,Last_Viewed_User_Name__c,Last Viewed User Name,120,string,
Case,Medical_Record_Number__c,Medical Record Number,32768,textarea,
Case,Was_Patient_Hospitalized__c,Was Patient Hospitalized?,255,picklist,Yes;No;
Case,CTT_batch_processed__c,CTT batch processed,0,boolean,
Case,Investigation_Status__c,Investigation Status,255,picklist,Closed;Open;
Case,Missing_Zipcode__c,Missing Zipcode,0,boolean,
Case,Out_of_State__c,Out of State,0,boolean,
Case,Close_contact_lab_confirm_covid_case__c,Close contact lab confirm covid case,25,string,
Case,Date_First_Reported_To_Public_Health__c,Date first reported to Public Health,0,date,
Case,Date_Of_LAST_Contact__c,Date of LAST contact,0,date,
Case,Did_you_stay_at_a_casino_resort_hotel__c,Did you stay at a casino/resort/hotel?,10,string,
Case,Did_you_visit_a_casino_resort_hotel__c,Did you visit a casino/resort/hotel,10,string,
Case,Discharge_Date__c,Discharge Date,0,date,
Case,Isolation_Start_Date_Isolation_end_date__c,Isolation Start Date/ Isolation end date,0,date,
Case,LHD_Case_Status__c,LHD Case Status,50,string,
Case,Legacy_System_Investigation_status__c,Legacy System Investigation status,255,string,
Case,Other_health_conditions__c,Other health conditions,500,textarea,
Case,Public_Health_Case_ID__c,Public Health Case ID,255,string,
Case,Residence_Type__c,Residence Type,50,string,
Contact,Id,Person ID,18,id,
Contact,IsDeleted,Deleted,0,boolean,
Contact,MasterRecordId,Master Record ID,18,reference,Contact;
Contact,AccountId,Account ID,18,reference,Account;
Contact,LastName,Last Name,80,string,
Contact,FirstName,First Name,40,string,
Contact,Salutation,Salutation,40,picklist,Mr.;Ms.;Mrs.;Dr.;Prof.;
Contact,MiddleName,Middle Name,40,string,
Contact,Suffix,Suffix,40,string,
Contact,Name,Full Name,121,string,
Contact,OtherStreet,Other Street,255,textarea,
Contact,OtherCity,Other City,40,string,
Contact,OtherState,Other State/Province,80,string,
Contact,OtherPostalCode,Other Zip/Postal Code,20,string,
Contact,OtherCountry,Other Country,80,string,
Contact,OtherLatitude,Other Latitude,0,double,
Contact,OtherLongitude,Other Longitude,0,double,
Contact,OtherGeocodeAccuracy,Other Geocode Accuracy,40,picklist,Address;NearAddress;Block;Street;ExtendedZip;Zip;Neighborhood;City;County;State;Unknown;
Contact,OtherAddress,Other Address,0,address,
Contact,MailingStreet,Mailing Street,255,textarea,
Contact,MailingCity,Mailing City,40,string,
Contact,MailingState,Mailing State/Province,80,string,
Contact,MailingPostalCode,Mailing Zip/Postal Code,20,string,
Contact,MailingCountry,Mailing Country,80,string,
Contact,MailingLatitude,Mailing Latitude,0,double,
Contact,MailingLongitude,Mailing Longitude,0,double,
Contact,MailingGeocodeAccuracy,Mailing Geocode Accuracy,40,picklist,Address;NearAddress;Block;Street;ExtendedZip;Zip;Neighborhood;City;County;State;Unknown;
Contact,MailingAddress,Mailing Address,0,address,
Contact,Phone,Business Phone,40,phone,
Contact,Fax,Business Fax,40,phone,
Contact,MobilePhone,Mobile Phone,40,phone,
Contact,HomePhone,Home Phone,40,phone,
Contact,OtherPhone,Other Phone,40,phone,
Contact,AssistantPhone,Asst. Phone,40,phone,
Contact,ReportsToId,Reports To ID,18,reference,Contact;
Contact,Email,Email,80,email,
Contact,Title,Title,128,string,
Contact,Department,Department,80,string,
Contact,AssistantName,Assistant's Name,40,string,
Contact,LeadSource,Lead Source,40,picklist,Advertisement;Customer Event;Employee Referral;Google AdWords;Other;Partner;Purchased List;Trade Show;Webinar;Website;
Contact,Birthdate,Birthdate,0,date,
Contact,Description,Person Description,32000,textarea,
Contact,OwnerId,Person Owner,18,reference,User;
Contact,HasOptedOutOfEmail,Email Opt Out,0,boolean,
Contact,HasOptedOutOfFax,Fax Opt Out,0,boolean,
Contact,DoNotCall,Do Not Call,0,boolean,
Contact,CreatedDate,Created Date,0,datetime,
Contact,CreatedById,Created By ID,18,reference,User;
Contact,LastModifiedDate,Last Modified Date,0,datetime,
Contact,LastModifiedById,Last Modified By ID,18,reference,User;
Contact,SystemModstamp,System Modstamp,0,datetime,
Contact,LastActivityDate,Last Activity,0,date,
Contact,LastCURequestDate,Last Stay-in-Touch Request Date,0,datetime,
Contact,LastCUUpdateDate,Last Stay-in-Touch Save Date,0,datetime,
Contact,LastViewedDate,Last Viewed Date,0,datetime,
Contact,LastReferencedDate,Last Referenced Date,0,datetime,
Contact,EmailBouncedReason,Email Bounced Reason,255,string,
Contact,EmailBouncedDate,Email Bounced Date,0,datetime,
Contact,IsEmailBounced,Is Email Bounced,0,boolean,
Contact,PhotoUrl,Photo URL,255,url,
Contact,Jigsaw,Data.com Key,20,string,
Contact,JigsawContactId,Jigsaw Contact ID,20,string,
Contact,IndividualId,Individual ID,18,reference,Individual;
Contact,ActiveLiveAgentUser__c,ActiveLiveAgentUser,0,boolean,
Contact,Activity_Indicator__c,Activity Indicator,1300,string,
Contact,Age__c,Age,0,double,
Contact,Alternate_Phone__c,Alternate Phone,40,phone,
Contact,Are_you_living_in_a_congregate_setting__c,Are you living in a congregate setting?,255,picklist,Yes;No;
Contact,CallBack__c,CallBack?,255,picklist,No;Yes;
Contact,Covid_19_Risk_Assessment__c,Covid-19 Risk Assessment,255,picklist,High Risk;Intermediate Risk;Low Risk;
Contact,Cust360_CSAT__c,Cust360 CSAT,0,double,
Contact,Cust360_ChurnRisk__c,Risk of Churn,0,double,
Contact,Cust360_Contact_Picture_URL__c,Cust360 Contact Picture URL,255,string,
Contact,Cust360_Id__c,Cust360 Id,255,string,
Contact,Cust360_Metric1__c,Cust360 Metric 1,255,string,
Contact,Cust360_Metric2__c,Cust360 Metric 2,255,string,
Contact,Date_of_Last_Exposure__c,Date of Last Exposure,0,date,
Contact,Days_Since_Last_Activity__c,Days Since Last Activity,0,double,
Contact,Emergency_Contact_Phone_Number__c,Emergency Contact Phone Number,15,string,
Contact,Emergency_Contact_Relationship__c,Emergency Contact Relationship,255,string,
Contact,Emergency_Contact__c,Emergency Contact,255,string,
Contact,Employer__c,Employer,255,string,
Contact,Entered_By__c,Entered By,255,picklist,Self;Someone assisting;Healthcare provider;Public health official;
Contact,Ethnicity__c,Ethnicity,255,picklist,Non-Hispanic;Hispanic;Prefer not to answer;Other;Unknown;
Contact,First_Responder__c,First Responder,0,boolean,
Contact,Gender__c,Gender,255,picklist,Male;Female;Unknown;Not Applicable;Other;Ambiguous;
Contact,Guardian_if_minor__c,Guardian (if minor),255,string,
Contact,HasCOVID_19__c,Has COVID-19(Not In Use),0,boolean,
Contact,Has_COVID_19__c,Has COVID-19,0,boolean,
Contact,Infectious_Period_Begin_Date__c,Infectious Period Begin Date,0,date,
Contact,Infectious_Period_End_Date__c,Infectious Period End Date,0,date,
Contact,Is_Assistor__c,Is Assistor,0,boolean,
Contact,Last_Exposure_Collected_Date_For_Flow__c,Last Exposure Collected Date (For Flow),0,date,
Contact,Maiden_Name__c,Maiden Name,255,string,
Contact,Middle_Name__c,Middle Name,255,string,
Contact,My_Patient__c,My Patient,0,boolean,
Contact,Nickname_Alias__c,Nickname/Alias,255,string,
Contact,Occupation__c,Occupation,255,string,
Contact,Positive_Test_Date__c,Positive Test Date,0,date,
Contact,Pre_Existing_Condition_s__c,Pre-Existing Condition(s)?,4099,multipicklist,
Contact,Preferred_Language__c,Preferred Language,255,picklist,English;Spanish;
Contact,Primary_Care_Physician__c,Primary Care Physician,18,reference,Account;
Contact,Quarantined__c,Quarantined,0,boolean,
Contact,Race__c,Race,4099,multipicklist,
Contact,Send_Messaging__c,Send Messaging,0,boolean,
Contact,Send_Report_Exposure_SMS__c,Send Report Exposure SMS,0,boolean,
Contact,Suffix__c,Suffix,255,string,
Contact,Symptom_Onset_Date__c,Symptom Onset Date,0,date,
Contact,Symptoms_Resolved_Date__c,Symptoms Resolved Date,0,date,
Contact,Time_Stamp__c,Time Stamp,255,string,
Contact,External_ID__c,External ID,255,string,
Contact,Index_Case_DOB__c,Index Case DOB,0,date,
Contact,Index_Case_First_Name__c,Index Case First Name,40,string,
Contact,Index_Case_ID__c,Index Case ID,80,string,
Contact,Index_Case_Last_Name__c,Index Case Last Name,80,string,
Contact,Index_Event_ID__c,Index Event ID,80,string,
Contact,Phone_Number_2__c,Phone Number 2,40,phone,
Contact,Contact_Type__c,Contact Type,80,string,
Contact,Index_Gender__c,Index Gender,255,picklist,Male;Female;
Contact,Symptoms__c,Symptoms?,4099,multipicklist,
Contact,Data_Source__c,Data Source,255,picklist,SNDH;State;WCHD;
Contact,Event_Owner_Is_Me__c,Event_Owner_Is_Me,0,boolean,
Contact,Event_Owner__c,Event Owner,18,reference,User;
Contact,Type__c,Type,255,picklist,Event;
Contact,Maintain_isolation_until__c,Maintain isolation until,0,date,
Contact,County__c,County,255,picklist,Unknown;Carson City;Churchill;Clark;Douglas;Elko;Esmeralda;Eureka;Humboldt;Lander;Lincoln;Lyon;Mineral;Nye;Pershing;Storey;Washoe;White Pine;
Contact,City__c,City,50,string,
Contact,Is_the_workplace_Critical_Infrastructure__c,Is the workplace Critical Infrastructure,255,picklist,Unknown;Yes;No;
Contact,Professions__c,Profession,4099,multipicklist,
Contact,State__c,State,50,string,
Contact,Street__c,Street,255,string,
Contact,Zip_Code__c,Zip Code,10,string,
Contact,DOB_Number__c,DOB Number,25,string,
Contact,Out_of_City__c,Out of City,255,string,
Contact,Out_of_County__c,Out of County,255,string,
Contact,Out_of_State__c,Out of State,255,string,
Contact,Out_of_Street__c,Out of Street,255,string,
Contact,Out_of_Zipcode__c,Out of Zipcode,10,string,
Contact,DOB_Text__c,DOB_Text,1300,string,
Contact,Patient_ID_Assigner__c,Patient ID Assigner,255,string,
Contact,Patient_ID_Type__c,Patient ID Type,255,picklist,Unknown;
Contact,Patient_ID__c,Patient ID,255,string,
Contact,Profession__c,Profession,100,string,
Contact,FNLNDOB__c,FNLNDOB,1300,string,
Task,Id,Activity ID,18,id,
Task,WhoId,Name ID,18,reference,Contact;Lead;
Task,WhatId,Related To ID,18,reference,Account;Assessment__c;Asset;AssetRelationship;Business_Reopen_Certification__c;Campaign;Case;CommSubscriptionConsent;ContactRequest;Contract;ContractLineItem;Entitlement;Exposure__c;Feedback__c;ListEmail;Location_Event_Exposure__c;Opportunity;Order;PartyConsent;Product2;Quote;ServiceContract;Solution;Testing_Facility__c;Virus_Test__c;WorkOrder;WorkOrderLineItem;
Task,WhoCount,Relation Count,0,int,
Task,WhatCount,Related To Count,0,int,
Task,Subject,Subject,255,combobox,
Task,ActivityDate,Due Date Only,0,date,
Task,Status,Status,40,picklist,Open;Completed;Not Started;
Task,Priority,Priority,40,picklist,High;Normal;
Task,IsHighPriority,High Priority,0,boolean,
Task,OwnerId,Assigned To ID,18,reference,Group;User;
Task,Description,Description,32000,textarea,
Task,IsDeleted,Deleted,0,boolean,
Task,AccountId,Account ID,18,reference,Account;
Task,IsClosed,Closed,0,boolean,
Task,CreatedDate,Created Date,0,datetime,
Task,CreatedById,Created By ID,18,reference,User;
Task,LastModifiedDate,Last Modified Date,0,datetime,
Task,LastModifiedById,Last Modified By ID,18,reference,User;
Task,SystemModstamp,System Modstamp,0,datetime,
Task,IsArchived,Archived,0,boolean,
Task,CallDurationInSeconds,Call Duration,0,int,
Task,CallType,Call Type,40,picklist,Internal;Inbound;Outbound;
Task,CallDisposition,Call Result,255,string,
Task,CallObject,Call Object Identifier,255,string,
Task,ReminderDateTime,Reminder Date/Time,0,datetime,
Task,IsReminderSet,Reminder Set,0,boolean,
Task,RecurrenceActivityId,Recurrence Activity ID,18,reference,Task;
Task,IsRecurrence,Create Recurring Series of Tasks,0,boolean,
Task,RecurrenceStartDateOnly,Recurrence Start,0,date,
Task,RecurrenceEndDateOnly,Recurrence End,0,date,
Task,RecurrenceTimeZoneSidKey,Recurrence Time Zone,40,picklist,(GMT+14:00) Line Islands Time (Pacific/Kiritimati);(GMT+13:00) Phoenix Islands Time (Pacific/Enderbury);(GMT+13:00) Tonga Standard Time (Pacific/Tongatapu);(GMT+12:45) Chatham Standard Time (Pacific/Chatham);(GMT+12:00) Petropavlovsk-Kamchatski Standard Time (Asia/Kamchatka);(GMT+12:00) New Zealand Standard Time (Pacific/Auckland);(GMT+12:00) Fiji Standard Time (Pacific/Fiji);(GMT+11:00) Solomon Islands Time (Pacific/Guadalcanal);(GMT+11:00) Norfolk Island Time (Pacific/Norfolk);(GMT+10:30) Lord Howe Standard Time (Australia/Lord_Howe);(GMT+10:00) Australian Eastern Standard Time (Australia/Brisbane);(GMT+10:00) Australian Eastern Standard Time (Australia/Sydney);(GMT+09:30) Australian Central Standard Time (Australia/Adelaide);(GMT+09:30) Australian Central Standard Time (Australia/Darwin);(GMT+09:00) Korean Standard Time (Asia/Seoul);(GMT+09:00) Japan Standard Time (Asia/Tokyo);(GMT+08:00) Hong Kong Standard Time (Asia/Hong_Kong);(GMT+08:00) Malaysia Time (Asia/Kuala_Lumpur);(GMT+08:00) Philippine Standard Time (Asia/Manila);(GMT+08:00) China Standard Time (Asia/Shanghai);(GMT+08:00) Singapore Standard Time (Asia/Singapore);(GMT+08:00) Taipei Standard Time (Asia/Taipei);(GMT+08:00) Australian Western Standard Time (Australia/Perth);(GMT+07:00) Indochina Time (Asia/Bangkok);(GMT+07:00) Indochina Time (Asia/Ho_Chi_Minh);(GMT+07:00) Western Indonesia Time (Asia/Jakarta);(GMT+06:30) Myanmar Time (Asia/Rangoon);(GMT+06:00) Bangladesh Standard Time (Asia/Dhaka);(GMT+05:45) Nepal Time (Asia/Kathmandu);(GMT+05:30) India Standard Time (Asia/Colombo);(GMT+05:30) India Standard Time (Asia/Kolkata);(GMT+05:00) Pakistan Standard Time (Asia/Karachi);(GMT+05:00) Uzbekistan Standard Time (Asia/Tashkent);(GMT+05:00) Yekaterinburg Standard Time (Asia/Yekaterinburg);(GMT+04:30) Afghanistan Time (Asia/Kabul);(GMT+04:30) Iran Daylight Time (Asia/Tehran);(GMT+04:00) Azerbaijan Standard Time (Asia/Baku);(GMT+04:00) Gulf Standard Time (Asia/Dubai);(GMT+04:00) Georgia Standard Time (Asia/Tbilisi);(GMT+04:00) Armenia Standard Time (Asia/Yerevan);(GMT+03:00) East Africa Time (Africa/Nairobi);(GMT+03:00) Arabian Standard Time (Asia/Baghdad);(GMT+03:00) Eastern European Summer Time (Asia/Beirut);(GMT+03:00) Israel Daylight Time (Asia/Jerusalem);(GMT+03:00) Arabian Standard Time (Asia/Kuwait);(GMT+03:00) Arabian Standard Time (Asia/Riyadh);(GMT+03:00) Eastern European Summer Time (Europe/Athens);(GMT+03:00) Eastern European Summer Time (Europe/Bucharest);(GMT+03:00) Eastern European Summer Time (Europe/Helsinki);(GMT+03:00) Eastern European Standard Time (Europe/Istanbul);(GMT+03:00) Moscow Standard Time (Europe/Minsk);(GMT+03:00) Moscow Standard Time (Europe/Moscow);(GMT+02:00) Eastern European Standard Time (Africa/Cairo);(GMT+02:00) South Africa Standard Time (Africa/Johannesburg);(GMT+02:00) Central European Summer Time (Europe/Amsterdam);(GMT+02:00) Central European Summer Time (Europe/Berlin);(GMT+02:00) Central European Summer Time (Europe/Brussels);(GMT+02:00) Central European Summer Time (Europe/Paris);(GMT+02:00) Central European Summer Time (Europe/Prague);(GMT+02:00) Central European Summer Time (Europe/Rome);(GMT+01:00) Central European Standard Time (Africa/Algiers);(GMT+01:00) Western European Summer Time (Africa/Casablanca);(GMT+01:00) Irish Standard Time (Europe/Dublin);(GMT+01:00) Western European Summer Time (Europe/Lisbon);(GMT+01:00) British Summer Time (Europe/London);(GMT+00:00) East Greenland Summer Time (America/Scoresbysund);(GMT+00:00) Azores Summer Time (Atlantic/Azores);(GMT+00:00) Greenwich Mean Time (GMT);(GMT-01:00) Cape Verde Standard Time (Atlantic/Cape_Verde);(GMT-02:00) South Georgia Time (Atlantic/South_Georgia);(GMT-02:30) Newfoundland Daylight Time (America/St_Johns);(GMT-03:00) Argentina Standard Time (America/Argentina/Buenos_Aires);(GMT-03:00) Atlantic Daylight Time (America/Halifax);(GMT-03:00) Brasilia Standard Time (America/Sao_Paulo);(GMT-03:00) Atlantic Daylight Time (Atlantic/Bermuda);(GMT-04:00) Venezuela Time (America/Caracas);(GMT-04:00) Eastern Daylight Time (America/Indiana/Indianapolis);(GMT-04:00) Eastern Daylight Time (America/New_York);(GMT-04:00) Atlantic Standard Time (America/Puerto_Rico);(GMT-04:00) Chile Standard Time (America/Santiago);(GMT-05:00) Colombia Standard Time (America/Bogota);(GMT-05:00) Central Daylight Time (America/Chicago);(GMT-05:00) Peru Standard Time (America/Lima);(GMT-05:00) Central Daylight Time (America/Mexico_City);(GMT-05:00) Eastern Standard Time (America/Panama);(GMT-06:00) Mountain Daylight Time (America/Denver);(GMT-06:00) Central Standard Time (America/El_Salvador);(GMT-06:00) Mexican Pacific Daylight Time (America/Mazatlan);(GMT-07:00) Pacific Daylight Time (America/Los_Angeles);(GMT-07:00) Mountain Standard Time (America/Phoenix);(GMT-07:00) Pacific Daylight Time (America/Tijuana);(GMT-08:00) Alaska Daylight Time (America/Anchorage);(GMT-08:00) Pitcairn Time (Pacific/Pitcairn);(GMT-09:00) Hawaii-Aleutian Daylight Time (America/Adak);(GMT-09:00) Gambier Time (Pacific/Gambier);(GMT-09:30) Marquesas Time (Pacific/Marquesas);(GMT-10:00) Hawaii-Aleutian Standard Time (Pacific/Honolulu);(GMT-11:00) Niue Time (Pacific/Niue);(GMT-11:00) Samoa Standard Time (Pacific/Pago_Pago);
Task,RecurrenceType,Recurrence Type,40,picklist,Recurs Daily;Recurs Every Weekday;Recurs Monthly;Recurs Monthly Nth;Recurs Weekly;Recurs Yearly;Recurs Yearly Nth;
Task,RecurrenceInterval,Recurrence Interval,0,int,
Task,RecurrenceDayOfWeekMask,Recurrence Day of Week Mask,0,int,
Task,RecurrenceDayOfMonth,Recurrence Day of Month,0,int,
Task,RecurrenceInstance,Recurrence Instance,40,picklist,1st;2nd;3rd;4th;last;
Task,RecurrenceMonthOfYear,Recurrence Month of Year,40,picklist,January;February;March;April;May;June;July;August;September;October;November;December;
Task,RecurrenceRegeneratedType,Repeat This Task,40,picklist,After due date;After date completed;(Task Closed);
Task,TaskSubtype,Task Subtype,40,picklist,Task;Email;List Email;Cadence;Call;
Task,CompletedDateTime,Completed Date,0,datetime,
Task,cnx__CTIInfo__c,CTI Info,255,string,
Task,cnx__UniqueId__c,UniqueId,255,string,
Task,ANI__c,ANI,255,string,
Task,Call_Status__c,Call Status,255,picklist,Phone disconnected;Voicemail left;Contact made - Refused Discussion;Contact made - Call back requested;Contact made - Discussed exposure and quarantine;Other;
Task,Direction__c,Direction,255,string,
Task,Language_Selection__c,Language Selection,255,string,
Task,Router_Key__c,Router Key,255,string,
Task,Ticket_Number__c,Ticket Number,255,string,
Task,Date_Time__c,Date and Time,255,string,
Task,Preferred_Time__c,Preferred Time,0,time,
SMS_Log__c,Id,Record ID,18,id,
SMS_Log__c,OwnerId,Owner ID,18,reference,Group;User;
SMS_Log__c,IsDeleted,Deleted,0,boolean,
SMS_Log__c,Name,SMS Log Number,80,string,
SMS_Log__c,CreatedDate,Created Date,0,datetime,
SMS_Log__c,CreatedById,Created By ID,18,reference,User;
SMS_Log__c,LastModifiedDate,Last Modified Date,0,datetime,
SMS_Log__c,LastModifiedById,Last Modified By ID,18,reference,User;
SMS_Log__c,SystemModstamp,System Modstamp,0,datetime,
SMS_Log__c,Individual_Exposure__c,Individual Exposure,18,reference,Exposure__c;
SMS_Log__c,Message_Content__c,Message Content,255,string,
SMS_Log__c,Message_Time__c,Message Time,0,datetime,
SMS_Log__c,SMS_Received_From_Number__c,SMS Received From Number,40,phone,
SMS_Log__c,SMS_Sent_To_Number__c,SMS Sent To Number,40,phone,
SMS_Log__c,Type__c,Type,255,picklist,Sent Message To User;Received Response From User;
Virus_Test_Staging_Object__c,Id,Record ID,18,id,
Virus_Test_Staging_Object__c,OwnerId,Owner ID,18,reference,Group;User;
Virus_Test_Staging_Object__c,IsDeleted,Deleted,0,boolean,
Virus_Test_Staging_Object__c,Name,Virus Test Staging Number,80,string,
Virus_Test_Staging_Object__c,CreatedDate,Created Date,0,datetime,
Virus_Test_Staging_Object__c,CreatedById,Created By ID,18,reference,User;
Virus_Test_Staging_Object__c,LastModifiedDate,Last Modified Date,0,datetime,
Virus_Test_Staging_Object__c,LastModifiedById,Last Modified By ID,18,reference,User;
Virus_Test_Staging_Object__c,SystemModstamp,System Modstamp,0,datetime,
Virus_Test_Staging_Object__c,LastViewedDate,Last Viewed Date,0,datetime,
Virus_Test_Staging_Object__c,LastReferencedDate,Last Referenced Date,0,datetime,
Virus_Test_Staging_Object__c,Abnormal_Flag__c,Abnormal Flag,30,string,
Virus_Test_Staging_Object__c,CDC_ncov2019_ID__c,CDC ncov2019 ID,12,string,
Virus_Test_Staging_Object__c,CSV_File_Version_No__c,CSV File Version No,12,string,
Virus_Test_Staging_Object__c,Data_Source__c,Data Source,10,string,
Virus_Test_Staging_Object__c,Date_Result_Released__c,Date Result Released,0,datetime,
Virus_Test_Staging_Object__c,Draw_Location__c,Draw Location,100,string,
Virus_Test_Staging_Object__c,Employed_In_High_Risk_Setting__c,Employed In High Risk Setting,255,string,
Virus_Test_Staging_Object__c,Entered_Into_NBS__c,Entered Into NBS,50,string,
Virus_Test_Staging_Object__c,Error_Info__c,Error Info,131072,textarea,
Virus_Test_Staging_Object__c,Facility_Id_Clia__c,Facility Id Clia,30,string,
Virus_Test_Staging_Object__c,Illness_Onset_Date__c,Illness Onset Date,0,date,
Virus_Test_Staging_Object__c,Ingestion_Status__c,Ingestion Status,255,picklist,Initial;Error;Completed;Ready For Load;Duplicate Contact;
Virus_Test_Staging_Object__c,Lab_Accession_Number__c,Lab Accession Number,30,string,
Virus_Test_Staging_Object__c,Lab_City__c,Lab City,50,string,
Virus_Test_Staging_Object__c,Lab_ID_Type__c,Lab ID Type,50,string,
Virus_Test_Staging_Object__c,Lab_ID__c,Lab ID,50,string,
Virus_Test_Staging_Object__c,Lab_Name__c,Lab Name,80,string,
Virus_Test_Staging_Object__c,Lab_Record_ID__c,Lab Record ID,20,string,
Virus_Test_Staging_Object__c,Lab_Result_ID__c,Lab Result ID,100,string,
Virus_Test_Staging_Object__c,Lab_Specimen_ID__c,Lab Specimen ID,100,string,
Virus_Test_Staging_Object__c,Lab_State__c,Lab State,4,string,
Virus_Test_Staging_Object__c,Lab_Street_Address__c,Lab Street Address,100,string,
Virus_Test_Staging_Object__c,Lab_Update_Date__c,Lab Update Date,0,datetime,
Virus_Test_Staging_Object__c,Lab_Zip_Code__c,Lab Zip Code,10,string,
Virus_Test_Staging_Object__c,Molecular_Results__c,Molecular Results,100,string,
Virus_Test_Staging_Object__c,Orchard_ID__c,Orchard ID,100,string,
Virus_Test_Staging_Object__c,Order_Result_Status__c,Order Result Status,100,string,
Virus_Test_Staging_Object__c,Ordered_Test_Code_System__c,Ordered Test Code System,100,string,
Virus_Test_Staging_Object__c,Ordered_Test_Code__c,Ordered Test Code,100,string,
Virus_Test_Staging_Object__c,Ordered_Test_Description__c,Ordered Test Description,255,string,
Virus_Test_Staging_Object__c,Ordered_Test_Record_ID__c,Ordered Test Record ID,20,string,
Virus_Test_Staging_Object__c,Ordering_Entity_Name__c,Ordering Entity Name,255,string,
Virus_Test_Staging_Object__c,Ordering_Facility_City__c,Ordering Facility City,100,string,
Virus_Test_Staging_Object__c,Ordering_Facility_Name__c,Ordering Facility Name,255,string,
Virus_Test_Staging_Object__c,Ordering_Facility_Phone_Number__c,Ordering Facility Phone Number,40,phone,
Virus_Test_Staging_Object__c,Ordering_Facility_Record_ID__c,Ordering Facility Record ID,20,string,
Virus_Test_Staging_Object__c,Ordering_Facility_State__c,Ordering Facility State,100,string,
Virus_Test_Staging_Object__c,Ordering_Facility_Street__c,Ordering Facility Street,255,string,
Virus_Test_Staging_Object__c,Ordering_Facility_Zip_Code__c,Ordering Facility Zip Code,20,string,
Virus_Test_Staging_Object__c,Ordering_Provider_City__c,Ordering Provider City,100,string,
Virus_Test_Staging_Object__c,Ordering_Provider_First_Name__c,Ordering Provider First Name,40,string,
Virus_Test_Staging_Object__c,Ordering_Provider_Last_Name__c,Ordering Provider Last Name,80,string,
Virus_Test_Staging_Object__c,Ordering_Provider_State__c,Ordering Provider State,100,string,
Virus_Test_Staging_Object__c,Ordering_Provider_Street__c,Ordering Provider Street,255,string,
Virus_Test_Staging_Object__c,Ordering_Provider_Zip_Code__c,Ordering Provider Zip Code,20,string,
Virus_Test_Staging_Object__c,Outbreak_Code__c,Outbreak Code,100,string,
Virus_Test_Staging_Object__c,Patient_Address_One__c,Patient Address One,100,string,
Virus_Test_Staging_Object__c,Patient_Address_Two__c,Patient Address Two,100,string,
Virus_Test_Staging_Object__c,Patient_Age__c,Patient Age,0,double,
Virus_Test_Staging_Object__c,Patient_City__c,Patient City,100,string,
Virus_Test_Staging_Object__c,Patient_County__c,Patient County,100,string,
Virus_Test_Staging_Object__c,Patient_DOB__c,Patient DOB,0,date,
Virus_Test_Staging_Object__c,Patient_Ethnicity__c,Patient Ethnicity,255,string,
Virus_Test_Staging_Object__c,Patient_First_Name__c,Patient First Name,40,string,
Virus_Test_Staging_Object__c,Patient_Gender__c,Patient Gender,20,string,
Virus_Test_Staging_Object__c,Patient_ID_Assigner__c,Patient ID Assigner,100,string,
Virus_Test_Staging_Object__c,Patient_ID_Type__c,Patient ID Type,100,string,
Virus_Test_Staging_Object__c,Patient_ID__c,Patient ID,20,string,
Virus_Test_Staging_Object__c,Patient_Last_Name__c,Patient Last Name,80,string,
Virus_Test_Staging_Object__c,Patient_Location__c,Patient Location,255,string,
Virus_Test_Staging_Object__c,Patient_Middle_Name__c,Patient Middle Name,40,string,
Virus_Test_Staging_Object__c,Patient_Phone_Number__c,Patient Phone Number,40,phone,
Virus_Test_Staging_Object__c,Patient_Race__c,Patient Race,255,string,
Virus_Test_Staging_Object__c,Patient_Record_ID__c,Patient Record ID,20,string,
Virus_Test_Staging_Object__c,Patient_State__c,Patient State,100,string,
Virus_Test_Staging_Object__c,Patient_Zip_Code__c,Patient Zip Code,20,string,
Virus_Test_Staging_Object__c,Pregnant__c,Pregnant,50,string,
Virus_Test_Staging_Object__c,Public_Health_Case_ID__c,Public Health Case ID,100,string,
Virus_Test_Staging_Object__c,Reference_Range__c,Reference Range,100,string,
Virus_Test_Staging_Object__c,Report_Facil_Data_Source_App__c,Report Facil Data Source App,100,string,
Virus_Test_Staging_Object__c,Reporting_Facility_ID__c,Reporting Facility ID,100,string,
Virus_Test_Staging_Object__c,Reporting_Facility_Name__c,Reporting Facility Name,255,string,
Virus_Test_Staging_Object__c,Sent_To_County__c,Sent To County,50,string,
Virus_Test_Staging_Object__c,Serology_Results__c,Serology Results,100,string,
Virus_Test_Staging_Object__c,Specimen_Collection_Date_Time__c,Specimen Collection Date Time,0,datetime,
Virus_Test_Staging_Object__c,Specimen_Received_Date_Time__c,Specimen Received Date Time,0,datetime,
Virus_Test_Staging_Object__c,Specimen_Type_Code_System__c,Specimen Type Code System,100,string,
Virus_Test_Staging_Object__c,Specimen_Type_Code__c,Specimen Type Code,100,string,
Virus_Test_Staging_Object__c,Specimen_Type_Description__c,Specimen Type Description,255,string,
Virus_Test_Staging_Object__c,Specimen_Type_Free_Text__c,Specimen Type Free Text,255,string,
Virus_Test_Staging_Object__c,Specimen_Type_Record_ID__c,Specimen Type Record ID,20,string,
Virus_Test_Staging_Object__c,Submitter_Sample_ID_Assigner__c,Submitter Sample ID Assigner,100,string,
Virus_Test_Staging_Object__c,Submitter_Unique_Sample_ID__c,Submitter Unique Sample ID,100,string,
Virus_Test_Staging_Object__c,Symptomatic_For_Disease__c,Symptomatic For Disease,100,string,
Virus_Test_Staging_Object__c,Test_Date__c,Test Date,0,datetime,
Virus_Test_Staging_Object__c,Test_Method_Description__c,Test Method Description,255,string,
Virus_Test_Staging_Object__c,Test_Performed_Code_System__c,Test Performed Code System,100,string,
Virus_Test_Staging_Object__c,Test_Performed_Code__c,Test Performed Code,100,string,
Virus_Test_Staging_Object__c,Test_Performed_Description__c,Test Performed Description,255,string,
Virus_Test_Staging_Object__c,Test_Performed_Record_ID__c,Test Performed Record ID,20,string,
Virus_Test_Staging_Object__c,Test_Result_Code_System__c,Test Result Code System,100,string,
Virus_Test_Staging_Object__c,Test_Result_Coded__c,Test Result Coded,100,string,
Virus_Test_Staging_Object__c,Test_Result_Comparator__c,Test Result Comparator,255,string,
Virus_Test_Staging_Object__c,Test_Result_Description__c,Test Result Description,255,string,
Virus_Test_Staging_Object__c,Test_Result_Free_Text__c,Test Result Free Text,255,string,
Virus_Test_Staging_Object__c,Test_Result_Number2__c,Test Result Number2,100,string,
Virus_Test_Staging_Object__c,Test_Result_Number_Separator__c,Test Result Number Separator,100,string,
Virus_Test_Staging_Object__c,Test_Result_Number__c,Test Result Number,100,string,
Virus_Test_Staging_Object__c,Test_Result_Record_ID__c,Test Result Record ID,20,string,
Virus_Test_Staging_Object__c,Test_Result_Status__c,Test Result Status,100,string,
Virus_Test_Staging_Object__c,Test_Result_Units__c,Test Result Units,100,string,
Virus_Test_Staging_Object__c,Virus_Test_Record_ID__c,Virus Test Record ID,20,string,
Virus_Test_Staging_Object__c,Warning_Info__c,Warning_Info,32768,textarea,
Virus_Test_Staging_Object__c,Duplicate_Contact__c,Duplicate Contact,0,boolean,
Virus_Test_Staging_Object__c,Investigation_Status__c,Investigation Status,255,picklist,Open;Closed;
Virus_Test_Staging_Object__c,Missing_Zipcode__c,Missing Zipcode,0,boolean,
Virus_Test_Staging_Object__c,Out_of_State__c,Out of State,0,boolean,
Virus_Test_Staging_Object__c,Close_contact_lab_confirm_covid_case__c,Close contact lab confirm covid case,25,string,
Virus_Test_Staging_Object__c,Date_First_Reported_To_Public_Health__c,Date first reported to Public Health,0,date,
Virus_Test_Staging_Object__c,Date_Of_LAST_Contact__c,Date of LAST contact,0,date,
Virus_Test_Staging_Object__c,Did_you_stay_at_a_casino_resort_hotel__c,Did you stay at a casino/resort/hotel?,10,string,
Virus_Test_Staging_Object__c,Did_you_visit_a_casino_resort_hotel__c,Did you visit a casino/resort/hotel,10,string,
Virus_Test_Staging_Object__c,Discharge_Date__c,Discharge Date,0,date,
Virus_Test_Staging_Object__c,Isolation_Start_Date_Isolation_end_date__c,Isolation Start Date/ Isolation end date,0,date,
Virus_Test_Staging_Object__c,LHD_Case_Status__c,LHD Case Status,50,string,
Virus_Test_Staging_Object__c,Other_health_conditions__c,Other health conditions,500,textarea,
Virus_Test_Staging_Object__c,Residence_Type__c,Residence Type,50,string,
Virus_Test_Staging_Object__c,Alert__c,Alert,1300,string,
Virus_Test_Staging_Object__c,Is_Test_Performed_or_Result_Blank__c,Is Test Performed or Result Blank?,0,boolean,
Virus_Test_Staging_Object__c,Random_Sequence__c,Random Sequence,0,double,
Virus_Test_Staging_Object__c,Virus_Test_Ref__c,Virus Test Ref,18,reference,Virus_Test__c;
Virus_Test__c,Id,Record ID,18,id,
Virus_Test__c,OwnerId,Owner ID,18,reference,Group;User;
Virus_Test__c,IsDeleted,Deleted,0,boolean,
Virus_Test__c,Name,Virus Test Name,80,string,
Virus_Test__c,RecordTypeId,Record Type ID,18,reference,RecordType;
Virus_Test__c,CreatedDate,Created Date,0,datetime,
Virus_Test__c,CreatedById,Created By ID,18,reference,User;
Virus_Test__c,LastModifiedDate,Last Modified Date,0,datetime,
Virus_Test__c,LastModifiedById,Last Modified By ID,18,reference,User;
Virus_Test__c,SystemModstamp,System Modstamp,0,datetime,
Virus_Test__c,LastActivityDate,Last Activity Date,0,date,
Virus_Test__c,LastViewedDate,Last Viewed Date,0,datetime,
Virus_Test__c,LastReferencedDate,Last Referenced Date,0,datetime,
Virus_Test__c,Actual_Test_Date__c,Actual Test Date,0,datetime,
Virus_Test__c,Appointment_Date__c,Appointment Date,0,datetime,
Virus_Test__c,Assessment__c,Assessment,18,reference,Assessment__c;
Virus_Test__c,Case__c,Case,18,reference,Case;
Virus_Test__c,Patient__c,Patient,18,reference,Contact;
Virus_Test__c,QR_Code__c,QR Code,1300,string,
Virus_Test__c,Result_Date__c,Result Date,0,date,
Virus_Test__c,Result__c,Result,255,picklist,NEGATIVE;POSITIVE;
Virus_Test__c,Test_Type__c,Test Type,255,picklist,COVID-19;SARS;MERS;
Virus_Test__c,Testing_Facility__c,Testing Facility,18,reference,Testing_Facility__c;
Virus_Test__c,Abnormal_Flag__c,Abnormal Flag,255,picklist,F;Abnormal;Normal;Very abnormal;Above upper panic limits;
Virus_Test__c,Batch_Processed__c,Batch Processed?,0,boolean,
Virus_Test__c,CDC_ncov2019_ID__c,CDC ncov2019 ID,100,string,
Virus_Test__c,CSV_File_Version_No__c,CSV File Version No,100,string,
Virus_Test__c,Data_Source__c,Data Source,255,picklist,SNHD;CELR;PAPER;CTT;
Virus_Test__c,Date_Result_Released__c,Date Result Released,0,datetime,
Virus_Test__c,Draw_Location__c,Draw Location,100,string,
Virus_Test__c,Employed_In_High_Risk_Setting__c,Employed In High Risk Setting,255,picklist,Unknown;Yes;No;
Virus_Test__c,Entered_Into_NBS__c,Entered Into NBS,255,picklist,No;Yes;
Virus_Test__c,Illness_Onset_Date__c,Illness Onset Date,0,date,
Virus_Test__c,Lab_Accession_Number__c,Lab Accession Number,100,string,
Virus_Test__c,Lab_Facility__c,Lab Facility,18,reference,Facility__c;
Virus_Test__c,Lab_Result_ID__c,Lab Result ID,100,string,
Virus_Test__c,Lab_Specimen_ID__c,Lab Specimen ID,100,string,
Virus_Test__c,Lab_Update_Date__c,Lab Update Date,0,datetime,
Virus_Test__c,Molecular_Results__c,Molecular Results,255,picklist,positive;negative;indeterminate;not done;unknown;
Virus_Test__c,Orchard_ID__c,Orchard ID,100,string,
Virus_Test__c,Order_Result_Status__c,Order Result Status,255,picklist,Final;Corrected;
Virus_Test__c,Ordered_Test__c,Ordered Test,18,reference,Master_Testing_Data__c;
Virus_Test__c,Ordering_Entity_Name__c,Ordering Entity Name,100,string,
Virus_Test__c,Ordering_Facility__c,Ordering Facility,18,reference,Facility__c;
Virus_Test__c,Ordering_Provider_City__c,Ordering Provider City,100,string,
Virus_Test__c,Ordering_Provider_First_Name__c,Ordering Provider First Name,40,string,
Virus_Test__c,Ordering_Provider_Last_Name__c,Ordering Provider Last Name,80,string,
Virus_Test__c,Ordering_Provider_State__c,Ordering Provider State,100,string,
Virus_Test__c,Ordering_Provider_Street__c,Ordering Provider Street,255,string,
Virus_Test__c,Ordering_Provider_Zip_Code__c,Ordering Provider Zip Code,20,string,
Virus_Test__c,Outbreak_Code__c,Outbreak Code,100,string,
Virus_Test__c,Patient_ID_Assigner__c,Patient ID Assigner,100,string,
Virus_Test__c,Patient_ID_Type__c,Patient ID Type,100,string,
Virus_Test__c,Patient_ID__c,Patient ID,20,string,
Virus_Test__c,Patient_Location__c,Patient Location,255,string,
Virus_Test__c,Pregnant__c,Pregnant,255,picklist,Unknown;Yes;No;
Virus_Test__c,Public_Health_Case_ID__c,Public Health Case ID,100,string,
Virus_Test__c,Reference_Range__c,Reference Range,100,string,
Virus_Test__c,Report_Facil_Data_Source_App__c,Report Facil Data Source App,100,string,
Virus_Test__c,Reporting_Facility_ID__c,Reporting Facility ID,100,string,
Virus_Test__c,Reporting_Facility_Name__c,Reporting Facility Name,255,string,
Virus_Test__c,Sent_to_County__c,Sent to County,255,picklist,No;Yes;
Virus_Test__c,Serology_Results__c,Serology Results,255,picklist,positive;negative;indeterminate;not done;unknown;
Virus_Test__c,Specimen_Collection_Date_Time__c,Specimen Collection Date Time,0,datetime,
Virus_Test__c,Specimen_Received_Date_Time__c,Specimen Received Date Time,0,datetime,
Virus_Test__c,Specimen_Type_Free_Text__c,Specimen Type Free Text,255,string,
Virus_Test__c,Specimen_Type__c,Specimen Type,18,reference,Master_Testing_Data__c;
Virus_Test__c,Submitter_Sample_ID_Assigner__c,Submitter Sample ID Assigner,100,string,
Virus_Test__c,Submitter_Unique_Sample_ID__c,Submitter Unique Sample ID,100,string,
Virus_Test__c,Symptomatic_For_Disease__c,Symptomatic For Disease,255,picklist,Unknown;Yes;No;
Virus_Test__c,Test_Date__c,Test Date,0,datetime,
Virus_Test__c,Test_Method_Description__c,Test Method Description,255,string,
Virus_Test__c,Test_Performed__c,Test Performed,18,reference,Master_Testing_Data__c;
Virus_Test__c,Test_Result_Comparator__c,Test Result Comparator,255,string,
Virus_Test__c,Test_Result_Free_Text__c,Test Result Free Text,255,string,
Virus_Test__c,Test_Result_Number2__c,Test Result Number2,100,string,
Virus_Test__c,Test_Result_Number_Separator__c,Test Result Number Separator,100,string,
Virus_Test__c,Test_Result_Number__c,Test Result Number,100,string,
Virus_Test__c,Test_Result_Status__c,Test Result Status,255,picklist,Corrected;Final;Preliminary;
Virus_Test__c,Test_Result_Units__c,Test Result Units,100,string,
Virus_Test__c,Test_Result__c,Test Result,18,reference,Master_Testing_Data__c;
Virus_Test__c,Testing_Lab_Accession_Number__c,Testing Lab Accession Number,255,string,
Virus_Test__c,Testing_lab_specimen_ID__c,Testing Lab Specimen ID,255,string,
Virus_Test__c,Duplicate_Contact__c,Duplicate Contact,0,boolean,
Virus_Test__c,Investigation_Status__c,Investigation Status,255,picklist,Open;Closed;
Virus_Test__c,Missing_Zipcode__c,Missing Zipcode,0,boolean,
Virus_Test__c,Out_of_State__c,Out of State,0,boolean,
Virus_Test__c,Close_contact_lab_confirm_covid_case__c,Close contact lab confirm covid case,25,string,
Virus_Test__c,Date_First_Reported_To_Public_Health__c,Date first reported to Public Health,0,date,
Virus_Test__c,Date_Of_LAST_Contact__c,Date of LAST contact,0,date,
Virus_Test__c,Did_you_stay_at_a_casino_resort_hotel__c,Did you stay at a casino/resort/hotel?,10,string,
Virus_Test__c,Did_you_visit_a_casino_resort_hotel__c,Did you visit a casino/resort/hotel,10,string,
Virus_Test__c,Discharge_Date__c,Discharge Date,0,date,
Virus_Test__c,Error_Info__c,Error Info,131072,textarea,
Virus_Test__c,Isolation_Start_Date_Isolation_end_date__c,Isolation Start Date/ Isolation end date,0,date,
Virus_Test__c,LHD_Case_Status__c,LHD Case Status,50,string,
Virus_Test__c,Other_health_conditions__c,Other health conditions,500,textarea,
Virus_Test__c,Residence_Type__c,Residence Type,50,string,
Virus_Test__c,Test_Result_Formula__c,Test Result,1300,string,
Account,Id,Account ID,18,id,
Account,IsDeleted,Deleted,0,boolean,
Account,MasterRecordId,Master Record ID,18,reference,Account;
Account,Name,Account Name,255,string,
Account,Type,Account Type,40,picklist,Analyst;Competitor;Customer;Integrator;Investor;Partner;Press;Prospect;Reseller;Other;COVID Account;
Account,ParentId,Parent Account ID,18,reference,Account;
Account,BillingStreet,Billing Street,255,textarea,
Account,BillingCity,Billing City,40,string,
Account,BillingState,Billing State/Province,80,string,
Account,BillingPostalCode,Billing Zip/Postal Code,20,string,
Account,BillingCountry,Billing Country,80,string,
Account,BillingLatitude,Billing Latitude,0,double,
Account,BillingLongitude,Billing Longitude,0,double,
Account,BillingGeocodeAccuracy,Billing Geocode Accuracy,40,picklist,Address;NearAddress;Block;Street;ExtendedZip;Zip;Neighborhood;City;County;State;Unknown;
Account,BillingAddress,Billing Address,0,address,
Account,ShippingStreet,Shipping Street,255,textarea,
Account,ShippingCity,Shipping City,40,string,
Account,ShippingState,Shipping State/Province,80,string,
Account,ShippingPostalCode,Shipping Zip/Postal Code,20,string,
Account,ShippingCountry,Shipping Country,80,string,
Account,ShippingLatitude,Shipping Latitude,0,double,
Account,ShippingLongitude,Shipping Longitude,0,double,
Account,ShippingGeocodeAccuracy,Shipping Geocode Accuracy,40,picklist,Address;NearAddress;Block;Street;ExtendedZip;Zip;Neighborhood;City;County;State;Unknown;
Account,ShippingAddress,Shipping Address,0,address,
Account,Phone,Account Phone,40,phone,
Account,Fax,Account Fax,40,phone,
Account,AccountNumber,Account Number,40,string,
Account,Website,Website,255,url,
Account,PhotoUrl,Photo URL,255,url,
Account,Sic,SIC Code,20,string,
Account,Industry,Industry,40,picklist,Agriculture;Apparel;Banking;Biotechnology;Chemicals;Communications;Construction;Consulting;Education;Electronics;Energy;Engineering;Entertainment;Environmental;Finance;Food & Beverage;Government;Healthcare;Hospitality;Insurance;Machinery;Manufacturing;Media;Not For Profit;Other;Recreation;Retail;Shipping;Technology;Telecommunications;Transportation;Utilities;
Account,AnnualRevenue,Annual Revenue,0,currency,
Account,NumberOfEmployees,Employees,0,int,
Account,Ownership,Ownership,40,picklist,Public;Private;Subsidiary;Other;
Account,TickerSymbol,Ticker Symbol,20,string,
Account,Description,Account Description,32000,textarea,
Account,Rating,Account Rating,40,picklist,Hot;Warm;Cold;
Account,Site,Account Site,80,string,
Account,OwnerId,Owner ID,18,reference,User;
Account,CreatedDate,Created Date,0,datetime,
Account,CreatedById,Created By ID,18,reference,User;
Account,LastModifiedDate,Last Modified Date,0,datetime,
Account,LastModifiedById,Last Modified By ID,18,reference,User;
Account,SystemModstamp,System Modstamp,0,datetime,
Account,LastActivityDate,Last Activity,0,date,
Account,LastViewedDate,Last Viewed Date,0,datetime,
Account,LastReferencedDate,Last Referenced Date,0,datetime,
Account,IsCustomerPortal,Customer Portal Account,0,boolean,
Account,Jigsaw,Data.com Key,20,string,
Account,JigsawCompanyId,Jigsaw Company ID,20,string,
Account,AccountSource,Account Source,40,picklist,Advertisement;Customer Event;Employee Referral;Google AdWords;Other;Partner;Purchased List;Trade Show;Webinar;Website;
Account,SicDesc,SIC Description,80,string,
Account,Amount__c,Amount,0,currency,
Account,Contact_Email__c,Contact Email,80,email,
Account,HasCOVID_19__c,Has COVID-19,0,boolean,
Account,Office_Closing_Time__c,Office Closing Time,0,time,
Account,Office_Start_Time__c,Office Start Time,0,time,
Account,PersonEmail__c,Email,80,email,
Account,PersonHasOptedOutOfEmail__c,Email Opt Out,0,boolean,
Exposure__History,Id,Entity History ID,18,id,
Exposure__History,IsDeleted,Deleted,0,boolean,
Exposure__History,ParentId,Parent ID,18,reference,Exposure__c;
Exposure__History,CreatedById,Created By ID,18,reference,User;
Exposure__History,CreatedDate,Created Date,0,datetime,
Exposure__History,Field,Changed Field,255,picklist,"Agent Guidance;Agent Guidance Populated;Age Range;Been to work?;CallBack?;Call Status;Case;City;Company Name;Company Phone;Contact Event ID;Contact Type;Countries Traveled;Country;County;Created.;Currently working outside of home?;Data Source;Date of Birth;Date of Last Exposure;Details of where you traveled;Do you live/reside with this individual?;Elderly Exposure Details;Email;Employment Status;Escalated?;Ethnicity;Exposed Elderly;Exposed Person;Exposed Person;Exposed Person E-mail;Exposure Date;Exposure Status;External ID;Facility Street 1;Facility Street City;Facility Street Country;Facility Street State;Facility Street Zip;Feed event;First Name;Follow Up Attempts Made Today;Follow Up Successful Attempts Today;Follow Up Unsuccessful Attempts Today;Gender;Have you been to work in the past 14 day;Have you traveled outside your city/coun;Have you visited a retirement community,;If working outside, then where?;Index Case DOB;Index Case First Name;Index Case ID;Index Case Last Name;Index Contact Name;Index Event ID;Index Gender;Index Middle Name;Individual Exposure Number;Individual Merged;Initial Flow Completed;Is their job considered essential;Last Contacted Time;Last Name;Middle Name;Name of Facility/Home/Event;Non Standard SMS Response;Occupation;Office Details;Opt-In To SMS?;Owner;Owner (Accepted);Owner (Assignment);Phone;Phone Number 2;Phone Number 3;Possible Exposed Person;Preferred Language;Race;Reason;Reason;Record locked.;Record Type;Record unlocked.;Relationship;Require Manual Follow up?;SMS Phone Number;Stage;State;State/Province;Street 1;Successive Unsuccessful FollowUp Attempt;Successive Unsuccessful FollowUp Date;Symptom Onset Date;Symptom Resolution Date;Symptoms?;Times Contacted;Total Successful Attempts;Total Unsuccessful Attempts;Traveled Cities;Traveled outside city/county;Traveled outside city/county;Traveled outside their home city?;Traveled outside your city/county?;Travel Locations;Type of Other Work;Visited a retirement community?;What is their occupation?;What type of work do they do?;Work/Office Exposure;Work/Office Exposure;Zip/Postal Code;"
Exposure__History,OldValue,Old Value,255,anyType,
Exposure__History,NewValue,New Value,255,anyType,
Facility__c,Id,Record ID,18,id,
Facility__c,OwnerId,Owner ID,18,reference,Group;User;
Facility__c,IsDeleted,Deleted,0,boolean,
Facility__c,Name,Facilities Number,80,string,
Facility__c,RecordTypeId,Record Type ID,18,reference,RecordType;
Facility__c,CreatedDate,Created Date,0,datetime,
Facility__c,CreatedById,Created By ID,18,reference,User;
Facility__c,LastModifiedDate,Last Modified Date,0,datetime,
Facility__c,LastModifiedById,Last Modified By ID,18,reference,User;
Facility__c,SystemModstamp,System Modstamp,0,datetime,
Facility__c,LastViewedDate,Last Viewed Date,0,datetime,
Facility__c,LastReferencedDate,Last Referenced Date,0,datetime,
Facility__c,City__c,City,100,string,
Facility__c,Clia_ID__c,Clia ID,50,string,
Facility__c,Facility_Name__c,Facility Name,255,string,
Facility__c,Lab_ID_Type__c,Lab ID Type,100,string,
Facility__c,Lab_ID__c,Lab ID,100,string,
Facility__c,Phone_Number__c,Phone Number,40,phone,
Facility__c,State__c,State,100,string,
Facility__c,Street__c,Street,255,string,
Facility__c,Zip_Code__c,Zip Code,20,string,
Master_Testing_Data__c,Id,Record ID,18,id,
Master_Testing_Data__c,OwnerId,Owner ID,18,reference,Group;User;
Master_Testing_Data__c,IsDeleted,Deleted,0,boolean,
Master_Testing_Data__c,Name,Master Testing Data Number,80,string,
Master_Testing_Data__c,RecordTypeId,Record Type ID,18,reference,RecordType;
Master_Testing_Data__c,CreatedDate,Created Date,0,datetime,
Master_Testing_Data__c,CreatedById,Created By ID,18,reference,User;
Master_Testing_Data__c,LastModifiedDate,Last Modified Date,0,datetime,
Master_Testing_Data__c,LastModifiedById,Last Modified By ID,18,reference,User;
Master_Testing_Data__c,SystemModstamp,System Modstamp,0,datetime,
Master_Testing_Data__c,LastViewedDate,Last Viewed Date,0,datetime,
Master_Testing_Data__c,LastReferencedDate,Last Referenced Date,0,datetime,
Master_Testing_Data__c,Code_System__c,Code System,100,string,
Master_Testing_Data__c,Code__c,Code,100,string,
Master_Testing_Data__c,Description__c,Description,255,string,
Master_Testing_Data__c,Test_Component__c,Test Component,255,picklist,Unknown;PCR;IgG;IgG+IgM;IgM;Total Ab;IgA;
Master_Testing_Data__c,Test_Type__c,Test Type,255,picklist,Molecular;Serology;Unknown;
Master_Testing_Data__c,Unique_Code__c,Unique Code,50,string,
