Output,Function,Input,Parameters
cdc_ncov2019_id,Noop,Assessment__c.CDC_2019_nCoV_ID__c,
state,Noop,Assessment__c.Reporting_Jurisdiction__c,
local_id,Noop,Assessment__c.Case_State_Local_ID__c,
healthdept,Noop,Assessment__c.Reporting_Health_Department__c,
nndss_id,Noop,Assessment__c.NNDSS_Loc_Rec_ID_Case_ID__c,
contact_id,Noop,Assessment__c.Contact_ID__c,
interviewer_ln,Noop,Assessment__c.Interviewer_Last_Name__c,
interviewer_fn,Noop,Assessment__c.Interviewer_First_Name__c,
interviewer_org,Noop,Assessment__c.Affiliation_Organization__c,
interviewer_tele,Noop,Assessment__c.Telephone__c,
interviewer_email,Noop,Assessment__c.Email__c,
current_status,ConvertValue,Assessment__c.What_is_the_current_status_of_person__c,"[[""Lab-confirmed case"",5],[""Probable case"",6]]"
pui_cdcreport_dt,,,
case_cdcreport_dt,FormatDate_mm_dd_yyyy,Assessment__c.Report_date_of_case_to_CDC_MM_DD_YYYY__c,mm/dd/yyyy
res_county,Noop,Assessment__c.County_of_residence__c,
res_state,Noop,Assessment__c.State_of_residence__c,
ethnicity,ConvertValue,Assessment__c.Ethnicity__c,"[[""Non-Hispanic"",0],[""Hispanic"",1],[""Prefer not to Answer"",9],[""Other"",9]]"
sex,ConvertValue,Assessment__c.Sex__c,"[[""Male"",1],[""Female"",2],[""Other"",3], [""Unknown"",9]]"
race_asian,ConvertSelection,Assessment__c.Races__c,"[[""Asian"",1]]"
race_aian,ConvertSelection,Assessment__c.Races__c,"[[""American Indian or Alaska Native"",1]]"
race_black,ConvertSelection,Assessment__c.Races__c,"[[""Black or African American"",1]]"
race_nhpi,ConvertSelection,Assessment__c.Races__c,"[[""Native Hawaiian or Other Pacific Islander"",1]]"
race_white,ConvertSelection,Assessment__c.Races__c,"[[""White"",1]]"
race_unk,ConvertSelection,Assessment__c.Races__c,"[["""",1]]"
race_other,ConvertSelection,Assessment__c.Races__c,"[[""Other"",1]]"
race_spec,,,
dob,FormatDate_mm_dd_yyyy,Assessment__c.Date_of_Birth_MM_DD_YYYY__c,mm/dd/yyyy
age,Noop,Assessment__c.Age__c,
ageunit,ConvertSelection,Assessment__c.Age_units_yr_mo_day__c,"[[""years"",1],[""months"",2],[""days"",3]]"
pos_spec_dt,FormatDate_mm_dd_yyyy,Assessment__c.Date_of_first_positive_specimen_collect__c,mm/dd/yyyy
pos_spec_unk,ConvertValue,Assessment__c.Unknown__c,"[[""Checked"",1]]"
pos_spec_na,,,
pna_yn,ConvertValue,Assessment__c.Did_the_patient_develop_pneumonia__c,"[[""Yes"",1],[""No"",0],[""Unknown"",9]]"
acuterespdistress_yn,ConvertValue,Assessment__c.Did_the_patient_have_ARDS__c,"[[""Yes"",1],[""No"",0],[""Unknown"",9]]"
diagother,ConvertValue,Assessment__c.Did_patient_have_another_diagnosis__c,"[[""Yes"",1],[""No"",0],[""Unknown"",9]]"
abxchest_yn,ConvertValue,Assessment__c.Did_patient_have_abnormal_chest_X_ray__c,"[[""Yes"",1],[""No"",0],,[""N/A, no chest X-ray done"",5],[""Unknown"",9]]"
sympstatus,ConvertValue,Assessment__c.Symptoms_present_during_course_of_illnes__c,"[[""Symptomatic"",1],[""Asymptomatic"",0], [""Unkown"",9]]"
onset_dt,FormatDate_mm_dd_yyyy,Assessment__c.If_symptomatic_what_was_onset_date__c,mm/dd/yyyy
onset_unk,ConvertValue,Assessment__c.Unknown_symptom_onset_date__c,"[[""Checked"",1]]"
symp_res_dt,FormatDate_mm_dd_yyyy,Assessment__c.Date_of_symptom_resolution_MM_DD_YYYY__c,mm/dd/yyyy
symp_res_yn,ConvertValue,Assessment__c.Did_the_patient_s_symptoms_resolve__c,"[[""No"",1],["" Symptoms resolved, unknown date"",0], [""Unkown"",9]]"
hosp_yn,ConvertValue,Assessment__c.Was_the_patient_hospitalized__c,"[[""Yes"",1],[""No"",0],[""Unknown"",9]]"
adm1_dt,FormatDate_mm_dd_yyyy,Assessment__c.If_yes_admission_date_1__c,mm/dd/yyyy
dis1_dt,FormatDate_mm_dd_yyyy,Assessment__c.Discharge_date_1__c,mm/dd/yyyy
icu_yn,ConvertValue,Assessment__c.Was_the_patient_admitted_to_an_ICU__c,"[[""Yes"",1],[""No"",0],[""Unknown"",9]]"
mechvent_yn,ConvertValue,Assessment__c.Did_patient_receive_MV_intubation__c,"[[""Yes"",1],[""No"",0],[""Unknown"",9]]"
mechvent_dur,Noop,Assessment__c.If_yes_total_days_with_MV_days__c,
ecmo_yn,ConvertValue,Assessment__c.Did_patient_receive_ECMO__c,"[[""Yes"",1],[""No"",0],[""Unknown"",9]]"
death_yn,ConvertValue,Assessment__c.Did_patient_die_as_result_of_illness__c,"[[""Yes"",1],[""No"",0],[""Unknown"",9]]"
death_dt,FormatDate_mm_dd_yyyy,Assessment__c.If_yes_date_of_death_MM_DD_YYYY__c,mm/dd/yyyy
death_unk,ConvertValue,Assessment__c.Unknown_death_date__c,"[[""Checked"",1]]"
hc_work_yn,ConvertValue,Assessment__c.Is_patient_a_healthcare_worker_in_US__c,"[[""Yes"",1],[""No"",0],[""Unknown"",9]]"
hc_work_china_yn,,,
exp_wuhan,,,
exp_hubei,,,
exp_china,,,
exp_othcountry,ConvertValue,Assessment__c.X14_days_prior_to_illness_onset_exposure__c,"[[""International Travel"",1]]"
exp_othcountry_spec,Noop,Assessment__c.Specify_country_s__c,
exp_house,ConvertValue,Assessment__c.What_type_of_contact__c,"[[""Household contact"",1]]"
exp_community,ConvertValue,Assessment__c.What_type_of_contact__c,"[[""Community-associated contact"",1]]"
exp_health,ConvertValue,Assessment__c.What_type_of_contact__c,"[[""Healthcare-associated contact (patient, visitor, or healthcare worker)"",1]]"
exp_health_pt,,,
exp_health_vis,,,
exp_health_hcw,,,
exp_animal,ConvertSelection,Assessment__c.X14_days_prior_to_illness_onset_exposure__c,"[[""Animal with confirmed or suspected COVID-19"",1]]"
exp_cluster,,,
exp_other,ConvertSelection,Assessment__c.X14_days_prior_to_illness_onset_exposure__c,"[[""Other exposures"",1]]"
exp_other_spec,Noop,Assessment__c.Other_exposures_specify__c,
exp_unk,ConvertSelection,Assessment__c.X14_days_prior_to_illness_onset_exposure__c,"[[""Unknown exposures in the 14 days prior to illness onset"",1]]"
cont_lab_us,Noop,Assessment__c.Was_this_person_a_U_S_case__c,
cdc_ncov2019_sourceid_2,Noop,Assessment__c.CDC_2019_nCoV_ID__c,
process_pui,ConvertSelection,Assessment__c.Under_what_process_was_case_identified__c,"[[""Clinical evaluation"",1]]"
process_cont,ConvertSelection,Assessment__c.Under_what_process_was_case_identified__c,"[[""Contact tracing of case patient"",1]]"
process_surv,ConvertSelection,Assessment__c.Under_what_process_was_case_identified__c,"[[""Routine surveillance"",1]]"
process_epix,ConvertSelection,Assessment__c.Under_what_process_was_case_identified__c,"[[""EpiX notification of travelers"",1]]"
process_dgmqid,Noop,Assessment__c.If_yes_DGMQID__c,
process_unk,ConvertSelection,Assessment__c.Under_what_process_was_case_identified__c,"[[""Unknown"",1]]"
process_other,ConvertSelection,Assessment__c.Under_what_process_was_case_identified__c,"[[""Other"",1]]"
process_other_spec,ConvertSelection,Assessment__c.Under_what_process_was_case_identified__c,"[[""Other, specify"",1]]"
collect_ptinterview,ConvertSelection,Assessment__c.Collected_from_check_all_that_apply__c,"[[""Patient interview"",1]]"
collect_medchart,ConvertSelection,Assessment__c.Collected_from_check_all_that_apply__c,"[[""Medical record review"",1]]"
fever_yn,ConvertValue,Assessment__c.Fever_100_4F_38C__c,"[[""Yes"",1],[""No"",0],[""Unknown"",9]]"
sfever_yn,ConvertValue,Assessment__c.Subjective_fever_felt_feverish__c,"[[""Yes"",1],[""No"",0],[""Unknown"",9]]"
chills_yn,ConvertValue,Assessment__c.Chills__c,"[[""Yes"",1],[""No"",0],[""Unknown"",9]]"
myalgia_yn,ConvertValue,Assessment__c.Muscle_aches_myalgia__c,"[[""Yes"",1],[""No"",0],[""Unknown"",9]]"
runnose_yn,ConvertValue,Assessment__c.Runny_nose_rhinorrhea__c,"[[""Yes"",1],[""No"",0],[""Unknown"",9]]"
sthroat_yn,ConvertValue,Assessment__c.Sore_throat__c,"[[""Yes"",1],[""No"",0],[""Unknown"",9]]"
cough_yn,ConvertValue,Assessment__c.Cough_new_onset_worsening_of_chronic__c,"[[""Yes"",1],[""No"",0],[""Unknown"",9]]"
sob_yn,ConvertValue,Assessment__c.Shortness_of_breath_dyspnea__c,"[[""Yes"",1],[""No"",0],[""Unknown"",9]]"
nauseavomit_yn,ConvertValue,Assessment__c.Nausea_or_vomiting__c,"[[""Yes"",1],[""No"",0],[""Unknown"",9]]"
headache_yn,ConvertValue,Assessment__c.Headache__c,"[[""Yes"",1],[""No"",0],[""Unknown"",9]]"
abdom_yn,ConvertValue,Assessment__c.Abdominal_pain__c,"[[""Yes"",1],[""No"",0],[""Unknown"",9]]"
diarrhea_yn,ConvertValue,Assessment__c.Diarrhea_loose_stools_24_hr_period__c,"[[""Yes"",1],[""No"",0],[""Unknown"",9]]"
othsym1_yn,ConvertValue,Assessment__c.Other_symptoms__c,"[[""Yes"",1],[""No"",0],[""Unknown"",9]]"
othsym1_spec1,Noop,Assessment__c.Other_symptoms_specify__c,
othsym2_yn,,,
othsym2_spec,,,
othsym3_yn,,,
othsym3_spec,,,
medcond_yn,ConvertValue,Assessment__c.Underlying_medical_and_or_risk_behavior__c,"[[""Yes"",1],[""No"",0],[""Unknown"",9]]"
cld_yn,ConvertValue,Assessment__c.Chronic_Lung_disease_asthma_COPD_emp__c,"[[""Yes"",1],[""No"",0],[""Unknown"",9]]"
diabetes_yn,ConvertValue,Assessment__c.Diabetes_Mellitus__c,"[[""Yes"",1],[""No"",0],[""Unknown"",9]]"
cvd_yn,ConvertValue,Assessment__c.Cardiovascular_disease__c,"[[""Yes"",1],[""No"",0],[""Unknown"",9]]"
renaldis_yn,ConvertValue,Assessment__c.Chronic_Renal_disease__c,"[[""Yes"",1],[""No"",0],[""Unknown"",9]]"
liverdis_yn,ConvertValue,Assessment__c.Chronic_Liver_disease__c,"[[""Yes"",1],[""No"",0],[""Unknown"",9]]"
immsupp_yn,ConvertValue,Assessment__c.Immunosuppressive_condition__c,"[[""Yes"",1],[""No"",0],[""Unknown"",9]]"
neuro_yn,ConvertValue,Assessment__c.Disability_see_help__c,"[[""Yes"",1],[""No"",0],[""Unknown"",9]]"
neuro_spec,Noop,Assessment__c.If_yes_to_disability_specify__c,
otherdis_yn,ConvertValue,Assessment__c.Other_chronic_diseases__c,"[[""Yes"",1],[""No"",0],[""Unknown"",9]]"
otherdis_spec,Noop,Assessment__c.If_yes_other_chronic_diseases_specify__c,
pregnant_yn,ConvertValue,Assessment__c.If_female_currently_pregnant__c,"[[""Yes"",1],[""No"",0],[""Unknown"",9]]"
smoke_curr_yn,ConvertValue,Assessment__c.Current_smoker__c,"[[""Yes"",1],[""No"",0],[""Unknown"",9]]"
smoke_former_yn,ConvertValue,Assessment__c.Former_smoker__c,"[[""Yes"",1],[""No"",0],[""Unknown"",9]]"
resp_flua_ag,,,
resp_flub_ag,,,
resp_flua_pcr,,,
resp_flub_pcr,,,
resp_rsv,,,
resp_hm,,,
resp_pi,,,
resp_adv,,,
resp_rhino,,,
resp_cov,,,
resp_mp,,,
resp_rcp,,,
othrp,,,
othrp_spec,,,
spec_npswab1id,,,
spec_npswab1_dt,,,
spec_npswab1cdc,,,
spec_npswab1state,,,
spec_npswab2id,,,
spec_npswab2_dt,,,
spec_npswab2cdc,,,
spec_npswab2state,,,
spec_npswab3id,,,
spec_npswab3_dt,,,
spec_npswab3cdc,,,
spec_npswab3state,,,
spec_opswab1id,,,
spec_opswab1_dt,,,
spec_opswab1cdc,,,
spec_opswab1state,,,
spec_opswab2id,,,
spec_opswab2_dt,,,
spec_opswab2cdc,,,
spec_opswab2state,,,
spec_opswab3id,,,
spec_opswab3_dt,,,
spec_opswab3cdc,,,
spec_opswab3state,,,
spec_sputum1id,,,
spec_sputum1_dt,,,
spec_sputum1cdc,,,
spec_sputum1state,,,
spec_sputum2id,,,
spec_sputum2_dt,,,
spec_sputum2cdc,,,
spec_sputum2state,,,
spec_sputum3id,,,
spec_sputum3_dt,,,
spec_sputum3cdc,,,
spec_sputum3state,,,
spec_otherspecimen1_yn,,,
spec_otherspecimen1_spec,,,
spec_otherspecimen1id,Noop,Assessment__c.Specimen_1__c,
spec_otherspecimen1_dt,,,
spec_otherspecimen1cdc,,,
spec_otherspecimen1state,,,
spec_otherspecimen2_yn,,,
spec_otherspecimen2_spec,,,
spec_otherspecimen2id,Noop,Assessment__c.Specimen_2__c,
spec_otherspecimen2_dt,,,
spec_otherspecimen2cdc,,,
spec_otherspecimen2state,,,
spec_otherspecimen3_yn,,,
spec_otherspecimen3_spec,,,
spec_otherspecimen3id,Noop,Assessment__c.Specimen_3__c,
spec_otherspecimen3_dt,,,
spec_otherspecimen3cdc,,,
spec_otherspecimen3state,,,
lab_local_id1,,,
final_notes,Noop,Assessment__c.Additional_Comments_or_Notes__c,
spec_npswab1Stateresult,,,
spec_npswab1CDCresult,,,
spec_npswab2Stateresult,,,
spec_npswab2CDCresult,,,
spec_npswab3Stateresult,,,
spec_npswab3CDCresult,,,
spec_opswab1Stateresult,,,
spec_opswab1CDCresult,,,
spec_opswab2Stateresult,,,
spec_opswab2CDCresult,,,
spec_opswab3Stateresult,,,
spec_opswab3CDCresult,,,
spec_sputum1Stateresult,,,
spec_sputum1CDCresult,,,
spec_sputum2Stateresult,,,
spec_sputum2CDCresult,,,
spec_sputum3Stateresult,,,
spec_sputum3CDCresult,,,
spec_otherspecimen1Stateresult,,,
spec_otherspecimen1CDCresult,,,
spec_otherspecimen2Stateresult,,,
spec_otherspecimen2CDCresult,,,
spec_otherspecimen3Stateresult,,,
spec_otherspecimen3CDCresult,,,
probable,ConvertSelection,Assessment__c.If_probable_reason_for_case_class__c,"[[""Meets clinical criteria AND epidemiologic evidence with no confirmatory lab testing"",1],[""Meets presumptive lab evidence AND either clinical OR epidemiologic evidence"",2],[""Meets vital records criteria with no confirmatory lab testing"",3]]"
translator_yn,ConvertValue,Assessment__c.If_hospitalized_was_a_translator_req__c,"[[""Yes"",1],[""No"",0],[""Unknown"",9]]"
translator_spec,Noop,Assessment__c.If_yes_specify_which_language__c,
icu_adm1_dt,Noop,Assessment__c.If_yes_admission_date_2__c,
icu_dis1_dt,Noop,Assessment__c.Discharge_date_2__c,
tribe,ConvertValue,Assessment__c.Does_case_have_tribal_affiliation__c,"[[""Yes"",1],[""No"",0],[""Unknown"",9]]"
tribe_name,Noop,Assessment__c.Tribe_name_s__c,
tribe_member,ConvertValue,Assessment__c.Enrolled_tribe_member__c,"[[""Yes"",1],[""No"",0],[""Unknown"",9]]"
housing,ConvertValue,Assessment__c.Which_patient_staying_at_illness_onset__c,"[[""House/single familiy home"",1],[""Apartment"",2],[""Hotel/motel"",3],[""Long term care facility"",4],[""Nursing home/assisted living living facility"",5],[""Acute care impatient facility"",6],[""Rehabilitation facility"",7],[""Correctional facility"",8],[""Mobile home"",9],[""Group home"",10],[""Homeless shelter"",11],[""Outside, in a car, or other location not meant for human habitation "",12],[""Unkown"",14]]"
housing_spec,Noop,Assessment__c.Other_place_of_staying_specify__c,
hc_job,ConvertValue,Assessment__c.If_yes_what_occupation_type_of_job__c,"[[""Physician"",1],[""Nurse"",2],[""Respiratory therapist"",3],[""Environmental services"",4],[""Other"",5],[""Unknown"",9]]"
hc_job_spec,Noop,Assessment__c.Other_type_of_job_specify__c,
hc_setting,ConvertValue,Assessment__c.If_yes_what_is_their_job_setting__c,"[[""Hospital"",1],[""Long-term care facility"",2],[""Rehabilitation facility"",3],[""Nursing home/assisted living facility"",4],[""Other"",5],[""Unknown"",9]]"
hc_setting_spec,Noop,Assessment__c.Other_job_setting_specify__c,
exp_othstate,ConvertValue,Assessment__c.X14_days_prior_to_illness_onset_exposure__c,"[[""Domestic travel (outside state of normal residency)"",1]]"
exp_othstate_spec,Noop,Assessment__c.Specify_state_s__c,
exp_ship,ConvertValue,Assessment__c.X14_days_prior_to_illness_onset_exposure__c,"[[""Cruise ship or vessel as passenger or crew member"",1]]"
exp_ship_spec,Noop,Assessment__c.,
exp_work,ConvertValue,Assessment__c.X14_days_prior_to_illness_onset_exposure__c,"[[""Workplace"",1]]"
exp_work_critical,ConvertValue,Assessment__c.If_yes_is_workplace_critical_structure__c,"[[""Yes"",1],[""No"",0],[""Unknown"",9]]"
exp_work_critical_spec,Noop,Assessment__c.Specify_workplace_setting__c,
exp_airport,ConvertValue,Assessment__c.X14_days_prior_to_illness_onset_exposure__c,"[[""Airport/airplane"",1]]"
exp_adultfacility,ConvertValue,Assessment__c.X14_days_prior_to_illness_onset_exposure__c,"[[""Adult congregate living facility (nursing, assisted living, or long-term care facility)"",1]]"
exp_school,ConvertValue,Assessment__c.X14_days_prior_to_illness_onset_exposure__c,"[[""School/university/childcare center"",1]]"
exp_correctional,ConvertValue,Assessment__c.X14_days_prior_to_illness_onset_exposure__c,"[[""Correction facility"",1]]"
exp_gathering,ConvertValue,Assessment__c.X14_days_prior_to_illness_onset_exposure__c,"[[""Community event/mass gathering"",1]]"
exp_animal_spec,Noop,Assessment__c.Specify_animal__c,
exp_contact,ConvertValue,Assessment__c.CaseContact__c,"[[""Yes"",1]]"
cdc_ncov2019_sourceid_3,Noop,Assessment__c.If_yes_what_is_the_nCoV_ID_s__c,
cdc_ncov2019_sourceid_4,Noop,Assessment__c.If_yes_what_is_the_nCoV_ID_s__c,
outbreak_associated,ConvertValue,Assessment__c.Is_this_case_part_of_an_outbreak__c,"[[""Yes"",1],[""No"",0],[""Unknown"",9]]"
outbreak_name,Noop,"Assessment__c.f_yes_part_of_an_outbreak_specify_name__c	",
abxekg_yn,ConvertValue,Assessment__c.Did_patient_have_an_abnormal_EKG__c,"[[""Yes"",1],[""No"",0],[""Unknown"",9]]"
rigors_yn,ConvertValue,Assessment__c.Rigors__c,"[[""Yes"",1],[""No"",0],[""Unknown"",9]]"
taste_yn,ConvertValue,Assessment__c.New_offactory_and_taste_disorder_s__c,"[[""Yes"",1],[""No"",0],[""Unknown"",9]]"
fatigue_yn,ConvertValue,Assessment__c.Fatigue__c,"[[""Yes"",1],[""No"",0],[""Unknown"",9]]"
wheezing_yn,ConvertValue,Assessment__c.Wheezing__c,"[[""Yes"",1],[""No"",0],[""Unknown"",9]]"
breathing_yn,ConvertValue,Assessment__c.Difficulty_breathing__c,"[[""Yes"",1],[""No"",0],[""Unknown"",9]]"
chestpain_yn,ConvertValue,Assessment__c.Chest_pain__c,"[[""Yes"",1],[""No"",0],[""Unknown"",9]]"
othsym1_spec2,Noop,Assessment__c.Any_other_Symptoms__c,
othsym1_spec3,Noop,Assessment__c.Other_symptoms_specify__c,
hypertension_yn,ConvertValue,Assessment__c.Hypertension__c,"[[""Yes"",1],[""No"",0],[""Unknown"",9]]"
obesity_yn,ConvertValue,Assessment__c.Severe_obesity_BMI_40__c,"[[""Yes"",1],[""No"",0],[""Unknown"",9]]"
othercond_yn,ConvertValue,Assessment__c.Other_underlying_condition_risk_behavior__c,"[[""Yes"",1],[""No"",0],[""Unknown"",9]]"
othercond_spec,Noop,Assessment__c.Specify_other_underlying_risk_condition__c,
autoimm_yn,ConvertValue,Assessment__c.Autoimmune_condition__c,"[[""Yes"",1],[""No"",0],[""Unknown"",9]]"
substance_yn,ConvertValue,Assessment__c.Substance_abuse_or_misuse__c,"[[""Yes"",1],[""No"",0],[""Unknown"",9]]"
psych_yn,ConvertValue,Assessment__c.Psychological_psychiatric_condition__c,"[[""Yes"",1],[""No"",0],[""Unknown"",9]]"
psych_spec,Noop,Assessment__c.Specify_psychiatric_psychological__c,
test_PCR,ConvertValue,Assessment__c.Molecular_amplification_test_RT_PCR__c,"[[""Pos"",1],[""Neg"",2],[""Indet/Inconc."",3],[""Pend."",4],[""Not Done"",5]]"
test_serologic,ConvertValue,Assessment__c.Serologic_test__c,"[[""Pos"",1],[""Neg"",2],[""Indet/Inconc."",3],[""Pend."",4],[""Not Done"",5]]"
test_other,ConvertValue,Assessment__c.Other_test__c,"[[""Pos"",1],[""Neg"",2],[""Indet/Inconc."",3],[""Pend."",4],[""Not Done"",5]]"
test_other_spec,Noop,Assessment__c.Other_test_specify__c,
