Paperlab Field,CTT Field,Comment
Appr Date,Specimen_Collection_Date_Time__c,Can these be combined together with the Format:YYYY-MM-DDThh:mm:ssZ
Appr Time,,
Testing Location,Lab_Name__c,
Sample ID,Lab_Specimen_ID__c,
Patient First Name,Patient_First_Name__c,
Patient Last Name,Patient_Last_Name__c,
Draw Location,Draw_Location__c,
Sample Type,Specimen_Type_Code__c,
Test,Test_Performed_Code__c,
Reported As,Test_Result_Coded__c,
Molecular results,Molecular_Results__c,
Serology results,Serology_Results__c,
Sex,Patient_Gender__c,
DOB,Patient_DOB__c,
Outbreak Code,Patient_Age__c,
Orchard ID,Outbreak_Code__c,
County,Patient_County__c,
Sent to County,Sent_To_County__c,
Entered Into NBS,Entered_Into_NBS__c,
