Output,Function,Input,Parameters
Specimen_Collection_Date_Time__c,Concat,,"[""Appr Date"",""Appr Time""]"
Lab_Name__c,Noop,Testing Location,
Lab_Specimen_ID__c,Noop,Sample ID,
Patient_First_Name__c,Noop,Patient First Name,
Patient_Last_Name__c,Noop,Patient Last Name,
Draw_Location__c,Noop,Draw Location,
Specimen_Type_Code__c,Noop,Sample Type,
Test_Performed_Code__c,Noop,Test,
Test_Result_Coded__c,Noop,Reported As,
Molecular_Results__c,Noop,Molecular results,
Serology_Results__c,Noop,Serology results,
Patient_Gender__c,Noop,Sex,
Patient_DOB__c,Noop,DOB,
Outbreak_Code__c,Noop,Outbreak Code,
Orchard_ID__c,Noop,Orchard ID,
Patient_County__c,Noop,County,
Sent_To_County__c,Noop,Sent to County,
Entered_Into_NBS__c,Noop,Entered Into NBS,
Ingestion_Status__c,Const,Initial,
Data_Source__c,Const,PAPER,
