Output,Function,Input,Parameters
Index_Event_ID__c,Noop,index_event_id,
Index_Case_First_Name__c,Noop,index_first_name,
Index_Case_Last_Name__c,Noop,index_last_name,
Index_Case_DOB__c,Noop,index_birth_date,
Index_Gender__c,Noop,index_gender,
First_Name__c,Noop,first_name,
Last_Name__c,Noop,last_name,
Date_of_Birth__c,Noop,birth_date,
Gender__c,Noop,gender,
Street_1__c,Concat,,"[""street_number"",""Street"",""unit_number"" ]"
City__c,Noop,city,
State_Province__c,Noop,state,
Zip_Postal_Code__c,Noop,postal_code,
Phone__c,Noop,phone_number1,
Phone_Number_2__c,Noop,phone_number2,
Phone_Number_3__c,Noop,phone_number3,
E_mail__c,Noop,email1,
Contact_Type__c,Noop,contact_type,
Date_of_last_exposure__C,Noop,date_last_contact,
Data_Source__c,Const,SNHD,
RecordTypeId,Const,RecordTypeId,
