Output,Function,Input,Parameters
First_Name,Noop,First_Name,
Last_Name,Noop,Last_Name,
Patient_phone_number,Noop,Patient_phone_number,
Patient_Address_One,Noop,Patient_Address_One,
Patient_Address_Two,Noop,Patient_Address_Two,
Facility_Id_Clia,Noop,Facility_Id_Clia,
Testing_lab_accession_number,Noop,Testing_lab_accession_number,
Testing_lab_specimen_ID,Noop,Testing_lab_specimen_ID,
Submitter_unique_sample_ID,Noop,Submitter_unique_sample_ID,
Submitter_sample_ID_assigner,Noop,Submitter_sample_ID_assigner,
Testing_lab_name,Noop,Testing_lab_name,
Testing_lab_ID,Noop,Testing_lab_ID,
Testing_lab_ID_type,Noop,Testing_lab_ID_type,
Testing_lab_street_address,Noop,Testing_lab_street_address,
Testing_lab_city,Noop,Testing_lab_city,
Testing_lab_state,Noop,Testing_lab_state,
Testing_lab_zip_code,Noop,Testing_lab_zip_code,
Patient_ID,Noop,Patient_ID,
Patient_ID_assigner,Noop,Patient_ID_assigner,
Patient_ID_type,Noop,Patient_ID_type,
Patient_DOB,Noop,Patient_DOB,
Patient_gender,Noop,Patient_gender,
Patient_race,Noop,Patient_race,
Patient_city,Noop,Patient_city,
Patient_state,Noop,Patient_state,
Patient_zip_code,Noop,Patient_zip_code,
Patient_county,Noop,Patient_county,
Patient_ethnicity,Noop,Patient_ethnicity,
Patient_Age,Noop,Patient_Age,
Illness_Onset_Date,Noop,Illness_Onset_Date,
Pregnant,Noop,Pregnant,
Symptomatic_for_disease,Noop,Symptomatic_for_disease,
Patient_location,Noop,Patient_location,
Employed_in_high_risk_setting,Noop,Employed_in_high_risk_setting,
Public_Health_Case_ID,Noop,Public_Health_Case_ID,
Specimen_type_code,Noop,Specimen_type_code,
Specimen_type_description,Noop,Specimen_type_description,
Specimen_type_code_system,Noop,Specimen_type_code_system,
Specimen_type_free_text,Noop,Specimen_type_free_text,
Specimen_collection_date_time,Noop,Specimen_collection_date_time,
Specimen_received_date_time,Noop,Specimen_received_date_time,
Ordering_entity_name,Noop,Ordering_entity_name,
Ordering_provider_last_name,Noop,Ordering_provider_last_name,
Ordering_provider_first_name,Noop,Ordering_provider_first_name,
Ordering_provider_street,Noop,Ordering_provider_street,
Ordering_provider_city,Noop,Ordering_provider_city,
Ordering_provider_state,Noop,Ordering_provider_state,
Ordering_provider_zip_code,Noop,Ordering_provider_zip_code,
Ordering_facility_name,Noop,Ordering_facility_name,
Ordering_facility_street,Noop,Ordering_facility_street,
Ordering_facility_city,Noop,Ordering_facility_city,
Ordering_facility_state,Noop,Ordering_facility_state,
Ordering_facility_zip_code,Noop,Ordering_facility_zip_code,
Ordering_facility_phone_number,Noop,Ordering_facility_phone_number,
Order_result_status,Noop,Order_result_status,
Date_result_released,Noop,Date_result_released,
Ordered_test_code,Noop,Ordered_test_code,
Ordered_test_description,Noop,Ordered_test_description,
Ordered_test_code_system,Noop,Ordered_test_code_system,
Test_performed_code,Noop,Test_performed_code,
Test_performed_description,Noop,Test_performed_description,
Test_performed_code_system,Noop,Test_performed_code_system,
Test_result_coded,Noop,Test_result_coded,
Test_result_description,Noop,Test_result_description,
Test_result_code_system,Noop,Test_result_code_system,
Test_Result_free_text,Noop,Test_Result_free_text,
Test_result_comparator,Noop,Test_result_comparator,
Test_result_number,Noop,Test_result_number,
Test_result_number_separator,Noop,Test_result_number_separator,
Test_result_number2,Noop,Test_result_number2,
Test_result_units,Noop,Test_result_units,
Reference_range,Noop,Reference_range,
Abnormal_flag,Noop,Abnormal_flag,
Test_method_description,Noop,Test_method_description,
Test_result_status,Noop,Test_result_status,
Test_date,Noop,Test_date,
Reporting_facility_name,Noop,Reporting_facility_name,
Reporting_facility_ID,Noop,Reporting_facility_ID,
lab_update_dt,Noop,lab_update_dt,
Report_facil_data_source_app,Noop,Report_facil_data_source_app,
csv_file_version_no,Noop,csv_file_version_no,
cdc_ncov2019_id,Noop,cdc_ncov2019_id,
Investigation_Status,Noop,Investigation_Status,
