GUID,first_name,last_name,email,phone,date_of_birth
cd00a088-a408-4c47-9cf0-d2a1c6884881,Oswell,Ironmonger,oironmonger6@mozilla.org,842-942-2253,
fcde1ad4-b674-4ea8-a7d2-de36711de850,Frans,Mac Geaney,fmacgeaneya@wired.com,496-236-6041,
ed4446bf-c447-42a6-bd3d-a7699060e9b9,Farrel,Cawker,fcawkerw@wp.com,947-239-3026,
a6321876-5866-4e21-a727-9ca3373276c1,Nels,Collumbine,ncollumbine13@un.org,839-966-9255,8/26/1971
c0509e94-b17f-4108-98c0-cb663dfa5900,Ladonna,Duggon,lduggon14@nsw.gov.au,936-787-1768,5/14/1974
8217f9dd-ce6a-4d05-b7af-9ef362f74da5,Jillana,McGuiness,jmcguiness15@moonfruit.com,336-889-8501,4/16/1924
4cef1f86-96eb-41c8-99ac-b4badef5ef20,Roana,Passy,rpassy16@cargocollective.com,974-389-9140,
ef43459c-ef4c-4277-a695-0e7e1f0db243,Mil,Gradley,mgradley17@paypal.com,639-427-5044,8/7/1969
5fb58338-b56a-4288-9f37-54c25e6f8db9,Lura,Fulk,lfulk18@msn.com,314-499-4012,10/25/1943
f0a5cf07-4c2f-4d73-b67e-405b55d707af,Jeannie,Lentsch,jlentsch19@drupal.org,301-635-9555,6/7/1943
6770e6b1-712c-465d-a89a-df08933f368e,Bernarr,Wale,bwale1a@barnesandnoble.com,441-106-2973,
2803965a-afad-41c9-bc5a-38dcd81d19e7,Shandie,Larratt,slarratt1b@prnewswire.com,156-177-0850,11/17/1989
08f1ab92-bcb4-48d9-bf5f-c1f83ff060b4,Conn,Iacovo,ciacovo1c@github.com,780-286-9287,1/7/1932
58ee029b-0b95-438e-9fe0-46db2af34a81,Eleanore,Pautard,epautard1d@yahoo.co.jp,693-146-1053,1/21/1947
a818def2-5c42-4ede-8e81-cd9fc8b6b603,Boyce,Dinsey,bdinsey1e@marketwatch.com,862-312-9700,7/19/1969
aad08a84-7f9e-4188-a621-6f3ff34da62d,Ardis,Prandoni,aprandoni1f@ovh.net,661-263-0696,10/18/1934
9d89e702-d262-4b1b-8d8e-849edcd30277,Gherardo,Goodluck,ggoodluck1g@com.com,572-614-8603,
5a7acfae-b33b-4366-b613-205117eaaf93,Elisabet,Dutson,edutson1h@opera.com,882-170-1019,3/18/1964
f6679967-a43e-45c8-af82-ead3dce493c7,Juieta,Eglin,jeglin1i@tumblr.com,906-594-3190,1/29/2010
fd5b9847-a779-4d12-8c52-08281e2b4efd,Ted,Sallinger,tsallinger1j@reverbnation.com,658-107-4611,5/15/1955
86bdd623-5a96-4f85-b53d-3c630ee3b47e,Elana,Stanaway,estanaway1k@aboutads.info,326-649-0825,4/5/1986
853e25da-051b-404e-b57a-6d9d321ec5af,Carleen,Gutsell,cgutsell1l@eepurl.com,781-778-6255,11/26/1953
cd9450e7-780c-4830-914b-895110b6ccfd,Hasheem,Sieghard,hsieghard1m@feedburner.com,955-471-3285,5/24/1996
efe0ded0-fad6-4809-b372-d0d2ca44acaa,Lyda,Dowey,ldowey1n@xing.com,420-964-9370,10/4/2008
0c8e098e-4ff5-420f-9e5f-0bb6faa183b4,Maximilien,McCaughan,mmccaughan1o@pen.io,866-239-1509,11/24/1992
9db28e76-ca07-4f30-b555-518e0ae2ea42,Arturo,Debney,adebney1p@toplist.cz,756-980-3215,1/20/1976
6e8db9ab-59a0-4f88-a625-c2ef2f0a0efe,Averil,Goodoune,agoodoune1q@prnewswire.com,208-256-7001,1/10/1946
3a194379-ce09-48e1-a411-aef07483d719,Phoebe,Pieters,ppieters1r@statcounter.com,689-692-6449,11/20/1981
b99b34c0-dbf0-45ba-a6fe-479204305b81,Bary,Alltimes,balltimes1s@merriam-webster.com,295-606-9158,9/16/2007
f8522190-8f3e-4c54-b920-8e4bc012648e,Ginni,Heale,gheale1t@uol.com.br,370-103-0045,10/3/1964
7c833575-1d75-4f75-9f6a-5f00a83bccc5,Clarance,Usborn,cusborn1u@oracle.com,951-402-6311,10/12/2001
8062ebc4-4aae-4bdb-bbce-1e79598bd09c,Bernard,Massen,bmassen1v@phpbb.com,754-981-4036,1/7/1932
1b6e51b8-887d-415c-bf8b-d9b51ca396fe,Raynell,Strand,rstrand1w@shinystat.com,354-600-1783,9/7/1992
6da9073b-7ab0-4008-8058-99a4fb87e579,Loleta,Solleme,lsolleme1x@scribd.com,693-808-3265,
69a968c1-180e-40e6-bbf5-30684da836e6,Cherilyn,Penhaligon,cpenhaligon1y@com.com,716-513-9021,12/17/1929
1004445d-5ff8-4c3b-9b81-39877a5aa4db,Roxine,Auletta,rauletta1z@github.com,438-527-7565,
c74c58d7-bbdf-4ee8-85aa-d021635b73ac,Louie,Wegener,lwegener20@naver.com,202-299-8849,10/28/1985
e12a54a0-a215-43cf-b459-b16c7f29a5d2,Connor,Wybron,cwybron21@twitter.com,353-538-1352,11/29/1920
35806f87-a86b-4d22-b232-11b2e2f8e192,Hastie,McGeorge,hmcgeorge22@nymag.com,743-241-9457,
1b413c0c-075d-476a-b3b9-82012d88d1a7,Aimil,Orro,aorro23@reuters.com,291-308-2929,6/25/1942
9125a38e-18a6-4808-bd9b-d21d65e10aea,Mildred,Aldcorn,maldcorn24@thetimes.co.uk,721-407-4539,4/22/2016
e1fb297e-f961-4b03-a4df-cd9bed56f9b8,Teddy,Strettell,tstrettell25@indiatimes.com,107-267-7647,2/28/1962
cfc0f37d-851d-4cbb-8f13-67fa946b4bbe,Berkie,Berryann,bberryann26@istockphoto.com,946-445-8322,2/8/1979
e76fb3c2-5d4b-474d-9744-d5edcd9ea0d8,Blisse,Littler,blittler27@phoca.cz,374-520-2302,
55787258-63ae-44d0-9bf2-bb4779faf02f,Der,Nunes Nabarro,dnunesnabarro28@rediff.com,911-173-6952,9/1/1934
a3d0ed5b-a164-4320-b191-a9a87b44e93e,Darcy,Spiby,dspiby29@cnbc.com,104-739-3816,5/23/1942
3ce4a41f-9831-4470-b1ee-caeeaeb8f568,Cozmo,Angelo,cangelo2a@networksolutions.com,657-235-0984,
a246b460-04f3-4b6e-abe0-8b2752d364fd,Christian,Thickens,cthickens2b@ucoz.ru,943-837-5274,12/3/1960
fc2f5d98-556b-472e-92aa-717015756fb8,Robenia,Heaphy,rheaphy2c@jimdo.com,601-356-7754,3/15/1946
159134c2-6765-49cf-89ed-5a9b009d34d9,Jaymee,Uden,juden2d@weebly.com,766-240-6374,7/7/1960
4f536e64-f915-411e-aa70-0f0ac6686171,Tanya,Longfield,tlongfield2e@i2i.jp,715-238-4535,4/28/1985
5239d730-cf93-42c0-95f7-ebaabba6a70c,Lloyd,Unworth,lunworth2f@narod.ru,537-940-8866,8/21/1947
e8ad48a9-f337-45ff-b5ee-247d4ae51ee2,Mab,Clappson,mclappson2g@1688.com,997-242-7536,9/9/1926
fb2ea015-8146-4d0b-ab6f-abe3c2438bf5,Gawen,Bickerdicke,gbickerdicke2h@independent.co.uk,929-345-3940,9/24/1969
da8251c6-c5b1-431c-a270-14ec95998ac5,Linus,Kinney,lkinney2i@angelfire.com,355-880-1629,4/27/1969
12557a2e-e934-4727-9cfd-9452f80de0cf,Sherri,Deboick,sdeboick2j@yale.edu,697-343-8719,6/3/1923
390c3e3d-9bd1-4579-bad2-81da2de97d39,Troy,McCuthais,tmccuthais2k@opera.com,582-883-9663,4/26/1999
fc95b1a6-e226-4b3f-91ee-dbb7b7f6623b,Kipper,Janik,kjanik2l@alexa.com,249-561-6044,9/22/1923
09e0358e-feb1-478e-8e63-ed99a5c975d3,Dynah,Dunkersley,ddunkersley2m@jugem.jp,844-291-0845,10/11/1969
a976ac0b-bfaf-426c-9ad3-122b8fafcd02,Osmund,Hourican,ohourican2n@oaic.gov.au,587-930-2875,9/1/2007
28a489c9-70c9-44b0-aadd-216f1fec3614,Jourdan,Dudden,jdudden2o@sciencedirect.com,657-325-9927,10/7/1975
3a226fc5-9fdb-4228-9db7-d1c808dd03d7,Fanya,Clulee,fclulee2p@miitbeian.gov.cn,245-373-8615,5/27/1975
23dcc4df-d77c-48d2-9349-0e293b2f980a,Giorgio,Matthiesen,gmatthiesen2q@loc.gov,967-760-5658,4/8/1959
73b3f4e1-788e-4ff6-b617-f8ced574012a,Carmita,Marquese,cmarquese2r@mashable.com,590-601-7605,12/6/2013
3779d6f1-ff5c-4f28-a670-6552c7b149f3,Sissy,Hoolaghan,shoolaghan2s@blogtalkradio.com,622-597-1779,
62e41bcc-81b6-4b03-9f1a-a754efd696c1,Mona,Lambswood,mlambswood2t@flavors.me,444-905-1232,7/11/1999
620f5714-15da-435d-8c5f-5e6085ba96e7,Agustin,Cleynaert,acleynaert2u@vk.com,732-890-2563,
9ffb7480-7832-4380-98f4-5b638fdc23ab,Roley,Toomey,rtoomey2v@hp.com,725-193-3217,
0f269cc0-3660-4dd3-b216-bdf765d99d67,Augusta,Trout,atrout2w@usgs.gov,998-728-0394,10/5/1990
4149697c-c23e-43ce-a120-e7d8b2df0a6d,Kath,Sharpe,ksharpe2x@dion.ne.jp,303-953-8459,12/17/1935
dbce7c28-0135-4c73-b941-48ac61f193ed,Abrahan,Pischoff,apischoff2y@samsung.com,889-617-1270,
2a0f99d8-47f6-489e-9f18-9c4f8d455de4,Tani,Smitten,tsmitten2z@china.com.cn,487-973-4235,8/18/1998
1c810fdf-ad30-474a-96c2-ab9dd854baaa,Seumas,Gehring,sgehring30@engadget.com,991-485-5742,2/26/1936
4da661d7-1f44-4095-9da9-2efee63bc1b1,Cyb,Lamberts,clamberts31@ted.com,193-360-4165,8/19/1951
871f5c42-51f5-4040-8afc-8d213d948a4c,Yovonnda,Lynnett,ylynnett32@moonfruit.com,512-673-1409,8/6/1941
3b534a96-d960-4d24-a724-18cfe76fe1aa,Winn,Birdwhistell,wbirdwhistell33@stumbleupon.com,628-520-1501,11/13/1995
8f9cb265-bf15-4e6f-a224-2f3bddd2f5dc,Shurlock,Donet,sdonet34@youtu.be,335-552-8871,
26ddd915-a2f8-467e-b195-99835a295d6e,Davina,Longdon,dlongdon35@youtu.be,483-213-7002,2/10/1997
48c47962-3edd-4b22-91ad-a3c1d29e8d9f,Harry,Gristock,hgristock36@sourceforge.net,158-566-0415,8/4/1927
ddc1419d-f2c2-44fe-bbf6-141dd1d77d39,Brit,Aberdalgy,baberdalgy37@over-blog.com,379-281-5998,5/25/1920
fc3fd0c1-1bc9-4af1-829b-0b5e81a4ee53,Vito,Chasmer,vchasmer38@admin.ch,146-249-0512,5/15/1991
161d1d74-9313-463f-905a-06648bacaf55,Alair,Bohling,abohling39@xrea.com,591-172-4598,11/25/1978
ad3d8cc5-a20c-4292-b1d1-5f5393f53e9f,Jolee,Alexsandrovich,jalexsandrovich3a@newyorker.com,789-237-2711,
70d58374-c2f9-4285-8ca7-e6aa72169ada,Lana,MacFadyen,lmacfadyen3b@plala.or.jp,884-758-1938,3/21/1966
c71b1e15-ba5f-4e21-be2f-ac8c362848c1,Prue,Wormald,pwormald3c@reddit.com,108-947-0278,9/3/1933
b3c281e8-2c3d-46f4-be91-0b125dd2257c,Essy,Abella,eabella3d@myspace.com,304-844-0034,2/8/1924
fcdcdf24-e464-4d60-8bd0-bbddad916896,Ilsa,Ranken,iranken3e@wikia.com,953-259-5100,1/1/1973
b1118ca2-6fe2-4a38-9b25-d3aabcfd0876,Andras,Sloper,asloper3f@google.cn,830-569-7402,5/29/1968
7597ccda-8836-483e-ab5e-b016c7d84412,Gasparo,Sollom,gsollom3g@businessweek.com,663-471-6266,7/17/2011
b515a373-7193-470f-98dd-4e3a1b13a67c,Elias,Nockalls,enockalls3h@symantec.com,261-601-1321,4/4/2007
d976fa5d-780b-41ee-8555-0c01578a9e93,Gwen,Klaas,gklaas3i@hhs.gov,743-501-7091,6/30/1933
cbe265fd-db5b-4227-a23e-df4b16cb9f46,Schuyler,Parcells,sparcells3j@studiopress.com,365-795-7300,2/22/2006
0a5fb4ce-e117-4fca-a6e5-3eab4125c0e8,Cristy,Seid,cseid3k@chron.com,613-921-2185,2/5/1992
3ecf55f6-9b37-4a60-9ddd-cf2bd0bac681,Carl,Trazzi,ctrazzi3l@liveinternet.ru,834-623-0483,12/10/1927
511210ea-bc99-41c8-9b9e-615078ef3c2c,Whittaker,Roll,wroll3m@admin.ch,960-932-0887,5/11/1996
aeb0ee71-c599-4ef5-b508-2e563612cf2e,Kermie,Murrey,kmurrey3n@privacy.gov.au,999-638-2348,7/17/2002
3d545527-10e6-4c31-a4a2-f248d7d245b8,Crystie,Mcwhinnie,cmcwhinnie3o@meetup.com,696-212-3905,1/23/1986
2630054b-5dab-4c98-b782-ef4e77a3bd34,Hewet,Buckles,hbuckles3p@fda.gov,560-438-1652,3/13/1955
16c16bbc-94dc-486a-bcb4-3eb6f5e911f7,Amelia,Hemshall,ahemshall3q@cdc.gov,314-500-6725,11/18/1951
28e18e94-4d5a-4998-80ab-639ca438cb3c,Koralle,Picardo,kpicardo3r@webnode.com,793-905-4019,12/27/2010
e9e98918-406e-49ec-84b9-c9ec6e6af677,Allistir,Lowen,alowen3s@miibeian.gov.cn,348-446-6163,
7effa64c-411a-4a0f-9277-e046d5b5665e,Cale,Cutchee,ccutchee3t@chicagotribune.com,546-704-9556,
fd833758-551b-4a66-b302-2f095a4801b9,Dasha,Ardley,dardley3u@unesco.org,715-861-2643,11/30/1995
6cd88df1-2ff6-41b8-b428-c88a144da5a6,Waverley,Pymm,wpymm3v@ihg.com,285-140-1678,6/12/2004
c0e1f17e-3cac-4ce7-9c57-5ee1a3b27519,Minne,Joburn,mjoburn3w@posterous.com,611-988-2265,10/8/2002
b559c832-96c6-4196-83e7-e417d3c4f545,Karylin,Bernon,kbernon3x@sourceforge.net,593-148-3636,4/10/1973
ef2995fc-88c3-44ad-b422-1ec1943de36b,Nappie,Coule,ncoule3y@wired.com,637-760-8481,3/4/1994
0da9ce94-d13b-40df-8a9f-3491621453e1,Priscilla,Kluss,pkluss3z@w3.org,858-828-3939,3/10/2000
aa2e9fe3-8cc4-45c1-b3ce-08753d2eab13,Katrina,Agates,kagates40@ustream.tv,641-385-5883,10/27/1994
13fb174a-c7f7-462c-8f9f-daa57d961267,Bell,MacCallester,bmaccallester41@zdnet.com,657-638-3425,11/13/2006
a70a8eba-fe59-4d6e-9806-c58772b7f170,Bartie,Ahrend,bahrend42@europa.eu,417-626-3706,6/29/2011
34ea6b86-3576-4a34-8ad0-243188596216,Mason,Arcase,marcase43@narod.ru,506-769-0603,10/3/1999
e503bd12-7a2a-4935-af27-6ce842c2e50b,Lindsay,Longworthy,llongworthy44@slideshare.net,963-509-4825,4/24/1969
f3e3a9f1-14f9-4096-afed-1910856a2a61,Anatollo,Sessuns,asessuns45@wikispaces.com,292-585-1020,11/29/1999
eadcd642-0814-43c1-88b8-3d7abc228a20,Hart,Huonic,hhuonic46@telegraph.co.uk,335-200-0228,12/1/1941
b02ac58c-76e2-4ef2-97fc-01aa52470032,Rockey,Tschiersch,rtschiersch47@usa.gov,220-112-1760,2/20/1965
d9c3eb11-6d30-4825-ba58-888120f5aea0,Cheston,Doddemeade,cdoddemeade48@un.org,396-172-8236,1/13/1962
4b154b9a-9883-4ce0-8267-8598aeb5d6cb,Davidde,Sutty,dsutty49@independent.co.uk,172-880-5265,10/13/2007
d5f19686-b500-4d7a-8410-025f09ee19e9,Stevena,Fontenot,sfontenot4a@mediafire.com,154-562-7558,
6eaa300a-018b-4f3e-a005-ae70713cae09,Glynis,Lamblin,glamblin4b@nbcnews.com,507-424-3755,11/8/1993
54df44d1-7dff-4b9a-a668-46dd33c391ac,Matty,Whetland,mwhetland4c@wordpress.com,322-991-4465,11/22/1982
fe58c0e6-a880-48bc-8430-1f356bbc3375,Axel,MacSherry,amacsherry4d@wikispaces.com,138-735-7539,1/15/2005
b98dcf18-9555-42dd-9b22-fdb61c0d0cd5,Gillan,Creaser,gcreaser4e@utexas.edu,297-821-2983,3/10/2000
126f1a26-1018-4510-bf62-65ce6f0aa409,Justino,Wadeson,jwadeson4f@163.com,922-528-9255,10/26/1980
2557e6f6-fe0b-4c59-a916-ba00ea3f68f0,Jenica,Wylie,jwylie4g@123-reg.co.uk,485-959-3617,8/29/2004
97e45646-b8b2-4602-a601-08a635e7913d,Sydel,McCrory,smccrory4h@skype.com,174-218-6894,2/20/1954
9334dbe4-5023-45e1-969c-978aa9941376,Everard,Risson,erisson4i@mapquest.com,233-681-4467,11/9/1985
46684f01-58f8-4c80-92ff-95374f0aea7d,Merwyn,Dirand,mdirand4j@ebay.co.uk,839-341-2650,3/13/1978
6e7f52b0-3adf-4eb2-b73a-d57823496af9,Nicolais,Jozwicki,njozwicki4k@engadget.com,521-554-3445,11/23/1980
8b27ccd0-29ba-4a7d-bc70-c1a2ec217700,Jennilee,Strodder,jstrodder4l@ning.com,236-699-4966,6/2/1928
3b7ed025-65cb-4198-b847-e0ab0c6f71fb,Golda,Vearnals,gvearnals4m@reverbnation.com,202-747-0947,6/10/1940
4fb52b22-2591-4fb0-a02e-1e86237786cb,Charita,Stacy,cstacy4n@google.cn,359-219-9588,3/29/1932
9604bd81-5984-46a2-a4fd-29fda4c285a7,Roselle,Steers,rsteers4o@geocities.com,614-866-6877,1/16/1921
0c1f9c36-edd4-4203-b090-57537f300937,Xymenes,Creak,xcreak4p@joomla.org,935-974-2703,10/15/1939
8f49dbe2-2f5e-4cc6-bd95-ea5278950d5f,Rhoda,Trounce,rtrounce4q@nationalgeographic.com,804-464-7412,7/22/1997
dccaced0-e31e-4f36-b429-fd7fc41d5a17,Ronalda,Hitschke,rhitschke4r@xing.com,496-617-8116,12/5/1952
176dad9e-0f5e-4fb0-8ba3-2ca06b095389,Wallie,Bussens,wbussens4s@shop-pro.jp,217-870-5090,8/22/1969
430ff61c-28df-48d1-928b-e60be1bd5038,Bobinette,Kingcott,bkingcott4t@youtube.com,907-513-7082,
eb4ceace-6376-460b-8f1e-8b591686051a,Cybill,McWhan,cmcwhan4u@ca.gov,714-712-5723,5/12/1927
6d023397-de06-4683-a9c3-e67805036efb,Colly,Melbourn,cmelbourn4v@intel.com,431-356-2529,3/3/2010
898ace5d-d0bb-4eae-a534-91c0e8c9ea29,Michale,Stranaghan,mstranaghan4w@theguardian.com,231-513-5382,11/21/1942
060a7ef9-d292-4f40-8c3f-424e3bac3849,Matty,Mundall,mmundall4x@alibaba.com,333-973-0750,11/28/1957
92da6ef6-ea6f-49db-96ee-d65e5ec26ff1,Vanda,Spaldin,vspaldin4y@utexas.edu,824-365-3181,7/12/1977
01cd80e3-bae9-41e7-a97f-59401008e20f,Malanie,Nuzzi,mnuzzi4z@oaic.gov.au,683-983-2907,12/7/1956
12fc5a9e-c123-4fd2-9131-e7d4dee2bd77,Kerr,Grimble,kgrimble50@mashable.com,390-837-4599,1/9/1971
e6f1895e-be68-4bee-9863-948840c0dbb6,Toinette,Dicey,tdicey51@prnewswire.com,319-134-5266,2/24/1932
0e81825a-a694-4873-8d74-05f7906a5e4e,Poppy,Snoxill,psnoxill52@squarespace.com,919-297-7416,
3c2e3f3d-ea29-4933-85f4-882e78c62f5b,Annmarie,Fall,afall53@soundcloud.com,671-148-7895,2/17/1973
c6123c6e-8bb8-4249-ae72-fcc0c9fa9d6b,Violet,Dike,vdike54@opera.com,635-599-7361,9/4/1994
0a91d949-4e52-4036-a06b-384f61c29ba8,Elisha,Stronough,estronough55@nymag.com,535-413-1496,2/10/1934
e0db1644-e76d-4f67-90b4-a405ab00298f,Salvidor,Bentzen,sbentzen56@forbes.com,471-338-1815,12/20/1948
621a9a5e-eb36-4835-9c4e-35abebccd0c1,Muire,Genney,mgenney57@1688.com,345-920-8900,9/16/1924
591226b5-bbb5-4924-b311-282936b13653,Glen,Brach,gbrach58@instagram.com,572-417-9364,2/24/1990
b50d085d-6b88-4359-9986-33f924078ed3,Virgil,Vina,vvina59@marriott.com,767-597-8337,6/6/2004
d5d90fa6-4fdc-43fc-b66a-7ff97c421dee,Keri,Sterricker,ksterricker5a@wordpress.com,340-772-9628,5/10/1959
0d4fd5fd-e62e-499a-b20c-588038a6ef75,Christoffer,Sleight,csleight5b@barnesandnoble.com,210-932-0557,11/25/1966
d95d5912-5d8e-497d-bdd5-30c90fc00616,Sullivan,Spanton,sspanton5c@blogtalkradio.com,726-996-3588,
9a9809c8-cc07-43da-ac35-718b8c42e481,Lothario,Bagott,lbagott5d@mtv.com,774-313-8264,1/16/1965
94d8037a-37eb-4405-9916-0906036000af,Bern,Annakin,bannakin5e@nsw.gov.au,538-190-8663,12/22/1973
85ff108a-0289-45cb-95b3-5eb10ea44b9e,Jess,Albiston,jalbiston5f@google.it,415-471-1163,6/16/1929
001edc97-4311-40c0-af6c-8986a0af592f,Erny,Sidebotton,esidebotton5g@nps.gov,838-702-3616,8/30/2007
74319f1d-4d1e-430f-bb42-dc37f80bef43,Shellysheldon,Garz,sgarz5h@newyorker.com,568-886-7335,9/24/1984
d54bdab8-f7b5-49b7-b5d3-e4dd126d6a36,Andy,Merali,amerali5i@go.com,317-652-1903,11/13/1966
0cd0a77c-155a-4440-9793-16542c7b6de1,Stacy,Fairlem,sfairlem5j@alibaba.com,669-522-0429,12/10/1979
f47d97e3-a94f-4b39-a44b-52f2dc5eee85,Hilly,Vickerstaff,hvickerstaff5k@163.com,115-179-0324,7/18/1934
bd1ee201-4e91-4028-b45b-2d4e99228416,Marlo,Vasyagin,mvasyagin5l@a8.net,214-996-5905,10/23/1953
a84964c4-a83b-4cde-a623-74d0723970de,Susana,Streight,sstreight5m@acquirethisname.com,791-707-6262,
2a90c522-db44-4946-aa5d-13d6a50c47ec,Ganny,Wolpert,gwolpert5n@mapquest.com,330-883-2934,6/6/2012
8d42038d-a3e3-4c59-8391-ba0188bd063f,Mersey,Collip,mcollip5o@feedburner.com,990-583-5609,9/15/1966
9d647f7d-9dea-4498-a394-65d1cb58c4a3,Shellysheldon,Durling,sdurling5p@constantcontact.com,629-545-9097,4/9/2005
2de67f72-dd7d-4388-8d94-82eae0760a62,Normand,Charpling,ncharpling5q@slideshare.net,424-620-8896,5/30/1928
fdc899af-4fc8-4fad-8e21-919c969bdf2a,Adria,Boddie,aboddie5r@newsvine.com,229-898-8582,
933f6276-b5c0-4ca5-9374-94561fe81399,Banky,Spehr,bspehr5s@bizjournals.com,470-892-7103,3/25/1938
838e122c-f59c-424e-b373-a7f52fac37df,Erinn,Nutley,enutley5t@accuweather.com,377-666-2581,10/23/1961
bb5558cf-5ede-4c36-bf89-5f7cbefedffb,Lucio,Slemmonds,lslemmonds5u@edublogs.org,547-562-7218,2/3/1977
47929e76-68e8-4784-8210-6e4dc29fc9c8,Eward,Kinig,ekinig5v@fema.gov,840-772-8155,2/21/1979
8428ee7c-2ea4-4e8b-8ae7-254a01c65573,Vivianna,Saull,vsaull5w@japanpost.jp,185-792-3048,3/11/1927
f8851823-4fb9-4fc9-bf09-55c23adfc5be,Tedd,Francklyn,tfrancklyn5x@wix.com,142-493-6617,9/29/1929
d7a5046c-d47f-45ce-8145-0a43c6487ae2,Malanie,Van Leijs,mvanleijs5y@cpanel.net,101-581-5127,2/3/1979
0c96f480-34f8-4239-9296-8d30e8c8ab4e,Vick,Wharmby,vwharmby5z@netvibes.com,622-390-0118,12/19/2013
659f645e-143d-4596-93ec-f14bf818538f,Jeramie,Fortesquieu,jfortesquieu60@weebly.com,226-506-1904,7/27/1980
f7d90190-3859-42ac-b9cd-e6de8dbfb643,Nicky,Ibbotson,nibbotson61@google.pl,944-410-3264,1/4/1920
9335b07a-9ae5-4c49-ad2d-24c6d46e8591,Virgilio,Shearn,vshearn62@cam.ac.uk,934-732-9067,5/30/1970
6eae2244-f13b-45dc-b3c1-7097ed64d506,Noella,Westhead,nwesthead63@army.mil,565-726-5968,4/6/1971
35b6919d-a97b-4eed-9ae5-ddd1aa2b2075,Julissa,Balfre,jbalfre64@about.me,250-367-2015,3/24/1952
a9c4423c-224e-4461-9abd-a959d339d85a,Derry,Bausmann,dbausmann65@amazon.co.uk,974-633-5121,6/22/1993
8b23d319-a176-487f-9c59-386d7526a89c,Shayne,Rusling,srusling66@4shared.com,635-661-1163,8/24/1928
e46aba30-63af-445b-8fd0-51ab54560af4,Clim,Coste,ccoste67@npr.org,564-890-2952,4/17/1961
a380e21d-8e3a-4ca7-88a9-ba952f506a72,Pincus,Heaven,pheaven68@yahoo.com,898-567-6472,4/21/1970
1b533810-dceb-482d-a357-efe78cc9950f,Reuven,Carratt,rcarratt69@zdnet.com,712-221-6350,6/12/1999
6301b255-da76-4897-bf8e-1c03526be7a4,Kellby,Sear,ksear6a@adobe.com,243-325-8718,9/2/1967
6bb8a7a6-76cf-4121-ad86-2d7b8e8e4654,Ardine,Fattore,afattore6b@fastcompany.com,465-701-9139,12/28/1980
95c0afaa-80f5-42d9-8ff1-ad3f4baeeb59,Reginauld,MacMeeking,rmacmeeking6c@cpanel.net,427-628-0301,2/10/1997
fe84b63b-a8da-4b71-9e0d-6ff26d4733af,Gladi,De Moreno,gdemoreno6d@stumbleupon.com,797-746-2254,12/5/1969
df94066a-87cc-4d51-bd17-0ad8372034ef,Donella,Klaussen,dklaussen6e@omniture.com,211-324-0704,
28993013-2a87-4815-9230-a2445bd87ce3,Magdaia,Nolleth,mnolleth6f@icio.us,812-120-9646,
eb1561bb-fbc0-41df-9c07-dc719e3361a6,Olivier,Pooke,opooke6g@squarespace.com,409-941-5613,
8dca00ef-bef8-44ef-ad45-d2b7c1c3cdff,Felipa,Fryers,ffryers6h@smh.com.au,756-957-3235,5/8/1955
0e509ca7-7fe0-4e10-8019-b60614370e22,Darius,Scally,dscally6i@netlog.com,137-122-2443,8/8/2006
532f64aa-0756-4be0-9ec9-508255edcf7a,Idalina,Baldini,ibaldini6j@shop-pro.jp,724-552-7435,
17925230-3d65-42de-8d02-7bf49c58868d,Marigold,De Ruggiero,mderuggiero6k@rediff.com,150-596-0475,11/29/1934
b4f8cc87-30c6-4ef8-8fea-eea973acc343,Maxie,Giannoni,mgiannoni6l@wordpress.com,912-301-8091,
840e2c53-b9f3-4cc3-be2a-50aab8800cab,Rycca,Jandl,rjandl6m@who.int,970-621-2250,6/23/1948
e232c140-b035-478b-9452-c679afec3438,Dareen,Poley,dpoley6n@cdc.gov,469-854-0692,5/10/1983
9f99322d-74af-4440-8379-52ac2f999a83,Cynthie,Hacksby,chacksby6o@illinois.edu,112-462-2881,6/24/1940
db17149b-bab3-4ad4-8ae0-38fab30590c4,Kandy,Simonaitis,ksimonaitis6p@ustream.tv,212-536-3041,11/18/1992
7dd8f687-30db-4edb-98c6-baec03c4f9ad,Gertruda,Bolstridge,gbolstridge6q@tmall.com,890-816-5909,7/26/1955
ff65374b-c8df-4a1f-90cd-617945300512,Elnora,Dalziell,edalziell6r@aol.com,713-634-3761,
5f717211-d199-4fbf-b79a-ddd9e5ea4f9a,Crosby,Baise,cbaise6s@so-net.ne.jp,564-825-9608,12/16/1977
9470041b-3ecd-420a-8643-5a4a4bf32c87,Gay,Vlasyuk,gvlasyuk6t@pinterest.com,689-802-4591,1/30/1980
e308e3a9-c6c6-46b2-805f-0e8349ba1706,Micky,Capelow,mcapelow6u@eepurl.com,901-782-1187,2/19/1968
5315fedb-fbd4-4836-8e1f-939200dd83a9,Umeko,Whyler,uwhyler6v@smugmug.com,704-868-7085,10/30/1977
e790a26b-d5dc-4837-b3b2-c8478b5ccd2b,Norman,Zecchinii,nzecchinii6w@scientificamerican.com,984-271-3024,6/9/1970
7853cf96-1b0c-47f3-bde1-e9c85f699cc3,Daron,Crumpe,dcrumpe6x@vimeo.com,884-277-3246,2/25/1968
e0372a6f-a426-4698-ab5d-2eab53d286f8,Delmer,Wardhaugh,dwardhaugh6y@51.la,821-615-2215,
14e395c2-0419-42b7-a823-5da00e9ab717,Clim,Barlow,cbarlow6z@cbsnews.com,527-752-9468,6/12/1962
def465d4-95d7-4080-8e03-26cd8aa43bff,Quintana,Casebourne,qcasebourne70@behance.net,789-297-3181,2/18/1930
ff0aca74-e4fd-4c57-a84a-8010ee3182f2,Donnajean,Trenholm,dtrenholm71@tripod.com,783-671-0620,
6370c150-fe65-40e0-ad5c-f5b79594ed69,Bethany,Phillins,bphillins72@creativecommons.org,817-770-1588,10/22/1932
9d1822cc-e6bd-4973-beb6-1d5300baa66c,Leone,Bourtoumieux,lbourtoumieux73@omniture.com,159-457-6992,
72801eaa-4373-4f0b-bc68-70ba942d18fd,Nikolia,Sommerland,nsommerland74@github.com,543-528-7826,12/18/1999
28da58fd-526d-49b2-815f-8fae14340058,Dyanne,Rustan,drustan75@sohu.com,639-427-0538,
321a4be6-ed86-4606-aa26-48eb03f62604,Angelina,Valero,avalero76@nhs.uk,416-848-1271,
f9a1dccf-ef6b-421f-a4b6-e40b4acc9ca9,Cher,Ygou,cygou77@mapy.cz,307-626-3277,3/21/1939
0e567d0a-ddec-4a6d-a279-cc066bef54e1,Samson,Dalgleish,sdalgleish78@github.com,314-891-7415,11/6/1961
623074fa-2265-42aa-8964-35b79959e77c,Harley,Dibson,hdibson79@exblog.jp,126-114-6973,4/20/2000
9546db1e-d1e9-47c6-b5d4-8fc650b31477,Cesya,Mattaser,cmattaser7a@sbwire.com,981-249-5829,7/10/1968
5d31bf9a-ce04-434f-9f92-573164d1bd54,Conway,Essberger,cessberger7b@thetimes.co.uk,477-628-7487,12/17/1968
dfb092a2-6154-4952-85e6-4b0d9dfaf5a6,Paolo,Durker,pdurker7c@printfriendly.com,434-655-3483,8/21/2007
193a76aa-b596-4e97-89f3-d0eb9f3a3db0,Pincus,St. Hill,psthill7d@yahoo.co.jp,931-169-4871,8/2/1934
e1f8cc95-31b3-4aea-8970-6de3ec4360de,Carley,Winspire,cwinspire7e@cmu.edu,470-776-4213,11/6/1970
d8d5e2b0-6caa-4091-b403-7fa204522f1e,Abdel,Spong,aspong7f@slate.com,261-948-9192,5/13/1939
f5ced93a-b9f9-4bde-a45c-77a53cedfc04,Penny,Poate,ppoate7g@wikimedia.org,833-354-5832,8/9/2005
0cd3c230-8e5b-4bb6-948b-80adba4d73bf,Beckie,O'Donovan,bodonovan7h@rediff.com,524-527-7611,8/4/1928
b3de1f11-517d-4346-b3ea-fea6dfe762de,Reece,Borsi,rborsi7i@constantcontact.com,198-500-8988,6/6/2009
0303ba49-1f59-40a7-ae7d-d617b82b6ea9,Hendrik,Boules,hboules7j@yellowpages.com,610-426-1556,4/22/1920
84144428-0e02-4288-a840-f37f2a61a471,Farica,Godar,fgodar7k@soundcloud.com,247-980-4348,
ff0d9695-3338-422e-a721-ee03c43f69c8,Editha,August,eaugust7l@ft.com,504-954-1054,10/1/1961
31f6248f-0b44-4616-b5c9-972c16bfb6a2,Ezechiel,Burdis,eburdis7m@psu.edu,644-846-4941,5/9/1976
cb90265f-7464-4c0f-8c36-b7517ff48f58,Jenine,Dietzler,jdietzler7n@time.com,210-564-7795,3/24/1953
4e4b0295-db66-4540-b179-048c88425131,Michael,Tichelaar,mtichelaar7o@livejournal.com,227-397-7026,3/22/1980
0e672bc9-7b6c-44c8-a241-adb8a3503d58,Addia,Beet,abeet7p@unblog.fr,801-447-5413,4/17/1997
bf953d0f-8500-4f9a-a292-5a2fc67d105c,Lavinie,Crace,lcrace7q@shareasale.com,779-878-1836,7/3/2010
122c89cb-fbbb-43ee-b5df-2463a9af5c0f,Maegan,Chilles,mchilles7r@bigcartel.com,822-972-7867,11/11/2001
852ba055-bed9-4ef5-964b-82e427e6fd34,Kristina,Gawen,kgawen7s@ihg.com,872-967-6865,3/11/1946
4b7f8327-22f9-49bb-9e23-342b46d8e88e,Shay,Liebermann,sliebermann7t@cisco.com,665-797-0064,12/26/1963
e5827dc0-84ec-44c5-96c5-bbd4cc51d56e,Sheeree,Gosswell,sgosswell7u@drupal.org,352-980-8346,5/25/1943
266afcab-b7d7-49af-8897-0051218725f4,Othilie,Ollivier,oollivier7v@upenn.edu,165-267-5348,2/8/1987
5210e2aa-12b0-4af7-a46d-04d4c3f954c2,Giff,Shankster,gshankster7w@spotify.com,268-939-9480,12/21/1965
9d2b4b48-ce93-4480-8988-4c25d7f40c34,Fergus,Collicott,fcollicott7x@zdnet.com,755-276-6114,8/9/1997
b6313912-ffb2-4689-8eb0-a131874e1fd1,Gwennie,Moneti,gmoneti7y@cbsnews.com,847-662-9302,5/9/1926
3d431180-bdd7-47b5-aae6-6c2f3873f519,Terencio,Vaughten,tvaughten7z@kickstarter.com,250-236-6635,8/27/1986
99a45fcb-9681-493e-bc5e-1afd059adb85,Emogene,Getcliff,egetcliff80@myspace.com,484-875-8106,12/28/1992
286b0869-c08f-42ff-a63d-0c02eafc6ea4,Leonore,Headly,lheadly81@devhub.com,777-609-8066,9/18/1949
8c67aeef-1f36-4ef5-8c3c-681d70fc0aed,Kristin,Durbyn,kdurbyn82@feedburner.com,159-750-8873,6/16/1949
53c176e7-1d3f-4db7-9396-01c0703ff7e2,Kaila,McKue,kmckue83@ucoz.com,712-650-3870,6/13/1927
0b6af1d4-4496-4bad-8f8b-e0654bac3ddc,Mateo,Mangan,mmangan84@amazon.com,823-644-2987,5/3/1963
7b581c93-60ae-4734-bd84-dab2507fc54b,Gamaliel,Gain,ggain85@cornell.edu,679-257-5693,2/14/1935
863c70e9-178b-4e52-a6b4-ee2400912219,Nelson,McNess,nmcness86@unicef.org,530-599-5323,11/17/1963
0cda7c14-9e2e-4719-bd13-81c35e538275,Armstrong,Parkman,aparkman87@homestead.com,689-118-6853,7/6/1976
8994a1be-2da3-4ed8-a2b5-1fe4fb9b2957,Odie,Rich,orich88@weibo.com,583-301-6697,
11e8c42f-889b-4b66-b620-eebfd445a191,Brennen,Stiggers,bstiggers89@about.com,259-502-5644,2/15/2004
3e4ed5fb-4809-4d73-885a-5e608c45c511,Nap,Crouch,ncrouch8a@feedburner.com,566-416-5748,6/13/1951
19e878a7-8941-48cc-bc89-87c988366782,Godfrey,Potzold,gpotzold8b@list-manage.com,133-403-1106,7/5/1964
51cf53dc-25e2-4f7c-980f-25be7bc4ec29,Peggy,Bisatt,pbisatt8c@posterous.com,980-907-7923,7/18/1980
4c4693ef-029f-4b18-a4ae-b00b25531cad,Elisabetta,Phelit,ephelit8d@harvard.edu,754-739-2272,9/1/1953
2a9b7a19-ddfe-4d36-b3c4-eee912342f52,Tirrell,De Vaux,tdevaux8e@google.it,635-507-9323,12/14/2010
5b651018-651e-45e3-8e11-7e7b86375e78,Harvey,Rafter,hrafter8f@yellowbook.com,856-676-6613,5/9/1981
c60bde1d-ed43-4198-8d50-0885348debfc,Corbet,Hustler,chustler8g@buzzfeed.com,989-898-1512,11/5/1932
2cca8f04-e37c-4e30-b75f-08b024b5ad10,Reinaldos,Stebbins,rstebbins8h@cornell.edu,749-570-4476,11/24/1931
bee298d3-d9b0-4acd-9ef2-813cdb6ac020,Juditha,Jephcott,jjephcott8i@taobao.com,434-599-8709,2/3/1948
65c931e0-d530-451d-a40a-4a60f3e7182f,Germana,Acum,gacum8j@sphinn.com,899-703-9803,6/22/1935
2a496140-95d0-481a-8ff9-05a7924babd4,Clive,Kleiner,ckleiner8k@mashable.com,863-889-2607,12/10/1984
7c504c4b-9036-49e0-8465-935111f20659,Angelle,Domesday,adomesday8l@blog.com,846-114-1701,6/21/1992
9fa37d32-5085-4c51-bd90-477653798c6b,Nessy,Iseton,niseton8m@indiegogo.com,388-450-6779,6/14/1970
e7066281-6cdb-44ca-a839-753496fa9782,Ruby,Jennick,rjennick8n@sbwire.com,258-220-1892,12/2/1943
92509aae-e0c4-482c-8389-6ce498ec1304,Felice,Drage,fdrage8o@shop-pro.jp,278-802-8875,9/17/1983
e0e2becc-1545-4729-8af5-9f73ef984dba,Bartolemo,Thickin,bthickin8p@ucoz.ru,399-385-5618,
b536577f-6adf-4c25-9b8d-f7151b648c01,Genovera,McSwan,gmcswan8q@jimdo.com,587-134-0348,6/2/1993
9b463979-7371-43a3-a36c-5c0d112cd03d,Stephie,Westphal,swestphal8r@marketwatch.com,704-411-5692,10/19/1974
fa701939-75ba-4dc0-9f45-2abdedc7eb8a,Dulce,Espinosa,despinosa8s@list-manage.com,999-606-0201,4/30/1950
c4c7d812-9942-4223-b5a7-a3d9ed15613d,Valene,Scurfield,vscurfield8t@xing.com,664-909-1867,5/23/2010
248d8341-540f-4417-a10a-c3c6bf603e94,Jard,Anwell,janwell8u@delicious.com,552-528-4026,7/12/1969
bec624cc-e04b-4ef8-b286-548b036f8545,Dulsea,Tuma,dtuma8v@aboutads.info,160-707-1066,2/23/1966
07ea6903-7076-4539-b61a-c74250102a4c,Armstrong,Schnieder,aschnieder8w@mayoclinic.com,817-225-3373,8/12/2012
1c5056aa-953e-4d0f-85d6-d71eaf212592,Irita,Doubrava,idoubrava8x@example.com,686-629-3073,8/6/2013
5e49d185-5df3-42fe-bfd9-c549188ebccc,Babb,Issacov,bissacov8y@huffingtonpost.com,582-409-8667,11/26/1932
42bbb71d-aa10-4da8-950b-e40931603af4,Amandie,Flieg,aflieg8z@springer.com,258-940-6927,12/20/2004
c59abcd7-9b92-4ad6-9d7b-686ffe8f368b,Jodi,Wastie,jwastie90@go.com,114-636-5657,1/21/2014
026d4fbe-f3df-4339-a66c-0c5f19d33524,Giovanna,Faulds,gfaulds91@about.me,331-454-9940,11/2/1998
5cd797c7-bba4-446f-8200-b443b0a225da,Quinn,Smieton,qsmieton92@drupal.org,767-942-2278,
48152559-c266-4edf-a8ce-6273381dcabe,Spenser,Slinger,sslinger93@cbsnews.com,763-729-0196,12/4/2002
02faea0b-d039-4b9e-8e7b-92e4b12f519d,Nickie,Guarnier,nguarnier94@domainmarket.com,454-142-2759,1/1/1928
48f522af-8342-4e60-88c0-e3e583469786,Starr,Piris,spiris95@umn.edu,846-620-0783,10/13/1954
a7582a6a-72a8-4718-bfe3-7fb655b0b8d5,Joela,Maymond,jmaymond96@bandcamp.com,343-825-7651,2/6/2004
f846d156-5546-455e-afd5-ed81877c743b,Lilah,Whitton,lwhitton97@networkadvertising.org,899-899-7695,11/10/1970
dcfa2a1c-d91a-4945-a432-b57c31f8a40a,Bertha,Rahlof,brahlof98@goodreads.com,253-530-4393,
afed8088-4c4d-44e7-a83f-aa42c910c356,Nickie,Harries,nharries99@dion.ne.jp,965-120-7893,3/4/1934
10adf332-3e7a-43fb-9353-a0c6bb59b20b,Laurie,Hattigan,lhattigan9a@wordpress.com,333-664-9700,3/16/1980
2fc6845c-0a76-4ef8-b29c-bdd3000e64c0,Riley,Garrison,rgarrison9b@admin.ch,592-449-3007,10/30/1971
21b2dd1d-862b-4c85-82d7-7814e3a8e4c4,Flossy,Marin,fmarin9c@wordpress.org,102-944-1979,12/5/1945
86c5ecd1-c462-4883-af85-fe3cb350d9ab,Anne,Ruffle,aruffle9d@a8.net,376-107-7794,1/11/1974
b8bbbe77-7957-4e67-9b35-0ee12ddafe92,Ruth,Rother,rrother9e@fc2.com,670-456-8735,6/7/1948
73ee94f3-97b0-43c5-b919-58c266685610,Deirdre,Stroyan,dstroyan9f@freewebs.com,735-390-3912,1/15/1930
9f00c599-c38d-41bc-8359-b2f2633e82b1,Mariam,Petrakov,mpetrakov9g@dropbox.com,410-231-4863,2/13/2015
4b26ddec-925f-4179-bf07-7b8f3cb29440,Emalee,Coniff,econiff9h@dropbox.com,177-140-7705,4/16/1970
cfbcc4c2-fe36-4db4-bcf3-26b87115e0dc,Mendel,Searchwell,msearchwell9i@addthis.com,237-213-3317,
8f0f21bd-82c2-44f0-b86f-fdb45f1363ad,Eda,Taree,etaree9j@cam.ac.uk,518-916-3532,8/31/1961
2aa4b1ed-4532-4563-978e-3b5592d0a81a,Stormie,Yannikov,syannikov9k@addtoany.com,935-563-4244,
13074b2e-b233-41bb-a798-0871b1d775ad,Fedora,Brundall,fbrundall9l@photobucket.com,448-377-4035,3/30/2015
00841b18-bd0c-42ec-a762-837a3bb0487e,Sigismond,Miles,smiles9m@acquirethisname.com,427-918-0961,5/10/2001
69886ae2-4a1d-4d31-94be-529b922800c1,Barbi,Portugal,bportugal9n@cloudflare.com,203-190-4189,6/22/1922
d5c325ba-0b57-401c-a60a-f23666e6fe8b,Wenona,Engley,wengley9o@slideshare.net,761-300-1907,10/26/1949
fab0b9f1-2cdb-4d80-9c56-ab32d98adcf2,Bevan,Pomphrey,bpomphrey9p@dailymotion.com,711-871-9357,1/13/1988
19df1111-b7e3-408e-9edb-d92658cb3843,Lacy,Yegorkov,lyegorkov9q@goo.ne.jp,857-801-0723,6/18/1947
257a2320-904c-48f2-b637-f8c607127503,Pierette,Oxtoby,poxtoby9r@google.com,606-111-9274,7/21/1951
c83061b0-cb9b-4308-b129-5bb57c97876f,Tobye,Ellershaw,tellershaw9s@loc.gov,608-542-7356,12/26/1960
27d14262-89a6-4df1-bfc6-af960004aef2,Franni,Hazelgreave,fhazelgreave9t@dailymotion.com,214-663-7271,8/28/1984
bad571dc-9b05-4d08-a05e-50d32e67f2cb,Brittney,Laskey,blaskey9u@google.fr,878-101-7440,8/19/2005
7ac369c5-6c5b-4142-b8d9-3e4f91f4a2c8,Claude,Porcas,cporcas9v@sourceforge.net,686-140-1902,2/10/2018
7190fecd-6068-4f27-8542-98b7d31eeb3f,Templeton,Setford,tsetford9w@gmpg.org,762-512-8265,2/20/1966
f36b2df5-ea5d-425d-957a-9d6e72107372,Callean,Cowdry,ccowdry9x@economist.com,203-999-2767,
f1a990f4-3320-4ba8-a03a-063486c65633,Nicky,Handrahan,nhandrahan9y@360.cn,963-276-8456,8/16/1958
41e2c7b1-67dd-402d-a4c2-93d145037841,Peirce,Witherby,pwitherby9z@devhub.com,791-671-8884,
473285f4-f401-4ec9-86d1-0d6ab8d9b536,Lari,Baress,lbaressa0@chron.com,220-456-4088,
ccb6bd64-5b1b-49ba-9beb-9053987c671a,Wilek,Bettesworth,wbetteswortha1@auda.org.au,224-171-5092,3/9/1980
f5917f4b-12d9-44b5-a951-3bc6c18046c6,Rosaline,Culley,rculleya2@instagram.com,400-678-3432,11/26/1942
4b20545b-5f65-4310-809a-d9251f3a6c02,Edyth,Merriott,emerriotta3@bloglines.com,862-229-3946,10/27/1969
ee408e1d-91b4-4424-b7df-f3b040e1b7e6,Ruthe,Lambal,rlambala4@gravatar.com,733-763-3567,9/13/2002
cdcc07a4-fa2e-40f1-9bab-d026e30ecf89,Milzie,Quantrill,mquantrilla5@nydailynews.com,320-384-4770,6/13/1970
0f53a2ad-550c-4ff0-974e-c082de0af8d3,Margaretta,Guest,mguesta6@opera.com,783-723-5280,8/12/1988
d3c80aef-aca8-48f5-b264-33fe86528118,Wayland,Freear,wfreeara7@photobucket.com,283-640-9698,8/1/1985
7d8343d0-34d8-41c8-8232-1bdc375c4b02,Eldridge,Marc,emarca8@oaic.gov.au,652-523-0616,5/1/1984
032f64a6-b69b-4b47-9e3f-9861566fc21c,Siusan,Moreinis,smoreinisa9@diigo.com,882-563-8014,5/28/1999
51f832f3-6280-494e-abb9-d10383974fdc,Shurlock,Southerton,ssouthertonaa@eepurl.com,973-646-4292,11/6/1939
16980203-c61b-4bf6-88ae-d326c0c7d105,Hube,Farmer,hfarmerab@thetimes.co.uk,128-280-5773,6/28/1960
885c9388-c1c9-474e-a1a1-924c074387a2,Cloris,Zappel,czappelac@naver.com,446-912-8490,5/31/2000
4b36eb38-faec-40cc-9d79-5d33036d738d,Malory,Mollindinia,mmollindiniaad@youtube.com,188-508-1910,2/15/1971
a4797487-197b-4a27-9ba2-e37e5ebec325,Frank,Zipsell,fzipsellae@fotki.com,440-501-8095,
704350ad-6312-4325-a1a1-5e8b50293bfc,Robbie,Skirling,rskirlingaf@addtoany.com,248-401-6854,
e0ec4c3a-f60f-4c4f-bb75-b069567b064a,Colline,Summerfield,csummerfieldag@mozilla.org,270-594-2103,1/1/1920
6264d046-ff17-4380-802f-e1055d1e97cf,Tasia,Agent,tagentah@sogou.com,614-730-7700,7/23/1962
3da62ffd-f07d-4927-8727-dc023e041431,Daveen,MacAllester,dmacallesterai@pbs.org,408-274-2969,7/20/1963
4527b189-c0e0-4f36-aae9-e332b5ddab01,Devina,Hayward,dhaywardaj@xing.com,844-496-7088,
f2fbafcc-a804-4393-82c1-bb24a4fec195,Marven,Palombi,mpalombiak@dropbox.com,303-414-3787,5/15/1925
cc3acff1-ecaa-4c24-b8f7-84f55c4f2a60,Rosalie,Charman,rcharmanal@google.com.br,462-214-4677,7/5/1991
b931dde2-5b43-488e-8be4-3c422c2d7106,Winfield,Hungerford,whungerfordam@freewebs.com,173-509-7194,10/25/1979
0952bc2d-55fa-4580-a5df-d62424752204,Bail,Letherbury,bletherburyan@nhs.uk,840-692-4091,4/18/1942
2aa2614e-f2cf-446b-bf7a-af87f991f99d,Lezlie,Fairleigh,lfairleighao@google.com.au,135-644-9675,2/10/1986
ece5c82b-5ece-40df-8edf-89b7c98fe09f,Annice,Gulberg,agulbergap@tamu.edu,276-236-1384,7/3/1948
d29ec41f-a091-414d-9e4e-0631ff79b7a2,Ilaire,Derks,iderksaq@google.pl,983-612-3250,2/17/1922
3103c6ff-2804-49a9-8135-d895490b1d12,Ardene,Sieb,asiebar@google.cn,184-253-3137,
231c75f5-e4ad-422d-a281-fc1fa37e27d8,Jacinda,Hardage,jhardageas@yahoo.co.jp,924-318-0717,3/6/1965
1877bffa-4e06-4615-bfec-126ca843d704,Dorolisa,Feavyour,dfeavyourat@archive.org,764-494-1507,6/28/1922
7b9793c7-d50c-44a8-b791-e1b6c26872d6,Johnathon,Tolworthy,jtolworthyau@mozilla.com,222-847-2263,7/28/1948
e280c64c-d69b-4ed1-964e-7132ab098fe9,Terri,Bloyes,tbloyesav@seesaa.net,860-851-1589,5/7/2011
680c5a7a-4396-4810-be3e-730ec67109f5,Jacklin,Gellibrand,jgellibrandaw@twitter.com,407-266-2243,2/23/1947
0761732f-e44a-4119-ae67-3528afa95b13,Wallace,Hargate,whargateax@edublogs.org,146-518-2613,12/7/1944
09730ed8-f00c-4183-821f-9c20636b55a5,Delia,Burburough,dburburoughay@e-recht24.de,278-723-3346,9/13/1958
8e6112d7-5507-49cc-8967-0c842bfe09fa,Timmy,Lindenbluth,tlindenbluthaz@msu.edu,338-435-1081,7/20/2009
0140560c-7982-4509-9564-44cf7ae316ef,Colas,Dormand,cdormandb0@furl.net,538-758-9817,12/11/1961
145de2d6-5c58-47be-859b-c029afda2469,Darius,Kitlee,dkitleeb1@wordpress.org,425-185-2493,10/28/2000
82d9eaeb-6b25-4d94-be73-ccc971e28347,Simmonds,Lockney,slockneyb2@admin.ch,103-575-7421,6/29/1937
bc8bf3aa-9202-47c2-bb0a-4be8c64692ce,Mahalia,Daveridge,mdaveridgeb3@icq.com,392-797-4726,7/12/1942
142e040f-53f8-40ca-9fe9-dfb1805e773c,Yolane,Faro,yfarob4@networkadvertising.org,125-654-6291,
389d0122-ef27-4eba-bb1d-f23c5c883b6d,Henrieta,Mityashev,hmityashevb5@mayoclinic.com,428-291-3673,3/25/1953
950b093a-6165-4368-b47d-5d74c9eacd36,Rockwell,Webburn,rwebburnb6@nasa.gov,906-826-8544,
f3039380-71cb-4bf8-9c6c-750debc35e19,Elna,Buncher,ebuncherb7@wired.com,657-228-3926,
ab5499ac-db96-43ee-9a30-9f374d94b69e,Harriett,Lainton,hlaintonb8@webnode.com,716-111-8786,7/15/1996
823fc863-54b8-40c7-8719-2547053cea8d,Cecilia,Dake,cdakeb9@aboutads.info,670-294-2958,7/11/2009
9eea4c79-9103-4b4e-bca0-b017d1577909,Ward,Petley,wpetleyba@sogou.com,155-560-0103,
f321f9b4-6dda-43b7-adfd-12c983cf686e,Shanie,Gomm,sgommbb@yellowbook.com,857-900-5666,7/19/1944
e62b215e-ffff-4388-96fb-1dc443cb7cc1,Cherye,Haymes,chaymesbc@chron.com,114-815-0773,11/24/1978
dac4a4f2-ba53-4792-af6a-1168ddf087b0,Barthel,Knowles,bknowlesbd@mediafire.com,516-162-6381,3/10/1959
8c951ed9-fd5a-421a-b9e6-99c78430d01f,Lesley,Camilli,lcamillibe@behance.net,749-265-6858,4/19/1956
c847df37-ce71-44c7-9af2-a7810eea8b68,Elicia,Rivitt,erivittbf@eepurl.com,363-210-2515,9/14/2010
7d6fa25a-d11a-482e-ac63-567fdcbd77ca,Madlin,Marr,mmarrbg@wikia.com,381-456-4551,
03d62b4a-e270-4bba-8d0a-b91462afabcd,Gardiner,Rozzell,grozzellbh@alexa.com,957-750-9332,6/24/1967
d6932d64-8bd5-4ac8-8fb0-e4fd30199744,Othilie,Breem,obreembi@state.gov,280-942-6162,6/30/1997
47f7bba9-f6c6-4a3e-80a8-9341ee0c60f6,Rickie,Ashwin,rashwinbj@slideshare.net,747-422-8668,4/7/2013
4330bcd6-1b0c-4011-a10d-a4f6f7e268c7,Hedda,Baggot,hbaggotbk@google.ca,475-524-1742,4/10/1939
a27428dc-b482-4997-969b-8ee82fd818dd,Abbi,Redd,areddbl@npr.org,589-553-4636,6/2/2000
8d279ec1-8d58-4df3-965d-02c5283a634c,Coletta,Giffard,cgiffardbm@ihg.com,118-907-4888,11/24/1975
258a47b8-076b-459e-8e7a-0366e99f6b26,Vale,Ormiston,vormistonbn@blogspot.com,397-879-7512,6/14/1996
fecb1c4e-76da-4854-a744-a1c470a22920,Derick,Chaff,dchaffbo@cafepress.com,497-266-6924,
ebed0789-9bfd-4f9b-9957-0f17f2079b58,Ophelia,Ashfull,oashfullbp@utexas.edu,667-283-0832,4/15/1980
c130c0af-b3d8-4018-ba75-9c35e9b05202,Monica,MacAnulty,mmacanultybq@statcounter.com,687-678-9753,8/6/2003
e38462e6-477f-42ed-949b-d67ba74c8a25,Worthy,Lukasen,wlukasenbr@phoca.cz,336-111-4475,4/22/1988
0274f0a1-ec23-4303-ac36-8c7d7ffea7b9,Pat,Edgcumbe,pedgcumbebs@go.com,499-652-1777,4/18/1969
13fbecc9-9de6-4d0a-9f66-067f98fa2ffb,Collin,Kampshell,ckampshellbt@theguardian.com,189-308-6846,11/7/1946
b0eff915-f333-4c30-8de3-5c75b7218f9d,Hubert,Lenaghen,hlenaghenbu@purevolume.com,896-242-8189,10/14/1961
4ef6b6f4-10c0-4061-a437-23b87834c8d0,Gerry,Fishly,gfishlybv@aboutads.info,898-730-8266,1/31/1955
3e4ae792-39d7-414b-a7f4-adac008c461c,Binny,Olivari,bolivaribw@google.pl,859-532-4217,8/21/2007
24d6be1a-85ff-4806-89eb-43e80f32ee13,Robbie,Sennett,rsennettbx@engadget.com,210-680-0614,8/14/1944
d435ca2b-9fc9-4b47-a40f-22b4109db2f4,Cobby,Kobelt,ckobeltby@networksolutions.com,728-756-5075,10/22/1971
3fc3558c-cceb-4e6f-b0f4-04f28b1538f8,Forster,Seally,fseallybz@eepurl.com,429-296-6846,
f94cbb54-f9c5-4259-9672-bd5b73dfe23b,Arv,Townsend,atownsendc0@github.io,502-651-2077,11/10/1967
a1cb419a-ace5-43ad-bf03-503611023ef4,Kippy,Bonnar,kbonnarc1@mapy.cz,525-316-2223,10/3/1933
e5fa7f9b-1da5-4f9f-8601-675b64ed6c5d,Yvonne,Krauze,ykrauzec2@whitehouse.gov,333-771-0249,7/18/1992
bf47b6e3-51df-4527-9568-0299f61f7b4a,Madel,Burnes,mburnesc3@unicef.org,748-352-3506,12/28/1983
42ec9ec2-07e4-4185-a65f-b2901fcb473d,Lesley,Reely,lreelyc4@pbs.org,783-859-0400,7/10/1977
785807df-bb7a-4e8e-8b6b-6fbbeeb0d85f,Jenn,Bursnell,jbursnellc5@oakley.com,137-435-5008,9/11/1970
f89b65c5-93fc-4b36-921a-8a9e86deaf59,Julina,Rawson,jrawsonc6@123-reg.co.uk,720-903-8545,4/3/1951
4ff21cb7-b68b-4223-8607-4b97babd55ea,Margy,Prandi,mprandic7@youtube.com,840-479-8945,3/18/1973
6d30c90a-877d-4270-bc16-35a28502be19,Dorree,Briscam,dbriscamc8@qq.com,882-578-6532,5/7/1990
81915230-dac8-4da6-a9f6-83ce5df0c8be,Maryanne,Benka,mbenkac9@twitpic.com,482-286-5755,10/18/1967
96ab4879-5956-44a1-aa46-bbc925a4a5c5,Jerri,Gullis,jgullisca@stanford.edu,878-212-4775,9/5/1921
ce796bc1-d4ce-4071-9db1-9a75db0410cd,Virginie,Gurwood,vgurwoodcb@hao123.com,932-475-9700,1/15/1941
34289986-3a50-4d4a-af65-23abc43a439f,Brana,McQuarrie,bmcquarriecc@themeforest.net,121-951-1273,1/10/2007
ce4e590d-3c3e-4c0b-8340-bfb00abcf203,Geoffrey,Rothwell,grothwellcd@ask.com,652-517-3123,1/7/2009
e71044d6-ab42-4a8e-80ef-9357036ddfa8,Susy,Daout,sdaoutce@unc.edu,535-897-1122,3/25/2017
334f20b7-118a-42e7-b7ca-213ad415dc38,Miguelita,Philippet,mphilippetcf@cpanel.net,191-262-5308,12/23/1971
d79f90a6-34df-40f6-b7d1-18b07036c6b7,Melvyn,Gutridge,mgutridgecg@wisc.edu,182-409-8512,4/7/1941
8b4005ee-1e08-4b2a-b1c7-aa6d657ff758,Quinton,Longhurst,qlonghurstch@privacy.gov.au,385-920-5742,4/22/1946
48b1098b-499e-43a2-ac01-9f679c86f674,Row,Leeman,rleemanci@cnn.com,722-905-8490,
aaaa0475-07ff-41f9-81ee-073e0e040a94,Esteban,Creus,ecreuscj@npr.org,286-787-5399,5/16/1942
f27e9dc0-4992-46a8-b91c-f02bc9ffe501,Margalit,Campaigne,mcampaigneck@engadget.com,861-107-5333,9/4/1980
7c754513-35d8-4286-b67b-34f8082fb596,Clemens,Oldaker,coldakercl@soundcloud.com,683-190-6338,3/20/1965
c172bfb0-804f-4dac-a700-4e52cc201c1a,Justine,Dearlove,jdearlovecm@reddit.com,954-423-9678,6/2/1924
b8c716a6-6800-4d8b-b098-305ce6955c65,Geoffry,Genery,ggenerycn@nationalgeographic.com,340-233-9127,3/4/1925
8ec7dc82-8b7f-486f-8a7d-5602fffea985,Xena,Glentz,xglentzco@sourceforge.net,251-905-3238,1/1/1954
9d9c7562-0d18-41cf-a883-0ef598edbe1b,Byram,Thor,bthorcp@a8.net,806-360-6834,3/10/1927
3042bc1d-a40a-4e1d-9bde-65b1fc7a82d1,Warren,Smees,wsmeescq@umich.edu,484-815-6554,12/13/1963
691b038e-5841-47b9-83d3-dd04430d646b,Melva,Bonome,mbonomecr@blogs.com,851-597-5418,9/27/2006
5b67a6e8-63ef-4b4c-9a82-25a4e8505a9d,Aubry,Bohey,aboheycs@godaddy.com,841-383-5514,9/26/1932
272a90ab-c1b5-4350-86b2-d3829a50f2ea,Lilli,Lockhurst,llockhurstct@answers.com,639-421-3526,5/25/1965
536f9c2a-1325-466a-9210-4020b520cbab,Zebadiah,Tranckle,ztrancklecu@illinois.edu,693-645-7663,2/11/1931
a3ee2465-c735-4ed7-8d9d-ee9e5a6c4dfd,Giulio,Bambrick,gbambrickcv@toplist.cz,922-797-2903,12/22/1948
14a9317a-2886-448d-815d-7a63cf9c43f5,Clare,Worsom,cworsomcw@illinois.edu,563-961-4252,4/11/2010
a7d6333b-3573-4005-a67a-eb875c9979dc,Myrtia,Stouther,mstouthercx@disqus.com,951-919-6496,4/6/1944
752ec823-e01a-48cd-901f-ae8ca98321cc,Doria,Zavattari,dzavattaricy@nifty.com,923-898-8091,11/27/1980
dbfb15d4-d916-4d7e-a4d0-5d528118a9ab,Sal,Khilkov,skhilkovcz@imgur.com,627-291-7689,7/26/1920
1cc11ecf-3a0f-4991-bddd-57657b46d4c1,Niall,Konke,nkonked0@irs.gov,402-600-2720,
9e613bcc-bb40-454a-a1c9-2d1b28c34569,Carley,Lyndon,clyndond1@nps.gov,748-482-2622,2/18/2015
2bc2fb0e-77d9-4f55-9899-a09174d38513,Willi,O'Crevy,wocrevyd2@bing.com,765-689-6604,3/21/1940
bd902b0b-6651-4d8c-b2a5-e7322a8729da,Marcie,Degoy,mdegoyd3@timesonline.co.uk,371-202-8155,2/28/1982
fa464b7c-6675-4eec-b832-e9dc5e133aae,Arly,Storch,astorchd4@simplemachines.org,854-450-0622,8/18/1945
53f11ea4-d0bb-43ef-b3b5-4e737b8cc0d1,Shawn,Shird,sshirdd5@alibaba.com,261-915-3696,8/7/1984
5591710e-7c26-4085-9be4-84c28045da5f,Jacob,Issard,jissardd6@gmpg.org,322-491-3180,3/17/1922
18b67509-dd6a-4833-9aa1-d1b87102be39,Dacia,Wilber,dwilberd7@infoseek.co.jp,197-664-1178,5/20/2018
0ba45430-d1ef-4b9e-967b-e9a78d1d79ab,Lorianne,Windmill,lwindmilld8@simplemachines.org,745-343-4773,9/25/1940
1a5dc786-245a-4571-b3d4-15a543a96ca5,Curt,Ellerman,cellermand9@loc.gov,420-492-3914,3/26/1949
5d8d214a-5ab2-44ff-9fcc-e2ed1b614602,Bill,Braunstein,bbraunsteinda@yelp.com,955-856-9003,10/8/2017
6a8fb527-a7d9-49e3-8cec-fa7681d603b2,Thornton,Pauls,tpaulsdb@ucla.edu,221-917-1619,6/28/1956
88b60186-9fcf-4011-94da-37166417fa8a,Patin,Gile,pgiledc@mashable.com,874-837-4492,3/25/2012
3a8585d2-e9b9-4574-8fbd-a7a56acbdb4b,Elspeth,Nelthorp,enelthorpdd@hexun.com,597-833-0198,12/19/1969
69b8e2a0-9d2e-4db3-958c-af1c3f8f5be0,Pierrette,Elington,pelingtonde@stumbleupon.com,988-185-7866,8/9/2014
62747c71-963c-4698-a368-ecd8d160c14a,Cleopatra,Garz,cgarzdf@ucoz.ru,307-794-9762,5/10/1991
a6cd0bb5-bde5-40e6-a981-abc7bca0a923,Tobye,Sandyfirth,tsandyfirthdg@sfgate.com,994-165-3576,2/28/1938
ffbac971-f4d8-4ee4-8467-1c8c7a6f6801,Rory,Bugden,rbugdendh@cdbaby.com,278-977-5786,1/25/1995
ebeabf34-6619-49b9-a3ba-bc2c0d3a3f03,Viviene,Dann,vdanndi@plala.or.jp,217-425-4223,12/8/1985
af8e8064-0753-4b59-8c78-f5769fd01c23,Emeline,Pauly,epaulydj@imdb.com,978-967-8449,1/20/1930
438bca15-38ac-4b3a-8d5b-d6eb1640e47a,Shea,Cassella,scasselladk@livejournal.com,897-409-1564,9/30/1980
9141c1b4-2895-40aa-9afe-93a45a403280,Cosimo,Artist,cartistdl@goo.gl,589-538-3509,4/20/1926
778fedff-fb33-4331-a2e0-fc5a98fbad61,Orren,Jina,ojinadm@house.gov,331-889-3415,1/3/2006
2d50bcda-d9ed-48b0-8fce-d9e39ad98b29,Haleigh,Leipnik,hleipnikdn@rakuten.co.jp,145-363-8245,1/28/1960
4c42518f-4edb-4602-9265-70ee106894ef,Uta,Swetland,uswetlanddo@tumblr.com,287-163-5109,4/5/1945
e993f7b2-9a84-4ced-9d06-2a6ff593a22e,Henriette,Belham,hbelhamdp@ted.com,995-283-7413,2/9/1995
358a31f9-b723-409b-b989-432e8e4e3a81,Joly,Haston,jhastondq@surveymonkey.com,816-835-4303,4/20/1990
3e4c96f1-6296-49e9-8afd-902200d9c94f,Moishe,Jaeggi,mjaeggidr@naver.com,431-205-0314,4/12/1997
5e736fec-1e78-460c-b428-b3250e284dd2,Barty,Laudham,blaudhamds@blog.com,979-728-9525,12/10/2001
8368a1b3-c474-4c22-8ded-80a329a87114,Mirabella,Endecott,mendecottdt@tinyurl.com,492-874-0939,6/13/1936
061792ec-2c01-4f78-8af0-00f66cd27193,Samantha,Vanelli,svanellidu@issuu.com,913-398-9290,11/15/2017
d112799b-fc0e-444d-be1b-f8c1868181a6,Spence,Reddihough,sreddihoughdv@bbc.co.uk,297-950-6514,2/22/2009
ee2fb384-38f4-4945-b7cb-683b05e5d357,Harland,Delahunty,hdelahuntydw@ftc.gov,969-958-0883,5/18/1935
159d5dce-3b30-4348-a87a-3c9658c1d6f8,Junette,Grabiec,jgrabiecdx@comsenz.com,135-899-8667,5/31/1955
ab70e237-919a-47b1-8c80-dfdab410921f,Rudolph,Oloman,rolomandy@networkadvertising.org,507-391-1542,4/1/1967
92448ee6-87ce-4604-9947-0b2c1260bb12,Minta,Firth,mfirthdz@yandex.ru,646-210-9295,12/14/1995
ecf27d56-0bc9-423d-9c96-ded098836549,Mozelle,Stobie,mstobiee0@wordpress.com,514-628-3668,5/27/1921
4adc6f67-323f-4515-b07b-3b0e6dfb813e,Garrick,Lantry,glantrye1@taobao.com,509-459-1105,8/11/2000
e03192e1-0b02-4ab0-9c2d-b119cece784d,Husein,Fennelly,hfennellye2@newsvine.com,214-140-0395,8/13/1927
193ef792-5e72-43a7-8ff9-673e853bcf02,Dixie,Wodham,dwodhame3@dailymotion.com,748-806-9727,5/11/2003
7345e834-0f27-4f04-bb79-28d4f5de8f5c,Haydon,Lownsbrough,hlownsbroughe4@opensource.org,672-181-0894,1/17/1982
cbd28e34-bf06-401b-95ed-9e22c872157a,Waldemar,Robel,wrobele5@cafepress.com,642-341-8839,
066bcfa4-d2d1-4bc6-bd45-6b7a80da3ea6,Marcos,Keston,mkestone6@statcounter.com,832-278-4464,5/13/1937
fef3a78c-df7f-48a4-abbf-3431c51b3dd1,Bink,Coneybeer,bconeybeere7@php.net,388-517-3304,8/25/1934
e683c215-5841-462c-99aa-b932e490849c,Konstantine,Raffles,krafflese8@cargocollective.com,452-634-0041,10/1/1984
039e1872-3508-46e5-8e08-7f9a710c908d,Alisander,Muirden,amuirdene9@ezinearticles.com,153-275-3716,
a804a62c-d25a-49a4-88cc-97bdab7a1147,Bailey,Bollins,bbollinsea@jugem.jp,301-964-5906,12/29/1946
a6716635-e052-40e9-8c91-1cfa89d6dbdf,Haydon,Rushmare,hrushmareeb@ustream.tv,883-749-3877,1/25/1930
b517b506-e8ba-4f7d-ad4a-e299878f5a5a,Mellisa,Thelwll,mthelwllec@spotify.com,283-638-9345,11/16/2014
de7da2e9-8cac-4ed1-9d31-d2250b9893ef,Katrina,Benford,kbenforded@wiley.com,946-956-0031,7/10/1964
6d799d5a-75df-49f2-a1a5-896ab543b6c1,Ian,Lippitt,ilippittee@sogou.com,369-973-6958,11/19/1963
3cdac877-a97d-4777-9160-bc98b2176e53,Andie,Stent,astentef@weebly.com,794-783-2589,12/12/1938
45e65c36-6c1b-4295-87fc-fe1402593ac0,Andie,Corstan,acorstaneg@alibaba.com,410-319-2525,9/26/1989
88f2c7b0-632f-431a-ac53-7946b9ba0c3a,Adi,Standbrook,astandbrookeh@blogspot.com,192-184-5029,1/3/2016
06696fed-f4b6-48cf-bd98-3aa19fc977b2,Sylas,Float,sfloatei@miibeian.gov.cn,440-230-0434,11/6/1940
9827b618-cc09-4820-998f-d52dbc1a323b,Morgen,Goskar,mgoskarej@dot.gov,975-308-2477,7/13/1986
39677c0d-7d98-4744-9fda-1f3a7fbbefd0,Jamill,Mattityahou,jmattityahouek@last.fm,791-498-8786,7/24/2005
4f49efec-7b06-409b-ad48-3a0d20507668,Gustaf,Writer,gwriterel@dropbox.com,366-561-1033,
8cc42bae-f684-44b3-8680-c8b7ec532343,Justis,Thomke,jthomkeem@bbb.org,287-292-3222,10/7/2007
6b1e6f1c-d9d0-4952-bbb7-e1fabe90c564,Alexis,Fladgate,afladgateen@youtube.com,779-520-9956,12/6/1994
679946a3-2f91-47ce-98f2-f266824a5810,Allie,Marklow,amarkloweo@lycos.com,464-420-1541,
5f955ce5-c028-4d52-a6bc-994beae54a1a,Malanie,Lemon,mlemonep@princeton.edu,616-207-2167,
1d2f6761-d037-4074-8c6c-2fb6e394de19,Aleen,Kneafsey,akneafseyeq@slate.com,449-318-2418,12/9/1991
fbc2df16-6ddc-4067-af9c-b2be6fdbfa91,Bowie,Van Schafflaer,bvanschafflaerer@amazon.co.jp,621-757-1582,1/2/1997
59b8ecac-8598-482f-92da-977cf800403d,Darcey,Penella,dpenellaes@webs.com,130-524-1350,9/17/1984
58e6dc29-4fe6-4870-a28f-1326845f1788,Carl,Blune,cbluneet@webs.com,211-337-6373,8/16/1953
ac0f92c0-480e-4071-bf0a-3579f0a628be,Flory,Redford,fredfordeu@icq.com,801-723-0279,2/17/1946
ac92c670-cf2c-4dfe-9379-ac83c4b865a3,Barbe,Faircloth,bfairclothev@craigslist.org,428-694-3151,10/8/1972
80cb65f7-9a46-4887-9e4e-70b525844be5,Malissia,Lillie,mlillieew@washingtonpost.com,989-923-4345,8/21/1970
cedacf8b-cde9-40c8-84b8-0ffe84ca1797,Fina,Bartolommeo,fbartolommeoex@altervista.org,352-177-7984,7/26/1959
71475d7f-9e25-4bc3-a45d-c5df9b0aa4e1,Dorey,Hamshere,dhamshereey@ycombinator.com,664-689-8748,8/29/1944
e13d3580-f384-41b3-b60b-0fb5e6d6e50d,Tailor,Gerrietz,tgerrietzez@bravesites.com,531-479-9046,
9c47bbaa-55bd-4cac-a13d-5b71dc52ec00,Gisele,Danaher,gdanaherf0@nhs.uk,234-696-0417,1/31/1957
72a6e392-d44c-490f-bcc6-9bf984c9cb01,Theobald,Tippell,ttippellf1@cafepress.com,192-467-3671,5/30/2010
19a6eefd-c791-4dde-a51b-bc210d086b8f,Corenda,Sammons,csammonsf2@cpanel.net,135-900-5956,11/22/1928
783e10d1-6915-48bf-98b2-1dd3bd035604,Willette,Ollin,wollinf3@fotki.com,750-495-4618,2/13/1974
531ff69b-520b-4d3c-8e54-e762142d0cd1,Sada,Pleming,splemingf4@booking.com,819-858-1914,5/22/1982
29351e2e-3baf-4766-8001-bd86ea3a7298,Kimbell,Haswall,khaswallf5@marriott.com,701-126-4466,3/30/2012
fd6cbe07-db4f-4789-8f15-595821b1d02e,Jacki,Handrick,jhandrickf6@usatoday.com,375-998-6344,5/28/2009
d565422a-3876-496a-a827-fbe691a6088c,Fifi,Breed,fbreedf7@youtube.com,163-227-4474,4/8/1985
9f2182bd-3885-47cc-83cb-a428a79e39a4,Felizio,Venables,fvenablesf8@biglobe.ne.jp,372-583-5132,12/26/1986
15c64a92-ef5f-443f-b80c-4e8c528f33fa,Wandie,Spelman,wspelmanf9@fotki.com,415-861-7631,10/30/1957
80d9e8a6-3506-476c-aaeb-30537baefab3,Dionisio,O' Brian,dobrianfa@wikipedia.org,383-246-7954,9/8/2016
bcaa80ca-a568-427d-9cca-c195cdb68343,Rollo,Butt,rbuttfb@dailymail.co.uk,623-826-0995,9/11/1988
2d65164c-797a-4fda-b2e5-973c2ad5fbd9,Sampson,Hellyer,shellyerfc@ning.com,830-995-5037,2/3/1994
f063e98c-0261-4069-bf37-a363d377f2d9,Feliks,Wimpeney,fwimpeneyfd@merriam-webster.com,999-149-7116,5/6/1990
fada0ae7-e2c5-42a3-932b-d3093e3a8268,Kippy,Neilly,kneillyfe@utexas.edu,840-739-3549,8/9/1986
6677ed90-0fb4-4d96-ac6c-2ec543cae605,Courtenay,Tolussi,ctolussiff@naver.com,978-543-6424,
8aeaa88a-06cd-435f-a74d-40e77310514a,Michele,Bonnor,mbonnorfg@nationalgeographic.com,174-735-9190,8/31/1991
4363fd9a-b799-4628-94ee-e97184b8a785,Launce,Rolin,lrolinfh@edublogs.org,354-874-1114,10/31/1960
43a378a1-d2aa-4919-a8f5-e9b3591e4c24,Hazel,Jerzykiewicz,hjerzykiewiczfi@wikimedia.org,659-426-5535,11/17/2012
b7975979-d86f-483b-9280-332911d12287,Even,Lansdale,elansdalefj@w3.org,541-786-0217,4/9/2018
00b99eee-2e64-40b2-b372-717f5183e134,Cori,Ramsden,cramsdenfk@bravesites.com,379-991-7164,1/18/1965
70c28724-ce25-449f-b0df-be6b3281ea90,Cyndy,Maber,cmaberfl@illinois.edu,243-308-3082,2/22/1941
9ea3112b-8f77-449e-a81c-2ca42f0a2797,Rivi,Conaghan,rconaghanfm@adobe.com,534-948-2944,4/25/1945
c1ca1e5c-398e-430f-b717-5bddb6860509,Jewell,McDuff,jmcdufffn@t-online.de,909-314-7479,8/26/1948
ba509b08-d54b-49b0-9da6-1126845a2fda,Bethina,Hallam,bhallamfo@spotify.com,163-186-3920,11/27/1987
e3bfbe8e-605e-48e9-a40b-98011e7b99b5,Thorn,Biddlecombe,tbiddlecombefp@youtube.com,297-468-4585,9/6/1961
7190f4e9-144a-47ef-a079-05da420c7994,Brandyn,Fincher,bfincherfq@wunderground.com,320-358-1130,6/27/1986
39e3ae6d-e8a5-44ca-a46f-32432534a512,Marlin,Betteney,mbetteneyfr@zdnet.com,889-704-3838,4/28/1976
b7b44a86-2424-4789-a560-592906bfd308,Saloma,Murison,smurisonfs@oakley.com,849-484-4281,9/2/2011
1c1cd2bf-ed6f-4316-b952-57fe77d91536,Brockie,Smy,bsmyft@webs.com,327-862-3884,6/6/1955
3f5283f4-5936-4969-ab95-ff0fdd0f958b,Leopold,Waller-Bridge,lwallerbridgefu@hubpages.com,368-453-2614,10/17/1971
f6f2f4cd-2675-410e-9943-edf26d7c4de3,Lombard,Clewley,lclewleyfv@mail.ru,840-345-9374,2/2/1943
a0cb5b14-2e7b-4338-a7b6-51cf51d4c7e3,Carson,Opdenort,copdenortfw@youku.com,983-995-6068,1/7/1945
d7025b70-c83d-4ac4-a0b8-3c565919b365,Larisa,Kirsopp,lkirsoppfx@europa.eu,545-995-6046,6/22/1963
afa3e25b-1b24-4c04-9c43-51def4a92199,Corenda,Land,clandfy@seesaa.net,800-882-2800,11/28/1988
b31b10bd-0e8f-416d-8ea9-47f07be6510f,Anissa,Allden,aalldenfz@buzzfeed.com,794-518-5375,3/26/1969
8ead3ab1-9f50-4969-9a76-e3373cf07624,Doreen,Sollon,dsollong0@admin.ch,398-544-3876,8/28/1947
0d179a62-83b6-449a-be55-92dc52af3947,Horton,Greenhow,hgreenhowg1@youku.com,145-160-2309,9/17/2007
e254b492-3fb9-4cc8-a031-0bd77993854b,Fidela,Brandom,fbrandomg2@sciencedirect.com,963-674-2742,4/30/1981
c8ac8017-b089-47d1-81a2-10662cac8a5f,Ingra,Davidovits,idavidovitsg3@oracle.com,937-575-5319,5/21/1985
bf6d273b-2325-4bc1-a7e3-eb7e2ef250e2,Joell,Caps,jcapsg4@soundcloud.com,835-318-6987,2/18/1961
e26d6ed9-ea89-4da8-8319-c42948b079a4,Parnell,Bassingham,pbassinghamg5@deliciousdays.com,860-532-6727,1/3/1952
afeae321-5726-410e-8031-01456e0322e8,Arabela,Tames,atamesg6@simplemachines.org,340-119-4779,12/31/1993
5b27d5be-312b-4ed1-af32-3999efb6478f,Ellyn,Papworth,epapworthg7@simplemachines.org,901-288-5349,
ad855b79-590b-4d29-acb8-28a1189a941d,Merrick,McDavid,mmcdavidg8@google.com.hk,122-860-3969,12/27/1980
94b5b5ee-5d59-4542-b967-32032fe6d633,Dredi,Carnachen,dcarnacheng9@i2i.jp,184-972-6224,4/2/1950
64790a53-ee02-4dec-84a0-37ba352d4334,Mari,Glasgow,mglasgowga@oracle.com,534-760-0485,6/30/1957
0ccf5a1f-e254-494c-b382-83b5b81a7e40,Morena,Margett,mmargettgb@digg.com,782-537-1396,12/19/1988
c3996f08-909e-48ef-ad74-ea0f1686e331,Donna,Bloschke,dbloschkegc@ow.ly,382-600-1248,5/7/1962
d3e49038-c0bf-4917-b56e-b960cee0b49b,Regan,Edgars,redgarsgd@weather.com,762-971-9162,6/17/1953
6cbda500-02f0-4a3a-8648-ac3d327f8bab,Levy,McAuley,lmcauleyge@accuweather.com,956-817-0301,12/9/1958
65311467-1850-4485-8537-bf97c3650865,Janith,Fowkes,jfowkesgf@gov.uk,356-875-8437,
a5e33df3-002c-47b8-9499-20000053e1e2,Shirlene,Jerrim,sjerrimgg@wix.com,783-996-1477,11/6/1943
dfa4ee34-7cf5-4277-91b6-c68082c840ed,Kristan,Oultram,koultramgh@surveymonkey.com,994-724-4290,8/16/1969
644d5a12-cd74-436d-ba07-0abfff28385e,Bourke,Stilliard,bstilliardgi@geocities.com,663-847-8856,4/18/1987
b939e2e3-0c8f-4641-a0df-162dd28ef2d7,Rollo,Fraschini,rfraschinigj@google.com.hk,763-324-3262,5/13/2008
911b3ffa-2898-4ad9-924f-6093376781ad,Adair,Molfino,amolfinogk@angelfire.com,947-740-8326,5/26/1976
47e53e84-8867-4289-a837-bae4129a442c,Sunshine,Matchett,smatchettgl@sun.com,481-274-9183,9/14/1925
47a715e6-9ad3-497c-b972-77f3d70047f6,Phaidra,Hamal,phamalgm@phpbb.com,731-507-6535,7/14/1927
1439a6ef-432d-4e95-aabb-24b17edcf70e,Bone,Whitmore,bwhitmoregn@bigcartel.com,167-185-8452,2/4/2001
48a74dd5-0c3e-4450-842c-806991ed5bde,Rosita,Musterd,rmusterdgo@hud.gov,556-759-9863,1/31/1978
04a4a234-1d94-4142-a726-a669d4335bb5,Freddie,Zelake,fzelakegp@businessinsider.com,145-133-4286,7/16/1937
cc8e1812-5c21-4360-ad8b-39dcc9b138b2,Vikki,Oke,vokegq@vinaora.com,479-963-4452,5/23/1924
d9406c6f-c168-46e5-97d6-5132e86e0dda,Burl,Dunsleve,bdunslevegr@cdbaby.com,304-512-5003,12/29/1993
869c37b3-ebe5-4bd9-8067-fb630519d023,Arnuad,Pepler,apeplergs@google.ca,837-228-4978,10/25/1960
462e9766-e625-4e31-a948-3ad2ce85db9b,Gustave,Smale,gsmalegt@amazon.de,515-420-0687,1/19/1989
9e70ebf8-90a3-4282-bc2b-5e30446424b0,Burg,Ebbing,bebbinggu@si.edu,803-662-3154,7/25/1958
759fb5eb-85d5-499e-bc19-0f9397108850,Eduino,McCorkindale,emccorkindalegv@gmpg.org,684-198-0114,6/28/1961
a4b60e8b-a3c4-45ce-82ba-d5237cb27f43,Javier,Farebrother,jfarebrothergw@deviantart.com,921-978-9100,8/31/1952
7b0bc0a5-4de4-4e45-b3a9-0cf808314736,Allyn,Ebhardt,aebhardtgx@nba.com,546-463-5448,9/5/1949
919a099f-9f30-42b5-b3f7-2fb5f68da1b1,Robbie,Shrimpling,rshrimplinggy@amazon.co.uk,925-277-7539,9/20/1957
e67dded6-464f-430b-8334-9d698716dc26,Graham,Haps,ghapsgz@miibeian.gov.cn,854-386-1758,8/31/1947
fbb70866-7711-40f2-939c-cf4553f505bc,Margot,Skarman,mskarmanh0@hud.gov,564-643-3422,12/6/1939
98684c64-f2fc-4e8f-a9b9-503073f93467,Evonne,Jewson,ejewsonh1@sciencedirect.com,430-618-9640,
c5d246b5-29e8-4f71-b311-a21579340851,Lemar,Colbert,lcolberth2@vinaora.com,286-691-0474,6/16/1975
5a292473-d52c-4a5f-bb6c-4b9d5662c365,Abbi,Mifflin,amifflinh3@slate.com,668-512-3694,
9a8615e9-3e5e-4fec-9e52-d052f37ad313,Yalonda,Briztman,ybriztmanh4@go.com,770-566-0846,12/21/1987
02d2fbb9-4e20-48c9-8105-922c0b7ef560,Agosto,Sinnock,asinnockh5@hud.gov,377-125-3809,5/21/1987
fbd56c21-8d7a-4599-b556-8c4c51e71a15,Grier,Beebis,gbeebish6@va.gov,481-431-5778,9/4/1941
56fec2cb-5634-48f7-a70d-eecb31766499,Felike,Murtell,fmurtellh7@google.es,997-392-3874,9/2/2001
6bce2558-29db-4aef-ac9d-a4896cf7da9b,Urbano,O'Driscoll,uodriscollh8@smh.com.au,981-254-5790,10/31/2001
a6773e34-a0bb-411d-be11-e60496843546,Glendon,Booij,gbooijh9@phoca.cz,739-797-7870,11/1/1935
a3889997-81fd-4b21-a778-78c0678bcf2a,Craggy,Lamping,clampingha@phpbb.com,617-674-2729,6/1/1945
1ee6e024-9d30-41a0-a14f-62b93ce4aecb,Lynna,Casson,lcassonhb@home.pl,775-622-1028,6/30/1933
4926710e-1571-4710-bab8-fd5f454f0391,Abey,Feavers,afeavershc@nasa.gov,259-584-0010,11/7/1981
19868ac9-0b57-4251-886a-ee7a3f6ffb55,Rudiger,Wraith,rwraithhd@bluehost.com,651-127-3275,7/22/1965
cf8458c5-5446-418a-8767-1fa7d50b0573,Lilian,Wogan,lwoganhe@twitter.com,790-474-5788,3/3/1992
08335782-b670-45a1-9cd0-45c55a954704,Siobhan,Stookes,sstookeshf@mlb.com,471-199-8266,7/19/1985
dcc0440d-cd48-4d2b-ac66-d452088b5bcd,Fianna,Chessil,fchessilhg@squidoo.com,108-940-8346,8/29/1999
d42cc5d6-f7f3-43cc-9d75-137489694c1c,Marchall,Bozward,mbozwardhh@trellian.com,114-483-7264,8/26/1931
40e00d34-5262-4a50-923d-2612e3989b8f,Boote,Ather,batherhi@huffingtonpost.com,418-352-1705,4/9/1997
c76c9dfe-8e5f-42a9-bbab-19342df71914,Thor,Gomersal,tgomersalhj@elpais.com,908-980-8907,6/14/1932
70f9b28d-f300-451c-b57f-876cae225c75,Alistair,Woodson,awoodsonhk@amazon.co.uk,607-181-0245,2/6/2017
04dfacf3-b1c0-458b-8e64-90d688627489,Gerhard,Antoniat,gantoniathl@webnode.com,570-311-9366,2/11/1993
be5cb881-81b1-4106-ba04-d476f285333c,Cristie,Yardy,cyardyhm@wunderground.com,901-164-9275,11/28/1998
1409e39c-a300-4d55-ac8b-0768e9fc6e64,Antoinette,Biernacki,abiernackihn@timesonline.co.uk,334-434-9934,10/25/2012
0f2d447f-5220-49f8-b324-f8182515b050,Massimo,Fidelus,mfidelusho@bloglines.com,127-528-3385,5/6/2007
61fdd817-5792-4536-be41-dd63ec885c95,Dalt,Linkin,dlinkinhp@guardian.co.uk,832-452-0025,2/26/1995
10476140-bbbf-4162-98f8-23d9e5cedbec,Kalindi,Mulliss,kmullisshq@free.fr,850-441-5323,4/5/1939
6bacecc5-8712-429a-89f3-225edbc8a6bb,Nara,Mariyushkin,nmariyushkinhr@cdbaby.com,614-957-3590,
98a8f2ed-bf81-409d-98fe-e602499fb876,Ailey,Halling,ahallinghs@springer.com,393-529-6070,3/3/1983
9002167a-7fcc-4c33-8a17-e1ac12fca72d,Ashely,Lyfield,alyfieldht@soup.io,128-524-0812,5/13/2016
9f4efc9d-7772-4de0-b78a-85b9ec29aaa6,Charil,Roft,crofthu@privacy.gov.au,724-639-5539,2/25/1963
dcbae102-8ad6-47ed-ac05-7c17c18bf3b5,Wilhelm,Acott,wacotthv@businessweek.com,581-652-5732,8/10/1945
5da78446-fe81-4dda-b6de-ff8f6eac4974,Meredith,Francklyn,mfrancklynhw@bluehost.com,279-673-8378,
ed5ea642-95ea-462c-aee4-d643676b5631,Camala,Helstrom,chelstromhx@360.cn,714-180-9994,
6983eef6-682c-4d15-a3c3-51c8352496b3,Kesley,Hewell,khewellhy@unc.edu,527-930-6873,9/28/2014
75eeec99-437e-4fe9-a157-3c8437d4da1b,Nerta,Falkus,nfalkushz@smugmug.com,682-244-5147,12/22/1999
305cda39-8977-4d2e-acc0-0af4a5017f88,Mitzi,Eatherton,meathertoni0@springer.com,200-972-2062,5/3/1944
ef04fdc8-7a55-486f-ab28-301ba69010f0,Whitman,Corneck,wcornecki1@wiley.com,762-788-8433,7/13/1980
575c8f76-48f4-4bda-8c5e-546cfb9dbd52,Edyth,Quarmby,equarmbyi2@dropbox.com,121-191-7345,6/7/1975
ffc30beb-3772-46a4-9287-49d275ca77af,Florrie,MacNeillie,fmacneilliei3@fema.gov,769-572-8167,5/15/1955
06e762ee-b99b-4640-a18f-f86b0b7f18eb,Johan,Verdy,jverdyi4@woothemes.com,738-688-1754,6/8/1975
e0e8e073-ff78-43a2-bd57-a0d5ba2a753d,Emalee,Sextie,esextiei5@so-net.ne.jp,209-971-4766,5/2/1926
d57ee4c4-4fa3-4f51-a5ed-2edc111e5f05,Mariellen,Stuckey,mstuckeyi6@weebly.com,836-955-2212,10/15/1958
6ec86323-5f45-4a19-8135-975f676c31d1,Toiboid,Bodocs,tbodocsi7@last.fm,405-806-4180,1/15/1928
597c5289-ab56-4923-ab57-9ff64b229fb2,Karol,Braney,kbraneyi8@archive.org,462-183-2510,8/1/1935
300bf83e-1c07-4bf3-9ea4-d2c38fde86c6,Pascal,Koubu,pkoubui9@storify.com,225-276-3957,12/22/1989
c9e73f0e-cb87-4184-b1c6-01b370c61ff2,Bell,Lowdeane,blowdeaneia@howstuffworks.com,894-819-2850,1/4/1997
ff0742a0-e77a-4928-9c4c-830e324110ff,Mauricio,Toderbrugge,mtoderbruggeib@drupal.org,602-420-5888,10/25/1961
915619e2-2d6d-4ef4-b49c-dea00b181e39,Lucius,Eubank,leubankic@uiuc.edu,250-450-4274,8/29/1980
b7979592-156b-406e-aeea-1e3c3bbd1d0c,Shurwood,Pollak,spollakid@prnewswire.com,215-824-1188,10/18/1988
830a6d96-6c5d-45d8-9483-7eea368b90ef,Berte,Kerner,bkernerie@google.pl,303-166-6168,12/23/2008
95402b96-b1e3-46b3-a03a-8a17baaa9bbb,Elizabet,Usherwood,eusherwoodif@nifty.com,578-675-2480,9/29/1946
1bcc8d5c-8ca2-4517-bb98-82606547ab67,Shana,MacPharlain,smacpharlainig@shutterfly.com,481-248-4241,12/22/1924
4658b7ad-d044-44f5-9944-f39e49cc2591,Ernestine,Clayworth,eclayworthih@ft.com,563-937-5826,8/1/1998
806fa4a2-093b-429b-9adc-451bf1141ef1,Fina,Volante,fvolanteii@alibaba.com,467-729-4306,
53d4ec52-a527-4c72-9ea4-f8fa3b07a9c8,Hadley,Thatcham,hthatchamij@edublogs.org,799-320-3986,6/3/2018
907fd775-2acf-4f83-bc5f-965e039be596,Ulrika,Longworthy,ulongworthyik@ehow.com,187-339-0149,7/7/1955
7298da65-596b-4843-962e-d9246f1cb4b0,Dalis,Yosifov,dyosifovil@domainmarket.com,856-943-1214,12/20/1933
a146bd51-00ab-416e-92fe-287e837ae262,Ozzie,Bloschke,obloschkeim@google.it,312-585-4517,2/22/1927
039195d5-43ed-4d7e-862f-2ccaf9ab451d,Shaylynn,Castella,scastellain@mlb.com,547-134-7770,7/8/1920
f3e75b0b-e44d-4532-b30c-8d85e0d1766a,Dehlia,Andrieux,dandrieuxio@uiuc.edu,766-194-5290,2/26/1957
93893646-e13f-490e-928f-a55876572e9a,Natalee,Ellcome,nellcomeip@ycombinator.com,312-154-0910,5/29/1982
121cab50-948c-46fa-be7f-4dae3ff4739e,Urban,Castellani,ucastellaniiq@tmall.com,357-242-9369,9/11/1947
218c01d5-4e23-4bcf-8856-4175bcc00346,Carlie,Poynor,cpoynorir@mysql.com,336-372-4689,5/29/1971
6205bd2c-ac7d-428e-9d36-7ba892cb6e56,Ezra,Ohrt,eohrtis@dailymail.co.uk,192-330-7270,9/26/1997
0284db09-7864-4fb9-8039-e9b7f2838e23,Lurline,Billington,lbillingtonit@google.com.br,779-929-8799,12/30/1930
5edc8230-78e5-4b8f-9d58-3adf9e4f9924,Ram,Tattershall,rtattershalliu@nps.gov,738-762-7220,1/1/1933
40214229-c990-48e1-a912-29e1cbb212b1,Lemmy,Howood,lhowoodiv@usnews.com,608-814-4181,10/9/1994
f5a2ac85-6e25-4a37-80e0-470c4ab1b53f,Alex,Gonoude,agonoudeiw@prnewswire.com,299-655-9864,10/2/1997
5f0fc823-5885-4fa7-962b-b468f9038c16,Justis,Lantiffe,jlantiffeix@webmd.com,284-137-8593,4/24/1998
ab768721-af9f-4416-b5f5-cb51575d570e,Linell,Stannah,lstannahiy@bloomberg.com,310-766-6252,4/2/1964
bed92e45-8111-42a3-b47f-c7ad5ea65469,Kellina,Bartolini,kbartoliniiz@chron.com,224-244-8467,3/5/1982
0ab8fb57-7bc5-4c61-903e-a0518210e24a,Pierce,Jollands,pjollandsj0@technorati.com,684-824-6378,7/20/1936
03ff968d-0f1c-4bc5-b465-3045ba8fcd2f,Allie,Game,agamej1@upenn.edu,962-470-1683,6/14/1956
4ce751b5-5116-4553-8284-583c5b1531fd,Theodor,Turmell,tturmellj2@marriott.com,355-685-0470,4/30/1921
ec52e771-9948-4d02-8466-08de3dfa43fc,Arleyne,Thinn,athinnj3@bigcartel.com,896-173-2658,4/18/1922
99f2fe15-b064-4a2b-96da-d9d6bd0e3ac6,Chaim,Ipsley,cipsleyj4@bbc.co.uk,415-816-1014,10/27/1988
2d033831-9b4a-4e61-9b69-9b2bbf46650b,Clare,Sparwell,csparwellj5@who.int,476-258-3532,1/1/1995
eef9689a-0600-42e4-92cb-1c9a54e13782,Charlene,Vogelein,cvogeleinj6@fc2.com,381-781-6705,10/14/1956
a1173814-3c15-41fe-b700-dd7b30ebbf0a,Aliza,Butterfint,abutterfintj7@google.co.uk,507-545-1496,12/4/1999
d04b55c5-ae57-4fe1-a409-a4ac3c53f104,Ramsey,Dislee,rdisleej8@wikipedia.org,352-511-3288,7/26/1955
77d181da-b05f-4ce9-ab0a-b7f9166cc36f,Elliott,Gaytor,egaytorj9@java.com,814-681-4703,2/26/1931
63d1e5c7-5311-4194-b287-57195c89acf0,Harlene,Shieldon,hshieldonja@wp.com,666-374-1870,1/6/1951
36da4db2-b0a7-45cc-9e9a-808606eb05f5,Gaultiero,D'Ugo,gdugojb@themeforest.net,827-888-8222,
15c7858c-7951-4703-be80-e14b78576f77,Joleen,Suarez,jsuarezjc@exblog.jp,992-408-7253,11/3/1969
644f1742-0076-4cfb-9d41-43811bfe7321,Wilek,Kinningley,wkinningleyjd@cornell.edu,219-168-4964,5/26/1986
401f7ce5-26b5-4b11-a29b-46ee24ba3d93,Floria,Cleaver,fcleaverje@china.com.cn,330-812-4438,8/26/1943
f345aee4-b5c3-4022-ac87-5c345dedb534,Wallace,Crewdson,wcrewdsonjf@tumblr.com,825-522-6928,8/15/1936
4a6b3600-37dc-4675-83c8-66bed9cfd145,Giffie,Knocker,gknockerjg@linkedin.com,285-726-7276,12/24/1941
b8dc3bbb-92dd-400f-8a24-753e7bb46ead,Allistir,O'Growgane,aogrowganejh@ft.com,141-209-1462,9/25/1967
1f670582-887e-4fb7-b9be-498637be6a78,Corrie,Fidoe,cfidoeji@uol.com.br,982-567-9781,8/31/1995
61052cc4-f1ef-4486-8f06-50fdc03bbbef,Nick,MacArte,nmacartejj@icio.us,296-148-9872,4/23/2005
d6d27ae7-e1c1-413e-8152-0dd95ebc5a22,Asher,Hurburt,ahurburtjk@chicagotribune.com,375-939-5063,
ebbd4349-c3e8-421f-8798-d901d0d3e67f,Caryl,Beidebeke,cbeidebekejl@theguardian.com,633-237-8092,10/25/2000
8489255f-bd9c-4229-8a31-c788b9191537,Paulie,Trye,ptryejm@squarespace.com,453-296-6027,12/8/2006
cbfdd06d-5dc1-4eed-92ea-9ad414fef2f6,Adorne,Coulter,acoulterjn@virginia.edu,463-558-0870,6/22/1932
7b1ba734-5c5d-4d17-88e7-577c4e4fc0bf,Anthea,Newland,anewlandjo@sourceforge.net,828-167-7492,12/12/1946
47ec5cc1-1ec6-41a9-bf91-a25516b6d0fa,Marion,Earney,mearneyjp@bigcartel.com,417-192-7233,11/14/1954
becb4d2f-ebe1-4485-b425-b8ef5bc5c76e,Elga,Gheorghie,egheorghiejq@omniture.com,636-118-9561,12/27/1924
b83ce347-99b7-4c5b-b86c-784b4886013a,Olvan,Urridge,ourridgejr@artisteer.com,488-984-6415,7/16/1921
390bbd01-a9cf-4510-940e-b9f126fb428a,Reiko,Herche,rherchejs@wiley.com,995-805-5280,9/19/1955
5346b1d9-6314-494d-bce4-3b0985839f20,Alaric,Pirri,apirrijt@bbc.co.uk,500-985-7613,2/7/1952
d0698276-4f2c-4904-b32b-385af32be8a8,Barri,Ousby,bousbyju@yellowbook.com,148-741-6360,11/8/1957
9c852b52-a632-4add-bc78-ff4c4c50d381,Rosaleen,Ridgway,rridgwayjv@360.cn,121-483-0721,9/19/1950
aa731ac0-1267-4e7a-a7e2-9f065073cfc9,Joye,Willatt,jwillattjw@list-manage.com,452-739-7465,2/21/1983
a2199f37-ec1c-434e-be35-ce6d9754f8ce,Kippar,Endean,kendeanjx@comsenz.com,805-795-7612,6/16/1927
eebbdfff-e984-4fc8-a685-ebb22eaabd23,Dyna,Sancias,dsanciasjy@nifty.com,135-568-6220,
d132bb2b-0773-41c7-9748-268d907be5dd,Emlyn,Iashvili,eiashvilijz@wikia.com,523-687-0911,5/4/2011
8c2c9d41-a447-465d-822e-f418f226edc3,Laurena,Weems,lweemsk0@meetup.com,857-677-5114,8/6/2012
69cc3e70-d54f-441a-8e9f-54792e842ee2,Hyacinth,Virgoe,hvirgoek1@statcounter.com,602-898-7916,1/3/2012
8f867e5b-2962-4b0f-b7b5-1f8aab9be59a,Felizio,McKennan,fmckennank2@elegantthemes.com,252-807-1825,5/9/1983
1ea2dfb5-22fe-4220-99fc-91e0973023b4,Parke,Jenney,pjenneyk3@symantec.com,472-619-5428,2/20/1933
53494ec1-e24f-400c-85c8-9c849aa1c9c9,Evelyn,Van Waadenburg,evanwaadenburgk4@digg.com,333-412-2959,2/17/1978
33dd4c9b-bacc-4631-a840-71540420881e,Ofella,Kerfut,okerfutk5@howstuffworks.com,203-105-3948,4/26/2003
fa81684a-54c7-4abc-b757-655bbc0e4f8b,Elora,Dennitts,edennittsk6@mit.edu,582-480-0504,11/18/1928
45ad3ea0-7ad7-415d-8d0b-e302a94a21f9,Pavlov,Steane,psteanek7@wunderground.com,860-733-2448,8/29/1924
c85bedba-29d0-4d8f-89a4-59b95352f2b2,Maisie,Ronaldson,mronaldsonk8@sbwire.com,745-455-5683,12/3/1973
570cd1e6-366a-4590-b8f0-1e7f02fb8979,Massimiliano,Heintz,mheintzk9@nih.gov,915-189-1808,8/12/1975
99ffe16c-47f0-48c1-abe9-96e295ffab3f,Ali,O' Mulderrig,aomulderrigka@lulu.com,304-398-0335,10/28/1935
e6040e8f-77e3-45b8-8e73-b0349265065a,Caryl,De Filippis,cdefilippiskb@creativecommons.org,404-930-8638,11/3/1964
cf497cae-73a1-4f4f-beb0-2ff5dd9a30e1,Kerby,Stoffersen,kstoffersenkc@is.gd,526-634-3694,4/20/1937
202c64b8-a6c8-47b1-b024-c6ede4ebb24d,Missy,Mattea,mmatteakd@vistaprint.com,985-501-9267,3/10/1945
30cb90f2-a136-4fcc-a58d-a6513d72f0e5,Glori,Cholomin,gcholominke@dedecms.com,594-778-8408,
adebaab2-8080-4d19-a711-c23ed90ee0c5,Dillie,Sives,dsiveskf@seesaa.net,707-252-1205,11/13/1923
818b35a2-68e1-408f-ab09-64258fcc5fcd,Zachariah,Skamal,zskamalkg@umich.edu,484-567-0338,10/8/1941
c162b479-f73e-4591-b0e1-077084705826,Kayle,Medlen,kmedlenkh@de.vu,490-278-7025,10/6/1980
50dd9cd4-e4bc-4c90-9ade-f6f3cbb81fc8,Joceline,Chipperfield,jchipperfieldki@example.com,312-340-9824,9/23/1962
1edcab2d-28c9-4683-81a8-31e48fc75a07,Orbadiah,Simpole,osimpolekj@latimes.com,697-103-6612,
d8c2ee15-c7ff-485e-972e-bf9b0a19261e,Brooks,Krout,bkroutkk@irs.gov,371-397-4468,8/1/1998
15c2e1eb-1331-43ff-996f-a49d67a52894,Darline,Malbon,dmalbonkl@cpanel.net,766-973-6601,6/26/2018
7cf58761-d849-4e4e-8a3e-c49bba4cb1c9,Tyrone,Storrs,tstorrskm@opera.com,667-757-9446,12/15/1986
19e5dfeb-f20a-4283-81d8-fe4147f6d28c,Cristian,Soutar,csoutarkn@irs.gov,148-804-6562,6/19/2014
a09000ec-a0b5-4b76-96cd-c8f8f3cfed09,Ester,Pheby,ephebyko@phoca.cz,190-934-8674,3/23/1929
e84717d6-f03f-421b-b850-7a6af81b875c,Leslie,Newvill,lnewvillkp@meetup.com,731-119-1837,9/26/1953
ed6e302d-9f3f-4430-8fb5-d9b16664f2d8,Nevile,Gregorio,ngregoriokq@cornell.edu,723-561-2796,10/25/2009
744fc143-12c0-4629-8e8f-163f1256b4ca,Davide,Massimi,dmassimikr@umn.edu,210-941-7464,11/5/1996
e2d4ce7f-c41f-4d6c-a78a-933008cde450,Morey,Windless,mwindlessks@google.co.jp,397-602-7875,4/29/1998
574548d3-88f0-4e27-86a6-2045afa91e53,Beale,Claeskens,bclaeskenskt@comcast.net,629-593-5167,12/13/1988
51e5fc4f-6952-4bab-89a4-dad375b21948,Bennie,Flicker,bflickerku@histats.com,521-487-1560,9/21/1949
a9402f87-df3c-46d6-a256-51efd1a02f9d,Wilfred,Wigfield,wwigfieldkv@myspace.com,475-389-3945,6/10/1975
95b43157-43cb-4953-8596-da5564c471e4,Virgie,Nafziger,vnafzigerkw@tripadvisor.com,222-896-8097,7/17/2011
31f8788a-ede4-4175-80ab-e3eff4c84956,Kaycee,Hinkley,khinkleykx@purevolume.com,793-834-9131,9/24/1923
2bb2777e-21aa-474e-8dc7-d6218eea5c02,Sheba,Castelli,scastelliky@vinaora.com,509-355-7677,10/17/1927
06b293b4-b09f-4f6e-8508-36f923171400,Spence,Orans,soranskz@ftc.gov,183-199-6806,3/24/1954
17191b09-919e-45f8-8b8b-b3ca4fd827a0,Naomi,Mandrey,nmandreyl0@geocities.jp,243-944-4446,2/24/1920
eaf021d0-c031-4aa0-98a6-5766d9ac36e8,Queenie,Steeden,qsteedenl1@icq.com,922-694-0083,2/11/1955
3cce385b-2cf7-4827-9d4c-b18f0a90b6c1,Aeriela,Simms,asimmsl2@webs.com,984-313-3702,
1cbc580c-f35a-45f7-bb3d-cc21269f21ed,Haley,Moland,hmolandl3@sitemeter.com,190-304-8021,2/5/1988
f3fd2444-3d79-445a-9ba1-b7d30b910f7b,Westley,Aberdalgy,waberdalgyl4@china.com.cn,889-423-6011,1/30/2010
34d9dac2-a4e1-4ef9-9788-c91495f6e1c3,Ethyl,Mufford,emuffordl5@ovh.net,446-888-7347,9/23/1950
7b16aa44-c157-46cf-88df-96d70cd7c0d7,Jerrome,Titley,jtitleyl6@wired.com,958-514-1278,9/15/1934
17df8138-5125-4e9e-8147-de53244abb3a,Onofredo,Havick,ohavickl7@msu.edu,310-633-9730,1/25/1924
a26a93ed-9476-4298-a184-885487229268,Ursulina,Brailsford,ubrailsfordl8@statcounter.com,999-207-0655,10/16/1936
d405de66-4ff8-4218-a610-657517a37063,Magdalena,Oakenfield,moakenfieldl9@businessinsider.com,472-359-4469,8/19/1944
62b293b7-bace-4206-af51-fb84d3ee374c,Mandi,Folk,mfolkla@wp.com,459-424-4340,4/24/2008
ca1e3487-7241-42c7-abed-196830a6aaa1,Michell,Alphege,malphegelb@virginia.edu,100-558-9899,3/11/1977
a19e7f68-cf32-4811-a7e5-c1dea822cba6,Kassey,Robbeke,krobbekelc@psu.edu,416-469-2112,4/6/1930
442ec023-b2e2-42c7-af77-580f0d9f6622,Ruggiero,Rattery,rratteryld@desdev.cn,460-756-2077,11/4/2012
6f383358-3768-432e-a0d7-eeab98e85809,Laura,Youngman,lyoungmanle@taobao.com,757-512-5084,9/12/1972
06934319-3e8a-4f5b-a0cb-b095c89a8e67,Jessalyn,Pepi,jpepilf@intel.com,323-982-7489,12/31/1950
464edced-cbab-4ac3-af05-fae732910e70,Daniela,Squeers,dsqueerslg@zimbio.com,232-398-9050,3/27/1920
314d6ea1-b099-46ee-9f69-9db93a90d66b,Euell,Thurber,ethurberlh@apple.com,132-961-6064,1/20/1986
8b446223-b600-490e-98ed-57eed55ce48e,Kim,Readshall,kreadshallli@unesco.org,189-727-3625,4/11/2007
38402253-65ed-4b14-b23d-4828daddde8d,Archibaldo,Delos,adeloslj@utexas.edu,466-424-6868,4/24/1962
84b55176-ecf3-4e63-ac65-a3388b71d926,Anett,Mariolle,amariollelk@sina.com.cn,964-780-1656,6/12/1989
609db993-6571-418b-a1ed-f6c98d2924c4,Krystalle,Hryniewicki,khryniewickill@prnewswire.com,753-976-8958,9/21/1958
6d837f0e-62bc-4f61-8e6a-34a95994b8e4,Desmund,Heilds,dheildslm@nhs.uk,229-109-4496,8/31/1987
6cbc3e25-25f0-463f-8bbd-db15f31f742f,Bayard,Cordrey,bcordreyln@shareasale.com,964-586-1357,
6363f471-69e4-4b79-93b7-34efbe0351ac,Emylee,Creigan,ecreiganlo@arstechnica.com,907-294-0353,2/21/1924
0092db27-e3fd-4ff5-8443-e951ab8e05ac,Brett,Belderson,bbeldersonlp@virginia.edu,644-937-6456,9/5/1993
34bf25d4-4b27-4b9a-80ea-62d11be10e4a,Frasco,Kunz,fkunzlq@nytimes.com,608-205-3003,5/1/1959
beba1bbf-f403-47c6-b045-a2416a3c47e3,Bili,Swadling,bswadlinglr@oakley.com,412-891-0125,1/17/1961
b6babe85-ab88-433a-9830-8ccc69652b0b,Curtis,McGahy,cmcgahyls@ifeng.com,588-626-8979,2/25/2008
daa5845b-0625-4cc2-8b42-d2fc0ac12282,Kelley,Kief,kkieflt@cloudflare.com,379-687-9927,11/1/1986
d1210a77-3845-4967-bb9a-ceab3fa66e3d,Maren,Ducaen,mducaenlu@zdnet.com,117-186-8945,
19a4823d-edaf-4813-81c4-39b7db70b13b,Franny,Hodgets,fhodgetslv@msn.com,265-202-4777,1/22/1958
94fe329d-5b12-4e16-9c7e-bdb0dfb5d3a3,Maurits,Bousfield,mbousfieldlw@cafepress.com,361-269-1583,2/9/2005
1ec53ab3-360a-45f3-8be5-b9e4e0e7f4ad,Archer,Patullo,apatullolx@facebook.com,495-590-4597,4/3/1954
42f2c835-32fd-4e21-8c66-1474990bc0ba,Rafaello,Goring,rgoringly@uiuc.edu,927-232-8374,
4692cedd-6452-4614-945f-d80121e0597e,Galen,Hymus,ghymuslz@harvard.edu,888-213-8157,3/4/1934
8e53bae6-78f4-4d27-bc1a-0b8c2300de67,Charin,Swindin,cswindinm0@mapy.cz,632-988-9211,6/4/1975
85c8fd0c-5aaf-441b-80cf-16c8225cb0d2,Bee,Dufer,bduferm1@e-recht24.de,654-970-1419,6/19/1979
85526eb7-dfdc-41b3-9e1c-1da56f900dde,Vinny,Symmers,vsymmersm2@blogger.com,314-255-1705,9/20/1953
e448e2fd-b818-4067-ac92-6c2507925735,Cecilio,Walkling,cwalklingm3@amazon.co.jp,695-174-8134,7/23/1947
670c2a90-0f9a-4e30-bd4d-6d57df798c93,Evanne,Tompkiss,etompkissm4@foxnews.com,660-874-8127,11/10/1930
2a7f6150-7474-492d-875e-c1acd3ef4765,Valerye,Trubshawe,vtrubshawem5@ihg.com,994-655-3331,11/5/1974
b29e7394-7313-45ca-8c7e-88bba58989a8,Annelise,Broggio,abroggiom6@msu.edu,629-910-6320,4/23/1987
2b3c2229-06ca-48c1-b1eb-8f16ccfe758c,Pierson,Strangward,pstrangwardm7@time.com,375-251-3160,10/20/1929
785acda7-8c4b-4851-8208-93138fed6191,Herbert,Clynman,hclynmanm8@hud.gov,249-246-9905,4/18/1948
b6182276-4357-40f5-adb9-60e3ab30fd02,Ingrim,Wharby,iwharbym9@free.fr,895-445-9505,1/30/1966
942455d6-c3ff-4586-89ff-ceabe771b3b7,Itch,Newvell,inewvellma@scribd.com,890-949-5857,6/5/1939
71840718-7d6d-4f71-98c2-6e81a735e871,Wilbert,Tinkham,wtinkhammb@house.gov,960-745-0394,8/7/1995
139977d4-fd7a-4665-b8df-f543b5899052,Bartholomeo,Stammler,bstammlermc@digg.com,110-717-6079,7/30/1948
0b3c3563-f16b-40a7-9057-18260ad36f93,Shalom,Gartery,sgarterymd@google.ca,385-408-5049,9/23/1973
935229c4-69b6-4b65-bdef-fd9c24b35e0f,Base,Sealey,bsealeyme@ezinearticles.com,967-174-2407,12/20/1947
e2cb0d98-1394-4b96-9d3c-c7bb4e148385,Nannette,Bonifacio,nbonifaciomf@fotki.com,137-195-6695,2/25/1941
a5fce065-81d1-4ea5-8f15-12e647cc9888,Heall,Rudiger,hrudigermg@smugmug.com,572-423-3090,12/21/2009
249e88c5-71da-4823-a01a-89d0971b7b26,Elinor,McKinn,emckinnmh@hatena.ne.jp,459-828-8872,5/13/2004
605c0d1a-089a-4151-a6b0-e0230f318b3d,Weylin,Humblestone,whumblestonemi@moonfruit.com,209-847-5466,6/27/1952
6a21ca98-a9b7-46e4-92a0-f02a459b2b6d,Germana,Hellwing,ghellwingmj@upenn.edu,698-810-8296,
bda211b8-b879-4e67-82ee-17dc7726f526,Abeu,Bowdler,abowdlermk@spotify.com,195-537-0092,12/11/1969
e9c6fed7-962a-454e-a319-2a06d77f58eb,Nicolais,Turfs,nturfsml@paginegialle.it,541-478-0574,4/1/2003
51e7ad70-eab2-41a0-bae3-de55364f8fce,Greggory,Ritmeyer,gritmeyermm@mail.ru,508-412-2613,
0754b242-74f6-48ad-9a8b-6c4af175b8a4,Elie,Pellitt,epellittmn@toplist.cz,359-290-8347,
e6289e12-f592-4453-80c4-986f596fd900,Heda,Vasilmanov,hvasilmanovmo@samsung.com,124-320-5688,
56dbd033-e727-45bc-a039-e5d4ce7f1241,Beatrix,Dulen,bdulenmp@hostgator.com,464-829-7032,12/25/1964
30b492fd-73b1-4c17-a3cd-621ed27319a6,Rochell,Cato,rcatomq@miibeian.gov.cn,249-891-3868,
6e08dd0b-60f3-474b-9d01-939f183b2077,Emlen,Staig,estaigmr@newsvine.com,387-318-6063,7/13/1929
d37df6b9-3675-4e8c-9f0f-033789e37592,Vonny,Becke,vbeckems@skyrock.com,884-954-7531,5/5/1977
6314b032-5ee4-4e02-85b1-9f9e3bfa9e3d,Maison,Merrien,mmerrienmt@google.it,724-670-1477,4/21/1984
ee0261d2-d5ad-4751-9c73-5f9552b1d62c,Clarke,Haill,chaillmu@merriam-webster.com,675-758-1965,2/23/1949
ccbd2640-6254-41ac-9816-8139f101c3fc,Claudine,Folan,cfolanmv@youtube.com,954-949-5943,8/21/1980
65b19d3a-f6a0-485a-9dd7-703e489c3f9a,Steffane,Grishanov,sgrishanovmw@prnewswire.com,330-461-4276,
f8dfe381-16be-46a8-a467-34b590ce920b,Kittie,Marskell,kmarskellmx@discuz.net,296-157-9599,
e25c05f2-b7b7-43b4-960b-2662bc8eba17,Arnold,Lorans,aloransmy@goo.ne.jp,540-313-4813,9/25/1991
1d906c6c-a99e-40bc-8d81-2be43afe7551,Sioux,Mills,smillsmz@addtoany.com,420-626-0441,10/10/1921
ff8e8327-b923-4f69-95bc-441381c08a91,Daron,Ralton,draltonn0@furl.net,798-851-1143,12/24/1969
f0817fdb-e758-4e40-a826-44a25ceb9279,Adham,Bayldon,abayldonn1@netscape.com,790-930-0882,
357878d9-c492-4dba-ae5a-272e351651e2,Neda,Todman,ntodmann2@posterous.com,756-367-5432,
693f0881-aab2-4e5f-a6e4-ffb68593253a,Vincenty,Tivenan,vtivenann3@bing.com,568-261-5330,1/16/1944
6217b64a-a902-4d01-8ed1-cc50a369ac3c,Dniren,Leavens,dleavensn4@liveinternet.ru,498-355-5814,9/3/1995
3b7d0f9f-bae5-4940-b392-c0105437f34d,Serene,Scorey,sscoreyn5@icio.us,390-992-1616,
735afbfa-01f2-457e-b0e6-bd54a469a5eb,Cecilla,Hargerie,chargerien6@elpais.com,129-564-4865,6/30/1955
d8566da0-b69c-49e1-b8af-28226b94ee2f,Jeannie,Dobney,jdobneyn7@spotify.com,167-130-9434,7/17/1971
dfe172d8-f77a-409c-ba67-e1e933f2c558,Vivyanne,Sarfas,vsarfasn8@wikispaces.com,360-997-1910,12/10/2009
641109ca-ca8e-4634-bb0c-7b251662be1a,Ethelind,Balint,ebalintn9@mashable.com,329-210-4293,10/6/1981
43d9ed79-41ac-45c6-b2e7-c29b7a5621e5,Nolan,Emmerson,nemmersonna@dell.com,760-645-1368,11/25/1983
ece5b47d-c810-4c47-93f8-0197e5fef32b,Isidora,Reaveley,ireaveleynb@goodreads.com,364-962-8843,11/21/1986
135111dc-6da4-4705-806b-e4d7386d503f,Rosamond,Danielut,rdanielutnc@list-manage.com,714-737-7070,2/15/2015
750a4dcd-ee27-4a67-b21d-822751c463d6,Charlene,Lanegran,clanegrannd@instagram.com,463-258-4576,
4b045ce1-6f4c-464a-9e8d-8c726ed08eef,Gay,Apps,gappsne@goo.ne.jp,914-517-9558,11/27/1946
95f69644-af03-4812-91a1-e64b20a2ac6b,Noah,Bending,nbendingnf@arstechnica.com,658-627-4985,9/8/1941
549ea98e-572d-425b-a9f2-d89b43786db0,Caspar,MacGinley,cmacginleyng@mapquest.com,822-748-1325,1/30/1983
28c8eafb-c9e4-4355-905a-ecad1f137697,Lennard,Starr,lstarrnh@g.co,950-201-0167,1/17/2011
cbd9f990-1213-47ea-9f0d-41940b8a7683,Trixie,Matityahu,tmatityahuni@gravatar.com,581-593-8541,12/30/1973
2f4e7627-4a11-4e5d-b849-93955870d984,Starlin,Petrovsky,spetrovskynj@weather.com,916-154-3263,1/24/1949
e0ecc460-4b89-42b2-8858-cc526d91b7f9,Darryl,Landeg,dlandegnk@typepad.com,116-536-7932,2/25/1954
02e7ef00-ef39-4567-9d01-513268d496e0,Alis,Steffan,asteffannl@spiegel.de,245-928-4252,1/16/2000
6cb82c82-569d-49da-9c70-bedda6dcbe56,Baudoin,Swetland,bswetlandnm@vkontakte.ru,696-473-1944,4/23/2007
14e3f15f-5f88-464b-8f36-a9e9250d4de5,Emalia,Donegan,edonegannn@cocolog-nifty.com,628-603-1374,3/14/1929
6d1b58af-98d4-4172-a361-daed825b9e2b,Eirena,Canti,ecantino@usnews.com,439-615-5895,4/27/1971
2476b1ec-35f6-45f8-823a-e8515d0091fb,Lynn,Standish,lstandishnp@epa.gov,582-188-8297,5/9/1957
6c8e936a-e6bb-43dd-8da5-a3c43151b55f,Anatole,Augustin,aaugustinnq@huffingtonpost.com,635-584-2701,3/15/1977
4310557a-0b3e-4202-bc19-73f45c6a1461,Stefa,Jest,sjestnr@miitbeian.gov.cn,303-563-8147,3/28/1990
dc98f82e-5478-4113-8ad6-51d01ae19963,Rowney,Abethell,rabethellns@nsw.gov.au,604-441-5509,10/7/2014
faa8b725-5fb3-403d-9aee-e043b707b7ae,Juliann,Jennaway,jjennawaynt@w3.org,886-283-9880,6/17/1960
6a9fb949-644e-4cfa-b29f-d0326fbe5af7,Nil,Havick,nhavicknu@msn.com,470-514-9281,7/15/1995
126e4c65-29e9-46ae-99a8-0d23a3218d36,Casi,Greenless,cgreenlessnv@state.gov,727-746-4671,1/8/2008
826303d6-dc75-4d2f-b0bc-224303fc7b31,Tymon,Eastham,teasthamnw@bing.com,330-304-6825,
92bee487-4a20-4ca4-8aea-dd0a292005f7,Lena,Newlan,lnewlannx@clickbank.net,387-104-2248,2/5/1965
c8e83518-f1f6-4409-9bcb-8384370e9c03,Caz,Dallimore,cdallimoreny@cbslocal.com,287-162-1779,3/10/2006
7c9d74d2-e1bb-444f-a196-9bd1f124e3e7,Currey,Gates,cgatesnz@bloglines.com,587-620-0851,
a13e42fb-0478-46b2-b037-d7fba7634c0a,Nat,Leppingwell,nleppingwello0@shinystat.com,359-564-8937,6/7/1973
9a66addb-7540-4d6f-b237-971bb5cc03a9,Moise,Rogeron,mrogerono1@cdbaby.com,284-419-2759,
02381cdd-7621-4cec-8477-d5567f6e3fba,Dolli,Halfacree,dhalfacreeo2@samsung.com,406-634-4577,9/7/1949
70149b92-b5f8-46af-b8e9-172588c7fb69,Christie,Robroe,crobroeo3@chron.com,106-783-6555,8/6/1991
b0bbaf47-5dfa-4121-aa31-f1398acd88b3,Theodore,Iacovelli,tiacovellio4@vinaora.com,455-955-6497,
bb9f5f7c-f5fb-4265-8ef1-e904c5c0ca25,Saleem,Wrangle,swrangleo5@webnode.com,978-130-5481,5/4/1936
9f26aa8b-75cf-46a5-8577-02b9ee08986a,Robbin,Meininking,rmeininkingo6@etsy.com,292-887-9693,3/21/1979
8b785b9c-bcec-4bff-bab9-8a3e38855c4e,Timothea,Stables,tstableso7@aol.com,820-711-0097,2/13/1981
09a47d8e-5951-413e-a477-05594de8cb24,Aggy,Davioud,adavioudo8@auda.org.au,711-347-5428,5/12/1958
e164504d-e1a1-4628-99e6-45b669ecf131,Mariann,Ducastel,mducastelo9@dion.ne.jp,760-371-7801,9/3/1965
67d90688-4757-486d-a043-289ae1f3ae63,Giavani,Dimmne,gdimmneoa@yellowpages.com,758-481-3283,3/31/1951
b6817ef2-5f43-4156-8279-0693becd1139,Tadd,Fisby,tfisbyob@tumblr.com,213-310-3408,11/5/1940
de18d73f-e888-433c-b685-7021d2452499,Barty,Suddaby,bsuddabyoc@barnesandnoble.com,115-804-0373,12/30/2002
a81538aa-4e72-4d91-b375-bf8197d7b89a,Ashton,Collumbell,acollumbellod@disqus.com,361-502-9666,12/30/1983
b2b5a737-9cbf-42a3-98a1-94e90cdee727,Timothea,Dunican,tdunicanoe@typepad.com,341-491-8544,7/23/2005
eea70b5e-3843-497b-aa8e-6b82a4dadcad,Levin,Toderini,ltoderiniof@etsy.com,529-898-5468,2/27/1945
87adec76-6469-4054-b5b2-79422680035c,Dur,Keynd,dkeyndog@narod.ru,858-402-3152,12/12/1995
c48a0160-f828-4506-8d57-1e3d814e872e,Adler,Jahn,ajahnoh@123-reg.co.uk,958-382-5089,4/12/1972
6617ded2-91dd-4b70-92fa-a24901d28beb,Jerrilyn,Seamen,jseamenoi@flavors.me,934-777-5809,5/30/1931
8d40cd4c-5323-4259-a3bc-7e696b805419,Karen,Worman,kwormanoj@blog.com,344-930-6275,2/14/1920
494e7b5e-f3c3-4845-b851-ea45285efcf8,Prudi,Kynder,pkynderok@samsung.com,868-669-3472,12/19/1988
a7b485a3-e821-42a3-b85d-cbecf2f25f06,Quinton,Wiffill,qwiffillol@boston.com,564-726-1804,4/11/2001
a51abac6-5f0c-49ec-af02-208244f86df1,Juliet,MacDunleavy,jmacdunleavyom@vimeo.com,646-631-0685,11/16/1920
8fe66fa1-099a-484a-9f93-92ed59516a8d,Alyss,Merryman,amerrymanon@rediff.com,722-641-4811,7/15/1934
999e5b18-bfda-4bf5-9355-a6d7974f0aa9,Hamlen,Lippingwell,hlippingwelloo@ameblo.jp,463-627-5145,9/6/1929
14b3237c-0bb0-499f-873d-182bcdaf5355,Martina,Hallstone,mhallstoneop@cocolog-nifty.com,215-997-5847,1/9/1957
076e3710-bac9-4fbc-847e-684b26168dfa,Darin,Van de Vlies,dvandevliesoq@wix.com,594-864-0583,7/23/1930
2499aaad-9516-4c1d-812d-581688eed3ec,Guinevere,Greatbatch,ggreatbatchor@indiegogo.com,290-799-1496,6/29/1932
29a4aff6-1626-4f54-975c-f075a109cea3,Marianne,Guymer,mguymeros@jimdo.com,263-871-1383,4/28/1957
b1384e6a-bdad-468a-92ba-154f1e50f9b0,Fred,Vell,fvellot@yelp.com,456-289-0263,11/20/1971
d47589f2-49c1-491a-a3f2-9a99b19b3418,Tomlin,Klaus,tklausou@ow.ly,473-420-9975,8/2/1989
6e3fa19b-f16f-4925-a935-3f18b2420cee,Griswold,Jarratt,gjarrattov@hatena.ne.jp,408-320-1751,4/9/1953
7fa4138e-dace-41f1-be25-4caa0d858d6b,Kay,Twohig,ktwohigow@arizona.edu,416-104-7139,
3e93add1-abce-41e2-a76c-6c2208cc1fba,Teddy,Fleet,tfleetox@guardian.co.uk,435-412-7209,
41ac01db-c31d-4bdb-b01f-3d20b3637e81,Caro,Vader,cvaderoy@ebay.com,718-537-7643,1/10/1941
ef51056d-c391-4a5e-9895-5e556d890c14,Artemas,Barthram,abarthramoz@bizjournals.com,948-320-1979,4/4/1982
b7aa1554-97aa-46c7-b458-eb81cba3e747,Gaelan,Selborne,gselbornep0@youku.com,516-428-1347,12/14/2002
e5c0e35b-909f-445e-a045-9670b825d6fe,Fidelia,Josse,fjossep1@posterous.com,324-538-2589,1/16/1939
27f84fbc-8df7-4b2a-bb16-6ee69885f7a2,Selina,McGreay,smcgreayp2@mozilla.com,136-204-6867,4/14/1931
ef13cb5d-1ed0-4c93-9674-2a11aab3b5d3,Baxie,Kehri,bkehrip3@fc2.com,567-442-9685,6/16/1977
0c957d88-5f3f-41de-91cd-54cfbf3c8d2b,Jory,Remon,jremonp4@columbia.edu,621-125-0636,8/7/1935
244d035d-e6f8-4c20-ac9d-2f3811705a0f,Winn,Hawk,whawkp5@topsy.com,443-425-7810,4/28/1983
02d9d6f7-a196-4322-9c7d-725b298e68c7,Kimmie,Sibbe,ksibbep6@jimdo.com,579-817-5011,
c1e33caa-b6e3-43d2-aed8-c65596cca2c7,Worth,Lineker,wlinekerp7@hud.gov,976-651-2413,3/26/1983
1ee080ed-3d73-42d3-ba89-b6def7a7c447,Trisha,Bellson,tbellsonp8@twitpic.com,654-924-7858,8/11/1964
a9c81c72-cd4e-42b6-ac45-342a59ad136f,Stefanie,Paprotny,spaprotnyp9@oaic.gov.au,255-154-4692,5/30/2008
6b1b35e7-afbf-4c42-9354-0c1d958bfab5,Flinn,Cutbirth,fcutbirthpa@va.gov,894-127-6110,10/26/2010
fe6e4205-761e-4a04-819e-bd0de04435aa,Em,Justham,ejusthampb@g.co,800-849-6535,
9d544b1e-9352-4f47-b8fa-de71f41cb60c,Emmalee,Cawthorn,ecawthornpc@usa.gov,713-758-7208,10/7/1951
ab7ca8ad-790f-4a11-8502-e5a40e6e7bce,Kakalina,Bickersteth,kbickerstethpd@google.de,220-160-8427,3/19/1933
e1b516f9-df31-4406-b8ae-be6b4f42fe4f,Aurthur,Payn,apaynpe@google.it,801-127-2028,8/18/1946
57faf98e-f711-454f-931e-bfadf32638d3,Antonetta,Levesque,alevesquepf@imdb.com,209-192-5623,2/6/1957
355333be-822a-4af4-a5b0-54b7f2a8353c,Mariejeanne,Margerrison,mmargerrisonpg@usatoday.com,984-603-6117,
026262f5-b2b5-4cf3-8696-53b6baec0ff4,Mead,Scala,mscalaph@cisco.com,167-919-5116,5/1/1962
3c172948-e85f-410d-9ada-46d0832a1643,Aigneis,Bowne,abownepi@washingtonpost.com,383-842-0984,
3e2805e3-7c60-4fbe-ba79-24bafba1e157,Alfie,Katz,akatzpj@msn.com,168-851-8296,
229ff9ef-640a-4f04-96f5-ee9e8de9800d,Betty,Lakenton,blakentonpk@wikispaces.com,454-592-6867,5/18/1950
bce2cd7f-bbf4-4a11-8b46-42bbb073ae52,Jecho,Cuerdale,jcuerdalepl@merriam-webster.com,428-440-4088,4/18/1927
34d11647-9417-4736-ae6c-0760e9a2e5f0,Nannie,Lardiner,nlardinerpm@cdbaby.com,212-709-8765,
f90806ff-23f8-4866-bdd2-a28cb3a050b8,Nertie,Rennels,nrennelspn@accuweather.com,853-987-7847,1/27/1951
4af6e731-1ab9-46fe-9501-872fbfb137f8,Lenci,Heinzler,lheinzlerpo@wikia.com,938-300-0253,
63c20ada-48df-4a81-98bc-bed6f6f52808,Alexandre,Sawden,asawdenpp@unicef.org,338-490-5370,6/14/1941
3443438a-67b6-4350-a8d8-3e74d0065dff,Gibbie,Cisland,gcislandpq@phpbb.com,303-810-1797,5/18/2018
c5346899-fbbd-4fa7-a1a5-76d0bcfb562b,Marysa,Mankor,mmankorpr@topsy.com,518-916-8638,3/17/1922
1e573067-c29b-4a9a-b1c2-084b04c79074,Vachel,Rutland,vrutlandps@a8.net,876-942-8650,9/16/1972
c8f3c3d4-e094-4766-b7e1-2c90e15bdfba,Moise,Itzhaiek,mitzhaiekpt@exblog.jp,193-146-6627,10/9/1988
eb4cf0bd-7387-4603-bab3-b7dd51405803,Linell,Sterre,lsterrepu@utexas.edu,143-506-1270,10/16/1951
9b4fd181-c91b-473a-88ba-73045a80cc19,Stirling,Bernot,sbernotpv@live.com,722-385-2027,10/6/1934
f92b1370-0a84-4b57-8644-0ee916028b7c,Katti,Monshall,kmonshallpw@angelfire.com,658-161-8978,5/9/1986
9e21a7b0-f790-433e-b544-e4d30e2e9864,Ingrim,Baskett,ibaskettpx@wufoo.com,611-816-5443,2/12/1923
da01c01a-379b-4e0a-82ad-ce7ad8693348,Eldridge,Liell,eliellpy@livejournal.com,539-294-6337,
541f6e8d-ef9e-4844-a700-c3b80b0ef949,Grover,Yurenin,gyureninpz@smh.com.au,491-655-3607,
9a0db842-0968-4216-a24c-42957369b298,Cornelle,Meyer,cmeyerq0@wordpress.com,904-599-9555,1/3/1936
f51c8150-63d8-4e54-a233-2b6a649e4ac6,Jeffy,Everitt,jeverittq1@netscape.com,706-658-2075,2/9/2008
ca26d114-5ea1-428f-9a49-077e0f050c30,Meghan,Franklin,mfranklinq2@ucoz.com,909-264-8612,11/13/2001
3d300abf-5100-49ab-b86c-28b1fd952c53,Yevette,Minet,yminetq3@smh.com.au,827-691-9453,10/2/1961
15e0a89d-9e64-45a7-9a5d-4c3ceceb59da,Brittne,Collis,bcollisq4@stumbleupon.com,376-148-0695,12/1/1933
d0879bb9-1e8f-4099-b34c-ac5889a21490,Bunni,MacCague,bmaccagueq5@newsvine.com,388-493-1497,5/14/1995
5a2f3eb2-d9e9-4a80-8d24-9a6fa63a6820,Ardyth,Crufts,acruftsq6@oracle.com,651-475-2772,7/6/1990
9bb7b57c-e65b-4be0-9570-fe169273f4cc,Keelia,Mayger,kmaygerq7@naver.com,754-161-1420,4/8/1967
2d05cdee-c1a8-4820-8e12-19f3c1ad45a9,Florie,Yockley,fyockleyq8@bloglines.com,905-296-2636,
19a512b9-740f-4cab-968c-d8a556ac1993,Delinda,Kleinber,dkleinberq9@networksolutions.com,172-828-4559,2/4/2017
7f04b01e-211e-4258-9432-84409cb6c0d2,Kearney,Toal,ktoalqa@github.io,948-943-5581,12/30/1958
60bec380-3e84-453d-b22e-bcb99b17dcc4,Brok,Duiguid,bduiguidqb@mail.ru,786-415-1163,2/6/1928
01253c30-1e78-4eb8-a724-4d42cf753c3b,Reinaldos,D'Alwis,rdalwisqc@digg.com,100-620-4127,3/14/1981
76f9e3c4-dc35-4422-8e2e-7e624f8e2743,Leeann,Duckerin,lduckerinqd@geocities.com,287-229-3932,7/19/1961
f8aeef3d-c1d4-47f0-99be-57118e5d2191,Ada,Antrag,aantragqe@msu.edu,620-207-2659,9/1/1989
b9c8a234-6ed8-443b-b372-dc2c4c3d99bc,Abigail,Du Hamel,aduhamelqf@japanpost.jp,269-382-5159,3/3/1930
5cd9f6a3-bb61-40a5-afad-7f71bb8a13f6,Caldwell,Spavins,cspavinsqg@ow.ly,972-418-1605,12/4/1948
21531b2c-59e0-4517-80c2-a4de66338ef2,Lotty,Petticrew,lpetticrewqh@slate.com,228-567-5367,
409755b9-4a79-42a4-ad3d-eb79b909420e,Moss,Juliff,mjuliffqi@lulu.com,648-787-0282,8/1/2006
8eedad63-bb12-44eb-bfd3-e3e39e7dd669,Sandro,Henze,shenzeqj@redcross.org,652-139-1296,2/10/2017
b929f192-8df1-4179-8394-c98dbb64b718,Noland,Riccardelli,nriccardelliqk@opera.com,846-783-6140,6/11/2012
99eae69a-b49a-43dd-8a26-b9ae4cc0e6f2,Arin,Zorzenoni,azorzenoniql@feedburner.com,817-446-3107,1/19/1937
71b61694-3a85-4b3e-9fd4-bd5008b40123,Xena,Chalker,xchalkerqm@springer.com,940-823-0205,2/4/1958
feb32e15-159f-4ef5-9932-d908bda9f761,Noami,Lomond,nlomondqn@narod.ru,624-786-7526,8/5/1945
838801c2-c6fe-4a4f-8ce1-32659d6f58cf,Gil,Norheny,gnorhenyqo@last.fm,715-897-4961,
9858f1ba-2bbf-4759-b350-02614db77eb7,Camella,Firebrace,cfirebraceqp@nba.com,210-685-1813,7/19/1963
dc5b234f-94d3-4ce7-a4ab-fcde23ed18cd,Vikki,Albone,valboneqq@dmoz.org,339-670-0115,11/24/2014
a69a8e9f-6d8d-47fe-930d-0b3eae2881a1,Bondy,Wholesworth,bwholesworthqr@dagondesign.com,695-891-8520,3/6/1926
cdfce128-aa9c-4628-b48b-0f03dc0628b0,Alia,Boxill,aboxillqs@360.cn,357-245-9173,3/2/1948
0e7e4ed2-657d-4bce-adf0-40352dbe5648,Amby,Fonzo,afonzoqt@vk.com,185-416-1174,1/9/1987
a17e230a-fe10-42c5-bea2-e027b5efa9ca,Cleo,Swatman,cswatmanqu@springer.com,547-656-7705,3/3/1953
7d5bfe7b-fb9a-46e5-9f83-bf8d1ca7465b,Anne,Clemmen,aclemmenqv@toplist.cz,193-356-1909,2/19/1982
5311ca87-893c-4eb1-92a7-0357762f2995,Stanislas,Strippling,sstripplingqw@statcounter.com,338-796-3494,4/25/1965
f7f852eb-179a-4101-b737-50635b3085a5,Gorden,Semiraz,gsemirazqx@wired.com,118-185-8941,8/19/1953
8c414796-d890-4fd8-a2cd-dbcfb973aa21,Alana,Yo,ayoqy@php.net,418-187-9443,9/21/1973
7a14f7c6-2b0f-49a7-bb4e-b562d22ed389,Nil,Milan,nmilanqz@state.tx.us,764-451-6646,
a1437966-da8a-474f-a761-645d6a72fc6b,Fania,Delos,fdelosr0@dyndns.org,750-138-6261,1/30/2014
3c6e2931-a7ab-4ecb-972c-e3af13a57fd9,Smitty,Gouck,sgouckr1@slideshare.net,544-969-5831,9/4/1996
71e5662b-0006-4805-928d-2909b7776f81,Justen,Dizlie,jdizlier2@indiatimes.com,474-812-2106,
2ce23c03-3503-4aeb-9524-dedbeb59c7cb,Cad,Pointer,cpointerr3@nhs.uk,215-289-1294,4/20/1939
0a11404c-ea72-41ad-9e0b-7f986d10afc3,Flory,Dottrell,fdottrellr4@xinhuanet.com,161-352-4847,7/27/1959
83291470-c5f8-440c-9b10-eb5be00b4d57,Pauly,Lindelof,plindelofr5@adobe.com,786-161-6727,7/25/1998
7e5644e4-98c9-45e4-a53e-dffde28eb471,Cathee,Goodyear,cgoodyearr6@discuz.net,975-970-9679,8/27/1974
1ec7573d-75ff-44ea-9b91-2ddcf497d1dd,Gabriell,Peiser,gpeiserr7@xrea.com,313-315-8421,10/23/1980
5e7174c1-36c9-4fab-a5eb-81b7ff9f4310,Tomas,Delicate,tdelicater8@twitpic.com,132-944-0341,7/9/1932
c032a37f-f786-4823-a8e5-17f1c1549f8f,Valeria,Woodus,vwoodusr9@altervista.org,934-392-4105,10/16/1983
c263f38c-7041-4933-b202-04b97dd94b73,Rachael,Daftor,rdaftorra@cocolog-nifty.com,462-107-3840,12/19/1952
38998af3-7118-4f26-957f-27544edccbd2,Herminia,Isaq,hisaqrb@prnewswire.com,329-673-6990,1/6/1946
754a5d90-6591-459d-909a-19e25f4a1af4,Nicki,Byre,nbyrerc@nationalgeographic.com,153-708-5627,
f83ed313-0a16-41f6-9984-1749d6d1cec6,Josee,Scarff,jscarffrd@pcworld.com,529-859-2349,3/11/1970
a2fac9d1-e471-43e4-ae86-95f53796fdc9,Patrizia,Scotchforth,pscotchforthre@cnet.com,126-944-9998,2/23/1932
2f461351-8ad0-4e5c-94c8-4f4ea9f628ca,Natalie,Whorall,nwhorallrf@typepad.com,531-980-0878,8/11/2012
8e1764a3-f691-4a73-9bcf-0fc62f015e03,Jay,Pregal,jpregalrg@bing.com,329-962-3488,
08676877-60bc-4ca2-a8ff-ef539d7e3715,Sapphira,Izat,sizatrh@deviantart.com,791-158-6687,5/8/1926
95fda1da-3231-43fd-b8a2-f55cedf81367,Desdemona,Spinney,dspinneyri@amazon.co.jp,472-860-8461,7/8/1987
052dfa4c-6873-4ee4-b2fe-12bfcf48fb12,Artie,Lochead,alocheadrj@answers.com,342-881-1471,3/12/1980
6997ed31-938c-460b-a6a5-2d8d077ac441,Rodie,Havock,rhavockrk@businesswire.com,752-446-9942,7/6/2007
76eecc62-fb1f-480c-ab90-b1bdecfc6cb6,Bridget,Mully,bmullyrl@vimeo.com,305-204-7858,6/7/1983
4293dcb0-8629-46cf-b0bd-7b3b39ffc162,Malory,Gillbard,mgillbardrm@netlog.com,705-551-1209,2/27/1980
5bed1715-4986-4de5-8eb6-f4956e8ed810,Minni,Pettis,mpettisrn@google.fr,679-905-5744,4/1/2009
8dc81f65-03da-4db4-9991-2b9f0312b07b,Mahmud,Fuzzard,mfuzzardro@cmu.edu,727-991-8851,4/9/1966
cd96f3db-b152-420b-8fb5-20fd386cd36b,Teresina,Eyers,teyersrp@addthis.com,505-487-0600,10/7/1955
acc43d76-2402-4319-9e61-a1122a887bf7,Christyna,Whatham,cwhathamrq@hugedomains.com,309-733-7440,8/6/2017
4da7b31c-e8f4-4186-80c7-127bae6094d3,Maura,Murby,mmurbyrr@dot.gov,346-883-1867,2/16/1944
