Record#,ErrorCode,ErrorMessage
1,INVALID_FIELD_FOR_INSERT_UPDATE,Facility__c: bad field names on insert/update call: Clia_ID__c
2,INVALID_FIELD_FOR_INSERT_UPDATE,Facility__c: bad field names on insert/update call: Clia_ID__c
3,INVALID_FIELD_FOR_INSERT_UPDATE,Facility__c: bad field names on insert/update call: Clia_ID__c
4,INVALID_FIELD_FOR_INSERT_UPDATE,Facility__c: bad field names on insert/update call: Clia_ID__c
5,INVALID_FIELD_FOR_INSERT_UPDATE,Facility__c: bad field names on insert/update call: Clia_ID__c
6,INVALID_FIELD_FOR_INSERT_UPDATE,Facility__c: bad field names on insert/update call: Clia_ID__c
7,INVALID_FIELD_FOR_INSERT_UPDATE,Facility__c: bad field names on insert/update call: Clia_ID__c
8,INVALID_FIELD_FOR_INSERT_UPDATE,Facility__c: bad field names on insert/update call: Clia_ID__c
9,INVALID_FIELD_FOR_INSERT_UPDATE,Facility__c: bad field names on insert/update call: Clia_ID__c
10,INVALID_FIELD_FOR_INSERT_UPDATE,Facility__c: bad field names on insert/update call: Clia_ID__c
11,INVALID_FIELD_FOR_INSERT_UPDATE,Facility__c: bad field names on insert/update call: Clia_ID__c
12,INVALID_FIELD_FOR_INSERT_UPDATE,Facility__c: bad field names on insert/update call: Clia_ID__c
13,INVALID_FIELD_FOR_INSERT_UPDATE,Facility__c: bad field names on insert/update call: Clia_ID__c
14,INVALID_FIELD_FOR_INSERT_UPDATE,Facility__c: bad field names on insert/update call: Clia_ID__c
15,INVALID_FIELD_FOR_INSERT_UPDATE,Facility__c: bad field names on insert/update call: Clia_ID__c
16,INVALID_FIELD_FOR_INSERT_UPDATE,Facility__c: bad field names on insert/update call: Clia_ID__c
17,INVALID_FIELD_FOR_INSERT_UPDATE,Facility__c: bad field names on insert/update call: Clia_ID__c
18,INVALID_FIELD_FOR_INSERT_UPDATE,Facility__c: bad field names on insert/update call: Clia_ID__c
19,INVALID_FIELD_FOR_INSERT_UPDATE,Facility__c: bad field names on insert/update call: Clia_ID__c
20,INVALID_FIELD_FOR_INSERT_UPDATE,Facility__c: bad field names on insert/update call: Clia_ID__c
21,INVALID_FIELD_FOR_INSERT_UPDATE,Facility__c: bad field names on insert/update call: Clia_ID__c
22,INVALID_FIELD_FOR_INSERT_UPDATE,Facility__c: bad field names on insert/update call: Clia_ID__c
23,INVALID_FIELD_FOR_INSERT_UPDATE,Facility__c: bad field names on insert/update call: Clia_ID__c
24,INVALID_FIELD_FOR_INSERT_UPDATE,Facility__c: bad field names on insert/update call: Clia_ID__c
25,INVALID_FIELD_FOR_INSERT_UPDATE,Facility__c: bad field names on insert/update call: Clia_ID__c
26,INVALID_FIELD_FOR_INSERT_UPDATE,Facility__c: bad field names on insert/update call: Clia_ID__c
27,INVALID_FIELD_FOR_INSERT_UPDATE,Facility__c: bad field names on insert/update call: Clia_ID__c
28,INVALID_FIELD_FOR_INSERT_UPDATE,Facility__c: bad field names on insert/update call: Clia_ID__c
29,INVALID_FIELD_FOR_INSERT_UPDATE,Facility__c: bad field names on insert/update call: Clia_ID__c
30,INVALID_FIELD_FOR_INSERT_UPDATE,Facility__c: bad field names on insert/update call: Clia_ID__c
31,INVALID_FIELD_FOR_INSERT_UPDATE,Facility__c: bad field names on insert/update call: Clia_ID__c
32,INVALID_FIELD_FOR_INSERT_UPDATE,Facility__c: bad field names on insert/update call: Clia_ID__c
33,INVALID_FIELD_FOR_INSERT_UPDATE,"Facility__c: bad field names on insert/update call: City__c, Zip_Code__c, Street__c, State__c"
34,INVALID_FIELD_FOR_INSERT_UPDATE,Facility__c: bad field names on insert/update call: State__c
35,INVALID_FIELD_FOR_INSERT_UPDATE,"Facility__c: bad field names on insert/update call: City__c, Zip_Code__c, Street__c, State__c"
36,INVALID_FIELD_FOR_INSERT_UPDATE,"Facility__c: bad field names on insert/update call: City__c, Zip_Code__c, Street__c, State__c"
37,INVALID_FIELD_FOR_INSERT_UPDATE,Facility__c: bad field names on insert/update call: Clia_ID__c
38,INVALID_FIELD_FOR_INSERT_UPDATE,"Facility__c: bad field names on insert/update call: City__c, Zip_Code__c, Street__c, State__c"
39,INVALID_FIELD_FOR_INSERT_UPDATE,"Facility__c: bad field names on insert/update call: City__c, Zip_Code__c, Street__c, State__c"
40,INVALID_FIELD_FOR_INSERT_UPDATE,"Facility__c: bad field names on insert/update call: City__c, Zip_Code__c, Street__c, State__c"
41,INVALID_FIELD_FOR_INSERT_UPDATE,"Facility__c: bad field names on insert/update call: City__c, State__c"
42,INVALID_FIELD_FOR_INSERT_UPDATE,"Facility__c: bad field names on insert/update call: City__c, Zip_Code__c, Street__c, State__c"
43,INVALID_FIELD_FOR_INSERT_UPDATE,"Facility__c: bad field names on insert/update call: City__c, Zip_Code__c, Street__c, State__c"
44,INVALID_FIELD_FOR_INSERT_UPDATE,"Facility__c: bad field names on insert/update call: City__c, Zip_Code__c, Street__c, State__c"
45,INVALID_FIELD_FOR_INSERT_UPDATE,"Facility__c: bad field names on insert/update call: City__c, Zip_Code__c, Street__c, State__c"
46,INVALID_FIELD_FOR_INSERT_UPDATE,"Facility__c: bad field names on insert/update call: City__c, Zip_Code__c, Street__c, State__c"
47,INVALID_FIELD_FOR_INSERT_UPDATE,"Facility__c: bad field names on insert/update call: City__c, Zip_Code__c, Street__c, State__c"
48,INVALID_FIELD_FOR_INSERT_UPDATE,"Facility__c: bad field names on insert/update call: City__c, Zip_Code__c, Street__c, State__c"
49,INVALID_FIELD_FOR_INSERT_UPDATE,"Facility__c: bad field names on insert/update call: City__c, Zip_Code__c, Street__c, State__c"
50,INVALID_FIELD_FOR_INSERT_UPDATE,Facility__c: bad field names on insert/update call: Clia_ID__c
51,INVALID_FIELD_FOR_INSERT_UPDATE,Facility__c: bad field names on insert/update call: Clia_ID__c
52,INVALID_FIELD_FOR_INSERT_UPDATE,Facility__c: bad field names on insert/update call: Clia_ID__c
53,INVALID_FIELD_FOR_INSERT_UPDATE,"Facility__c: bad field names on insert/update call: City__c, Zip_Code__c, Street__c, State__c"
54,INVALID_FIELD_FOR_INSERT_UPDATE,"Facility__c: bad field names on insert/update call: City__c, Zip_Code__c, Street__c, State__c"
55,INVALID_FIELD_FOR_INSERT_UPDATE,"Facility__c: bad field names on insert/update call: City__c, Zip_Code__c, Street__c, State__c"
56,INVALID_FIELD_FOR_INSERT_UPDATE,Facility__c: bad field names on insert/update call: Clia_ID__c
57,INVALID_FIELD_FOR_INSERT_UPDATE,"Facility__c: bad field names on insert/update call: City__c, Zip_Code__c, Street__c, State__c"
58,INVALID_FIELD_FOR_INSERT_UPDATE,"Facility__c: bad field names on insert/update call: City__c, Zip_Code__c, Street__c, State__c"
59,INVALID_FIELD_FOR_INSERT_UPDATE,"Facility__c: bad field names on insert/update call: City__c, Zip_Code__c, Street__c, State__c"
60,INVALID_FIELD_FOR_INSERT_UPDATE,"Facility__c: bad field names on insert/update call: City__c, Zip_Code__c, Street__c, State__c"
61,INVALID_FIELD_FOR_INSERT_UPDATE,Facility__c: bad field names on insert/update call: Clia_ID__c
62,INVALID_FIELD_FOR_INSERT_UPDATE,"Facility__c: bad field names on insert/update call: City__c, Zip_Code__c, Street__c, State__c"
63,INVALID_FIELD_FOR_INSERT_UPDATE,"Facility__c: bad field names on insert/update call: City__c, Zip_Code__c, Street__c, State__c"
64,INVALID_FIELD_FOR_INSERT_UPDATE,"Facility__c: bad field names on insert/update call: City__c, Zip_Code__c, Street__c, State__c"
65,INVALID_FIELD_FOR_INSERT_UPDATE,Facility__c: bad field names on insert/update call: Clia_ID__c
66,INVALID_FIELD_FOR_INSERT_UPDATE,"Facility__c: bad field names on insert/update call: City__c, Zip_Code__c, Street__c, State__c"
67,INVALID_FIELD_FOR_INSERT_UPDATE,Facility__c: bad field names on insert/update call: Clia_ID__c
68,INVALID_FIELD_FOR_INSERT_UPDATE,"Facility__c: bad field names on insert/update call: City__c, Zip_Code__c, Street__c, State__c"
69,INVALID_FIELD_FOR_INSERT_UPDATE,Facility__c: bad field names on insert/update call: Clia_ID__c
70,INVALID_FIELD_FOR_INSERT_UPDATE,"Facility__c: bad field names on insert/update call: City__c, Zip_Code__c, Street__c, State__c"
71,INVALID_FIELD_FOR_INSERT_UPDATE,"Facility__c: bad field names on insert/update call: City__c, Zip_Code__c, Street__c, State__c"
72,INVALID_FIELD_FOR_INSERT_UPDATE,"Facility__c: bad field names on insert/update call: City__c, Zip_Code__c, Street__c, State__c"
73,INVALID_FIELD_FOR_INSERT_UPDATE,Facility__c: bad field names on insert/update call: Clia_ID__c
74,INVALID_FIELD_FOR_INSERT_UPDATE,"Facility__c: bad field names on insert/update call: City__c, Zip_Code__c, Street__c, State__c"
75,INVALID_FIELD_FOR_INSERT_UPDATE,Facility__c: bad field names on insert/update call: Clia_ID__c
76,INVALID_FIELD_FOR_INSERT_UPDATE,"Facility__c: bad field names on insert/update call: City__c, Zip_Code__c, Street__c, State__c"
77,INVALID_FIELD_FOR_INSERT_UPDATE,"Facility__c: bad field names on insert/update call: City__c, Zip_Code__c, Street__c, State__c"
78,INVALID_FIELD_FOR_INSERT_UPDATE,"Facility__c: bad field names on insert/update call: City__c, Zip_Code__c, Street__c, State__c"
80,INVALID_FIELD_FOR_INSERT_UPDATE,"Facility__c: bad field names on insert/update call: City__c, Zip_Code__c, Street__c, State__c"
81,INVALID_FIELD_FOR_INSERT_UPDATE,"Facility__c: bad field names on insert/update call: City__c, Zip_Code__c, Street__c, State__c"
82,INVALID_FIELD_FOR_INSERT_UPDATE,"Facility__c: bad field names on insert/update call: City__c, Zip_Code__c, Street__c, State__c"
83,INVALID_FIELD_FOR_INSERT_UPDATE,"Facility__c: bad field names on insert/update call: City__c, Zip_Code__c, Street__c, State__c"
85,INVALID_FIELD_FOR_INSERT_UPDATE,"Facility__c: bad field names on insert/update call: Lab_ID__c, City__c, Zip_Code__c, Lab_ID_Type__c, Street__c, State__c"
86,INVALID_FIELD_FOR_INSERT_UPDATE,"Facility__c: bad field names on insert/update call: City__c, Zip_Code__c, Street__c, State__c"
87,INVALID_FIELD_FOR_INSERT_UPDATE,"Facility__c: bad field names on insert/update call: Lab_ID__c, City__c, Zip_Code__c, Lab_ID_Type__c, Street__c, State__c"
