Facility_Id_Clia,Testing_lab_name,Testing_lab_ID,Testing_lab_ID_type,Testing_lab_street_address,Testing_lab_city,Testing_lab_state,Testing_lab_zip_code
05D0642827,QUEST WEST HILLS,,,,,,
17D0648226,QUEST LENEXA,,,,,,
29D0857327,University Medical Center,,,,,,
29D0976713,Valley Hospital Medical Center,,,,,,
29D1016680,Spring Valley Hospital Medical Center,,,,,,
05D0643352,QUEST SJC,,,,,,
29D0540144,Renown Clinical Lab,,,,,,
29D0985242,Renown SM Clin Lab,,,,,,
29D1051228,Desert Springs Hospital Medical Center,,,,,,
49D0221801,QUEST CHANTILLY,,,,,,
29D0652726,SNPHL,,,,,,
46D0523979,ARUP LABORATORIES,,,,,,
29D1070766,Centennial Hills Hospital Medical Center,,,,,,
29D652748,NSPHL,,,,,,
34D0655059,LABCORP,,,,,,
2.16.840.1.113883.3.2.12.1.1,Mayo Clinic DLMP,,,,,,
29D2116412,Henderson Hospital,,,,,,
29D0711765,William Bee Ririe,,,,,,
29D1077262,Summerlin Hospital Medical Center,,,,,,
03D0528350,Lab Corp Phoenix,,,,,,
45D0505003,CPL LABS,,,,,,
29D1088295,St. Rose Dominican De Lima,,,,,,
29D1056317,St. Rose Dominican San Martin,,,,,,
29D0954159,Northern Nevada Medical Center,,,,,,
29D0972747,St. Rose Dominican Siena,,,,,,
29D0539273,Banner Churchill Community Hospital,,,,,,
10D0291120,QUEST TAMPA,,,,,,
29D1027844,SNPHL-EASTLV,,,,,,
45D0697943,QUEST DALLAS,,,,,,
05D0550302,QUEST ESOTERIC WEST,,,,,,
05D2103276,SDI LABS INC.,,,,,,
31D0696246,QUEST TETERBORO,,,,,,
"",Vikor Scientific,,,22 West Edge St. 8th Floor,Charleston,SC,29403
"",labcorp,,,,,NV,
"",The Heights of Summerlin,,,10550 W Park Run Dr,Las Vegas,NV,89144
"",Washoe County District Health Department,,,P.O. Box 1130,Reno,NV,89520
50D0633094,QUEST SEATTLE,,,,,,
"",Serenity Behavioral Health,,,2280 E. Calvada Blvd,Pahrump,NV,89048
"",Nevada State Health Laboratory,,,1660 N. Virginia St.,Reno,NV,89503
"",LabCorp Dallas,,,7777 Forest Lane Suite 350 C,Dallas,TX,75230
"",Mountainview Hospital,,,,Las Vegas,NV,
"",Diagnostic Laboratories & Radiology,,,2820 North Ontario Street,Burbank,CA,91504
"",Interpath Laboratory,,,"6300 9th Avenue NE, Suite 10",Seattle,WA,98115
"",Sunrise Hospital and Medical Center,,,3186 Maryland Parkway,Las Vegas,NV,89109
"",Northern Nevada Medical Center,,,2375 E Prater Way,Sparks,NV,89434
"",Tahoe Forest Hospital,,,10121 Pine Ave.,Truckee,CA,96161
"",Community Health Alliance - Wells,,,1055 South Wells Avenue,Reno,NV,89502
"","Nevada Health Centers, Inc.",,,3325 Research Way,Carson City,NV,89706
"",VA Medical Center-Reno,,,1000 Locust,Reno,NV,89520
14D0417052,QUEST WOOD DALE,,,,,,
11D0255931,QUEST ATLANTA,,,,,,
05D2137011,PMH LABORATORY INC,,,,,,
"",Elko Clinic,,,"1995 Errecart Blvd., #102",Elko,NV,89822
"",Renown Emergency Department,,,1155 Mill Street,Reno,NV,89502
"",Solaris Diagnostics,,,110 Dewey Dr,Nicholasville,KY,40356
22D0076229,QUEST NEW ENGLAND,,,,,,
"",Laboratory Corporation of America - Phoenix,,,3930 E. Watkins Suite 300,Phoenix,AZ,85034
"",Quest Diagnostics,,,"1350 Stardust St.,",Reno,NV,89503
"",Grover C Dils Medical Center,,,700 N. Spring St. Box; 1010 C Adm Bldg,Caliente,NV,89008
"",Renown Clinical Laboratory,,,1155 Mill St Mail Stop Z12,Reno,NV,89502
29D0537951,North Vista Hospital,,,,,,
"",Quest West Hills,,,8401 Fallbrook Avenue,West Hills,CA,91304
"",Humboldt General Hospital,,,118 E. Haskell St.,Winnemucca,NV,89445
"",William Bee Ririe Hospital,,,1500 Avenue H,Ely,NV,89301
39D0656976,QUEST PITTSBURGH,,,,,,
"",Saint Mary's Medical Group - Robb,,,1595 Robb Dr. ; Ste 2,Reno,NV,89523
05D0677283,Banner Lassen Medical Center,,,,,,
"",Addiction Labs,,,"500 Wilson Pike Circle, Suite 360",Brentwood,TN,37027
39D0183896,QUEST ERIE ACL,,,,,,
"",William Bee Ririe Clinic,,,6 Streptoe Circle,Ely,NV,89301
"",ARUP Laboratories,,,500 Chipeta Way,Salt Lake City,UT,84108
"",Northern Nevada Medical Center Lab,,,2375 E Prater Way,Sparks,NV,89434
37D0960030,QUEST OKLAHOMA,,,,,,
"",Gaye Haven Intermediate Care Facility,,,1813 Betty Ln,Las Vegas,NV,89156
05D0606603,ECISA Default,,,,,,
"",Northeastern Nevada Regional Hospital,,,2001 Errecart Blvd.,Elko,NV,89801
"",Intermountain Central Laboratory,,,5252 South Intermountain Drive,Murray,UT,84107
"",Carson Tahoe Health Physician Clinic-Incline Vlg,,,926 Incline Way,Incline Village,NV,89451
"",North Vista Hospital,,,,,,
"",VA Sierra Nevada Health Care System,,,975 Kirman Avenue,Reno,NV,89502
"",Southern Bands Health Center,,,515 Shoshone Circle,Elko,NV,89801
"",Mayo Clinic,,,3050 Superior Dr Northwest,Rochester,MN,55901
"",North Las Vegas Care Center,,,3215 E. Cheyenne Avenue,North Las Vegas,NV,89030
"",Out of State,,,,,,
"",Fort McDermitt Wellness Center,29D2034384,CLIA,112 North Road,McDermitt,NV,89421
"",Fallon Work Care,,,Fallon Medical Plaza; 167 N. Ada St.,Fallon,NV,89406
"",Chemisys Laboratory,CLIA#23D2098168,CLIA,17-01 Pollitt Dr,Fair Lawn,NJ,07410
