cdc_ncov2019_id,CDC_ncov2019_ID__c
patient_entity_id,Patient_ID__c
first_name,Patient_First_Name__c
last_name,Patient_Last_Name__c
middle_name,Patient_Middle_Name__c
birth_date,Patient_DOB__c
birth_gender,Patient_Gender__c
race,Patient_Race__c
ethnicity,Patient_Ethnicity__c
patient_city,Patient_City__c
patient_state_id,
patient_state,Patient_State__c
patient_zip_code,Patient_Zip_Code__c
patient_county,Patient_County__c
age_in_years,Patient_Age__c
pregnant,Pregnant__c
disease_onset_date,Illness_Onset_Date__c
public_health_case_id,Public_Health_Case_ID__c
investigation_status,LHD_Case_Status__c
lab_result_id,
accession_no,Lab_Accession_Number__c
lab_name,Lab_Name__c
lab_entity_id,Lab_ID__c
testing_lab_street_address,Lab_Street_Address__c
testing_lab_city,Lab_City__c
testing_lab_state,Lab_State__c
testing_lab_zip_code,Lab_Zip_Code__c
test_provider,Reporting_Facility_Name__c
collection_date,Specimen_Collection_Date_Time__c
lab_test_date,Test_Date__c
loinc_code,Test_Performed_Code__c
specimen_source,Specimen_Type_Description__c
organism_name,
test_type,
test_result,
lab_update_dt,Lab_Update_Date__c
Specimen_type_code,Specimen_Type_Code__c
test_result_code,
Test_performed_description,Test_Performed_Description__c
Test_result_coded,Test_Result_Coded__c
Test_result_description,Test_Result_Description__c
Test_Result_free_text,Test_Result_Free_Text__c
