cdc_ncov2019_id,patient_entity_id,first_name,last_name,middle_name,birth_date,birth_gender,race,ethnicity,patient_city,patient_state,patient_zip_code,patient_county,age_in_years,pregnant,disease_onset_date,public_health_case_id,investigation_status,accession_no,lab_name,lab_entity_id,testing_lab_street_address,testing_lab_city,testing_lab_state,testing_lab_zip_code,test_provider,lab_test_date,loinc_code,specimen_source,Specimen_type_code,Test_performed_description,Test_result_coded,Test_result_description,Test_Result_free_text,lab_collection_dt,lab_test_dt,lab_update_dt
NV1914483,603352,Towney,Longhorne,,12/14/1975,Male,Unknown,Unknown,North Las Vegas,Nevada,89031,Clark,44,,,914483,Investigation Complete,,Other Lab,,,,,,,,3002640,Nasopharyngeal Aspirate,258411007,PCR/amplification,10828004,Positive / Reactive,Positive / Reactive,,,2020-03-20T09:47:12
NV1981278,633042,Towney,Longhorne,,11/9/1975,Female,Unknown,Hispanic or Latino,LAS VEGAS,Nevada,89110,Clark,44,No,5/24/2020,981278,Investigation Complete,,QLS,,,,,,,,3002640,Unknown,UNK,PCR/amplification,10828004,Positive / Reactive,Positive / Reactive,,,2020-06-03T13:52:22
,644449,Aksel,Smeuin,,6/20/2004,Female,White,Hispanic or Latino,Las Vegas,Nevada,89110,Clark,15,,,1003620,Investigation Complete,,SNHD Lab,,,,,,,6/19/2020,3002640,,,PCR/amplification,260385009,Negative / Non-reactive,Negative / Non-reactive,2020-06-19T00:00:00,2020-06-19T00:00:00,2020-07-02T14:11:47
NV1914252,603217,Aksel,Smeuin,Mendoza,10/29/1992,Female,Asian,Not Hispanic or Latino,Las Vegas,Nevada,89113,Clark,27,,,914252,Investigation Complete,,CPL,,,,,,,,3002640,,,PCR/amplification,10828004,Positive / Reactive,Positive / Reactive,,,2020-04-02T09:05:32
NV1924313,121710,Kellen,Willacot,N,9/18/1990,Female,Unknown,Unknown,Los Angeles,California,90047,Other,29,,,924313,Investigation Complete,,Other Lab,,,,,,,,3002640,,,PCR/amplification,10828004,Positive / Reactive,Positive / Reactive,,,2020-03-31T16:37:35
NV1909899,601319,Kellen,Willacot,,3/3/1988,Female,White,Hispanic or Latino,Henderson,Nevada,89011,Clark,32,,3/10/2020,909899,Investigation Complete,,QUEST,,,,,,,,3002640,,,PCR/amplification,10828004,Positive / Reactive,Positive / Reactive,,,2020-03-16T09:31:36
NV1993476,638885,Zsazsa,Spinella,,9/24/1968,Male,Other,Hispanic or Latino,Las Vegas,Nevada,89110,Clark,51,,,993476,Investigation Complete,,LABCORP-CORP,,,,,,,,3002640,Nasopharyngeal Swab,258500001,PCR/amplification,10828004,Positive / Reactive,Positive / Reactive,,,2020-06-22T16:15:40
NV1104838,678703,Zsazsa,Spinela,Salvatore,10/31/1963,Male,White,Unknown,HENDERSON,Nevada,89002,,56,,,1048381,Assigned to Queue,2.02019E+12,HealthSentry,,,,,,,,94309-2,,,PCR/amplification,10828004,Positive / Reactive,Positive / Reactive,,,2020-07-10T00:14:09
NV100270,601606,Lida,Hardiker,,3/13/1960,Female,White,Not Hispanic or Latino,Las Vegas,Nevada,89142,Clark,59,No,3/1/2020,910431,Approved by Local Health Dept.,,SNPHL,,,,,,,,3002640,,,PCR/amplification,10828004,Positive / Reactive,Positive / Reactive,,,2020-03-16T10:10:06
,461823,Lida,Hrdikar,,6/27/1976,Male,Asian,Not Hispanic or Latino,,,,Clark,44,,,1024117,Investigation Complete,,OUT OF STATE LAB,,,,,,,,3002640,Nasopharyngeal Swab,258500001,PCR/amplification,42425007,Equivocal / Borderline,Equivocal / Borderline,,,2020-06-30T10:32:01
,674087,Danette,Livingston,,5/24/1955,Male,White,,North Las Vegas,Nevada,89081,Clark,65,,,1041853,Investigation Complete,,Other Lab,,,,,,,,3002640,,,PCR/amplification,281296001,,,,,2020-07-07T13:29:00
NV1100460,644853,Danette,Livigston,,12/15/1971,Female,Unknown,,Glendale,California,91208,,48,,,1004608,Investigation Complete,,HealthSentry,,,,,,,,3002640,,,PCR/amplification,10828004,Positive / Reactive,Positive / Reactive,,,2020-06-19T15:24:23
NV1926497,609107,Babbette,Cutten,,9/13/1991,Male,White,Not Hispanic or Latino,Las Vegas,Nevada,89183,Clark,28,,,926497,Approved by Local Health Dept.,,QUEST DIAGNOSTIC,,,,,,SMA Siena - Urgent Care,,94531-1,,,RT-PCR,10828004,Positive / Reactive,Positive / Reactive,,,2020-04-08T11:02:50
NV101364,604677,Babbette,Cuten,,5/21/1948,Male,Native Hawaiian / Pacific Islander,Not Hispanic or Latino,Henderson,Nevada,89052,Clark,71,No,3/19/2020,917160,Investigation Complete,,OUT OF STATE LAB,,,,,,PMD/OUT OF STATE,3/22/2020,3002640,,,PCR/amplification,10828004,Positive / Reactive,Positive / Reactive,2020-03-22T00:00:00,2020-03-22T00:00:00,2020-03-24T10:06:24
,650383,Denney,Palomba,,8/7/1992,Male,,Hispanic or Latino,Henderson,Nevada,89044,Clark,27,,,1012883,Assigned to Queue,,Intermountain Laboratories,,,,,,Dixie Regional Medical Center,,94531-1,,,RT-PCR,281296001,,,,,2020-06-23T16:22:37
,711086,Denney,Pelamba,,1/7/1986,Male,Unknown,Hispanic or Latino,LAS VEGAS,Nevada,89102,,34,,,1083124,Investigation Complete,,SNPHL,,,,,,,,3002640,,,PCR/amplification,10828004,Positive / Reactive,Positive / Reactive,,,2020-07-23T08:16:39
NV1103115,664223,Suzi,Youdell,,9/3/1975,Female,Unknown,Not Hispanic or Latino,Henderson,Nevada,89014,Clark,44,No,6/25/2020,1031154,Investigation Complete,,Other Lab,,,,,,PMD/LAS VEGAS,,3002640,,,PCR/amplification,10828004,Positive / Reactive,Positive / Reactive,,,2020-07-01T21:13:06
,634673,Suzi,Youdel,Grant,3/24/1962,Male,White,Not Hispanic or Latino,Las Vegas,Nevada,89110,Clark,58,,,985162,Investigation Complete,,SUNRISE HOSP AND MED CTR,,,,,,,,3002640,,,PCR/amplification,260385009,Negative / Non-reactive,Negative / Non-reactive,,,2020-06-09T09:41:20
NV1975225,629932,Tomaso,Cheng,,5/15/1978,Female,White,Not Hispanic or Latino,Las Vegas,Nevada,89143,Clark,42,,,975225,Investigation Complete,200504204,OUT OF STATE LAB,,,,,,PMD/LAS VEGAS,,3002640,,,PCR/amplification,10828004,Positive / Reactive,Positive / Reactive,,,2020-05-22T18:20:05
NV1988664,636748,Tomso,Cheng,,10/31/1981,Male,Unknown,Not Hispanic or Latino,North Las Vegas,Nevada,89030,Clark,38,,,988664,Investigation Complete,2043949,OOS - LAB,,,,,,PMD/OUT OF STATE,,,,,Nucleic acid test,260373001,Detected,Detected,,,2020-06-07T12:13:54
NV1102282,658339,Kerby,Heathfield,,7/4/1970,Female,,Unknown,LAS VEGAS,Nevada,89102,,49,,,1022828,Assigned to Queue,2.02018E+12,HealthSentry,,,,,,,6/26/2020,94309-2,,,PCR/amplification,10828004,Positive / Reactive,Positive / Reactive,2020-06-26T00:00:00,2020-06-26T00:00:00,2020-06-28T15:25:18
NV1925756,608741,Kirby,Heathfield,,10/22/1976,Female,,Hispanic or Latino,Las Vegas,Nevada,89110,Clark,43,,3/29/2020,925756,Investigation Complete,,LABCORP-CORP,,,,,,,,3002640,Nasopharyngeal Swab,258500001,PCR/amplification,10828004,Positive / Reactive,Positive / Reactive,,,2020-04-13T14:40:33
NV1103106,664069,Amby,Eggar,,,Female,Unknown,Unknown,,,,,,,,1031069,Assigned to Queue,,QUEST,,,,,,PMD/LAS VEGAS,,3002640,,,PCR/amplification,10828004,Positive / Reactive,Positive / Reactive,,,2020-07-01T20:13:44
,631074,Ambie,Eggar,,3/8/1989,Male,White,Not Hispanic or Latino,NORTH LAS VEGAS,Nevada,89086,Clark,31,,,976975,Investigation Complete,,QUEST WEST HILLS,,,,,,,,3002640,,,PCR/amplification,260385009,Negative / Non-reactive,Negative / Non-reactive,,,2020-05-27T09:57:38
NV1108783,258113,Jeniffer,Trounce,A,7/5/1985,Male,,,Las Vegas,Nevada,89107,Clark,35,,7/6/2020,1087835,Accepted by Local Health Dept.,,AIT Laboratories,,,,,,,,3002640,,,PCR/amplification,10828004,Positive / Reactive,Positive / Reactive,,,2020-07-24T20:14:20
NV1105818,687994,Jeniffer,Trounce,,5/8/1949,Male,Other,Hispanic or Latino,LAS VEGAS,Nevada,89107,Clark,71,No,7/10/2020,1058187,Investigation Complete,,HealthSentry,,,,,,,,3002640,,,PCR/amplification,10828004,Positive / Reactive,Positive / Reactive,,,2020-07-20T10:55:14
NV100186,185940,Ursula,Kerry,,10/22/1972,Female,White,Hispanic or Latino,Las Vegas,Nevada,89128,Clark,47,No,2/24/2020,909367,Approved by Local Health Dept.,,SNPHL,,,,,,,,3002640,,,PCR/amplification,10828004,Positive / Reactive,Positive / Reactive,,,2020-03-16T10:12:48
NV1100323,644283,Ursula,Kerry,,3/2/1999,Male,Unknown,Hispanic or Latino,Las Vegas,Nevada,89110,,21,,,1003239,Investigation Complete,,HealthSentry,,,,,,,,3002640,,,PCR/amplification,10828004,Positive / Reactive,Positive / Reactive,,,2020-07-24T08:56:09
,624368,Phillipe,Kenzie,,6/8/1989,Male,,,Las Vegas,Nevada,89178,Clark,30,,,962406,Investigation Complete,,QLS,,,,,,,,,,,IgG Antibody,10828004,Positive / Reactive,Positive / Reactive,,,2020-05-11T13:22:16
NV1973156,628994,Phillipe,Kenzie,,11/18/1986,Female,White,Hispanic or Latino,Las Vegas,Nevada,89146,Clark,33,No,,973156,Investigation Complete,,SNHD Lab,,,,,,,,3002640,Nasopharyngeal Swab,258500001,PCR/amplification,10828004,Positive / Reactive,Positive / Reactive,,,2020-06-08T19:59:06
NV102150,603596,Orion,Burtenshaw,,7/3/1978,Male,Unknown,Hispanic or Latino,Las Vegas,Nevada,89118,Clark,41,No,3/16/2020,915070,Approved by Local Health Dept.,,Quest,,,,,,,,3002640,,,PCR/amplification,10828004,Positive / Reactive,Positive / Reactive,,,2020-03-20T16:06:06
NV1103105,664041,Orion,Burtenshaw,,,Female,Unknown,Unknown,,,,,,,,1031051,Assigned to Queue,,QUEST,,,,,,PMD/LAS VEGAS,,3002640,,,PCR/amplification,10828004,Positive / Reactive,Positive / Reactive,,,2020-07-01T20:02:55
NV1100440,641772,Dorothea,Gudgion,,3/25/1978,Female,Declined to Answer,Declined to Answer,Las Vegas,Nevada,89119,Clark,42,No,6/10/2020,1004405,Investigation Complete,,QLS,,,,,,,,3002640,Unknown,UNK,PCR/amplification,10828004,Positive / Reactive,Positive / Reactive,,,2020-06-30T15:49:10
NV1912056,602368,Dorothea,Gudgion,,11/7/1989,Male,Asian,Hispanic or Latino,Las Vegas,Nevada,89106,Clark,30,No,3/9/2020,912056,Investigation Complete,,VHM Medical Center,,,,,,VHM Valley Hospital Medical Center,,3002640,Nasal Swab,472901003,PCR/amplification,260373001,Detected,Detected,,,2020-03-17T14:05:35
