GUID,first_name,last_name,Email,Phone,data_of_birth
0887c41e-8345-4099-a3c4-c178a1459782,Fanchon,Haydn,fhaydn0@163.com,852-653-7570,36245
f52a8605-68fc-4310-890a-339fc774cc0c,Felice,Balden,fbalden1@hhs.gov,819-720-2715,38300
fbc8ab34-c2cc-4d02-91ed-9fc59d19be37,Devonne,Weatherill,dweatherill2@usatoday.com,465-927-9731,12238
1d48b1ed-dee9-4ce3-8109-954863775a1b,Rafe,Wolford,rwolford3@pbs.org,370-116-8561,23601
81d77011-dc57-45bb-8007-b15a8f1aaf5c,Donny,Hearn,dhearn4@etsy.com,998-185-2069,21764
94be5ca9-5657-463d-88bb-a7b24d1f06b8,Milty,Verzey,mverzey5@blog.com,826-967-6173,25489
a6c1c9f9-b826-478f-9d6f-b4b356491db5,Aron,Garfit,agarfit6@nasa.gov,502-891-1780,40968
cb282ef0-b306-4cd2-823e-73e42a31b2d2,Lucho,Sickert,lsickert7@apache.org,652-401-5062,15318
0753099b-f725-4a0b-a3d8-40545aa23f80,Elane,Dinsell,edinsell8@topsy.com,900-216-2637,16512
7d8595ad-45e2-4d30-a677-ea4c4878b5ac,Ollie,Taffley,otaffley9@google.com.au,801-209-2543,
526dd5ba-4bec-41e8-9730-9b7fbfd75014,Blake,Franek,bfraneka@theguardian.com,114-460-5151,15634
03121361-0bed-4f26-88c2-b6c9756ce63d,Elna,Acutt,eacuttb@google.fr,483-992-0105,20707
ff20cd23-4f01-4afa-935f-ab1c1a9e7bb1,Yul,Bernhardi,ybernhardic@diigo.com,698-689-9155,12873
a4ec7737-ae62-4b15-b805-2f87e5cf0701,Phylis,Churches,pchurchesd@ted.com,166-935-2938,26893
3c54aa87-d461-468b-ae42-1eb7b5d81f52,Novelia,Grelak,ngrelake@virginia.edu,457-725-5382,42151
aabf0d0c-e7c3-4c95-9df1-f3cac051e233,Huntlee,Golthorpp,hgolthorppf@businesswire.com,611-255-4146,29136
7cd80ec0-e295-4e53-9649-dc662dcd8638,Ellene,Crysell,ecrysellg@wikipedia.org,449-269-4983,12831
3bb02e8d-a33c-4ebb-ad3f-5b27428a4732,Cyndie,Cundy,ccundyh@macromedia.com,758-413-2357,36256
68813aff-8093-483a-900d-f0aa8a49b838,Linoel,Scanlin,lscanlini@miitbeian.gov.cn,703-410-7101,14905
a0709f1c-f5b5-4139-b47e-e29a61c1c570,Robbie,Blaycock,rblaycockj@fc2.com,234-345-1361,34253
133e861e-4221-4922-af88-70ebc2b99be3,Chris,McQuin,cmcquink@mediafire.com,429-101-0965,13817
b9a6308e-8a75-4825-9292-468a2826f97e,Rhodia,Dumini,rduminil@oaic.gov.au,267-670-6195,30485
09f4e6e1-0edd-4a32-a51b-0d0337d47744,Ambrosio,Verma,avermam@google.ca,159-538-8033,30602
5b2ed8d5-2363-42b7-8b10-a04f26b65ba4,Patrick,Debell,pdebelln@mapy.cz,262-380-7260,28104
62f3e6ed-eb19-4f8e-a06c-8c69b5fc49ab,Mandel,Geertz,mgeertzo@usnews.com,531-483-0415,26263
da83c130-1dfb-4820-baf2-4c629868a25f,Ricardo,Fielden,rfieldenp@ezinearticles.com,135-922-5452,31487
50a65e77-5b78-47ae-b076-c247e4273c4a,Pauli,Epdell,pepdellq@diigo.com,121-745-8557,23911
4f8e55b8-3785-4133-a79b-7664ee06bce4,Alwyn,Devorill,adevorillr@livejournal.com,887-589-8535,34897
9c76671b-3fa1-4088-945a-0813c711b5bd,Jany,Armall,jarmalls@cloudflare.com,949-116-3489,17459
d1afc094-bf50-4f61-82f7-af7fc98ae19b,Bambi,Roderick,,,27375
43de1c5a-ccb1-4f9c-aad8-ee6489309ea7,Rakel,Franck,rfrancku@google.fr,112-171-9216,27582
8386d38a-52ad-48ca-952c-4549d513ecc4,Freddie,Scrivenor,fscrivenorv@usgs.gov,899-889-3918,14804
0691c113-397f-4629-8bb9-a4a61e4432f7,Melony,Benettelli,mbenettelliw@cornell.edu,203-118-7281,18018
c0650126-4506-431a-a23e-e1a0d6cffac8,Katy,Calcutt,kcalcuttx@hp.com,838-366-6872,24349
7523bc49-f05d-45fd-9160-7163c4837fec,Sarge,Scutchings,sscutchingsy@businessinsider.com,264-450-8233,32012
336052f1-46b7-49f3-9afd-42602a68edad,Floyd,Grose,fgrosez@howstuffworks.com,945-699-6396,40768
21d3a4f2-ee05-40cd-ac11-2ac2e3b70f61,Henri,Becraft,hbecraft10@baidu.com,259-663-7120,
e7688686-4290-4903-b3b2-8c7f31322d97,Iain,Vokins,ivokins11@booking.com,444-750-6436,11279
59c4faec-9a3d-49dc-9632-1de4451acae9,Augustine,Beche,abeche12@amazonaws.com,400-311-7341,41360
72dfffa6-44fe-4edc-9a79-6cd7e2c22f96,Sam,Ezele,sezele13@japanpost.jp,303-633-8482,16836
96aec4bc-95a0-4367-a377-603758183c5c,Tana,Mingauld,tmingauld14@baidu.com,409-556-9033,28255
7465e0fb-0f0a-4ad9-8891-74b8423d1694,Nomi,Pedlow,npedlow15@istockphoto.com,601-134-8533,16535
16da3c61-5522-4812-9258-96dfa06e06bd,Ulla,Guarin,uguarin16@google.ru,830-777-5302,30516
7fc89042-d606-4299-b6a8-0d4eefd8929e,Chance,Gilardone,cgilardone17@technorati.com,394-163-3415,32251
9f5e46a6-cdb3-4aa1-b092-7905ed824a06,Cordie,Bruhnsen,cbruhnsen18@theatlantic.com,310-504-3026,33988
323c4146-cd61-4c74-8240-89f595b62c1e,Dory,De Cruz,ddecruz19@geocities.com,979-540-5420,27878
db2dcd5d-5f73-4a5f-9237-5e3ccc899a99,Kendra,Wardrop,kwardrop1a@twitpic.com,561-971-0426,26525
924d3a48-baa9-4274-854a-5a8695f351f5,Jobye,Pidgley,jpidgley1b@blogspot.com,773-102-0085,40277
b62cb111-789e-40a2-8ff4-04f5bf543bd9,Trent,Olivia,tolivia1c@canalblog.com,268-174-2969,25133
9b062af6-b15f-4458-8b82-7bfaa00aa97d,Crichton,Stolle,cstolle1d@tripod.com,535-136-0477,26879
9e6f2d3b-9a81-4658-91d8-2e4d8e7bc5f9,Boris,Buckner,bbuckner1e@yahoo.com,724-278-2153,41873
d7e48b63-233f-4536-b844-568718fd50c0,Ivan,Sebley,isebley1f@miitbeian.gov.cn,546-557-5091,12772
9d845e8c-6c59-4d7b-b653-7991eb5362bd,Rayshell,Berrow,rberrow1g@biglobe.ne.jp,238-546-1189,23923
81cd834f-376a-4d5f-87eb-c7851e52f426,Melosa,Elsey,,,29904
6994cf53-272d-4bbe-8b41-920c74519831,Salvador,Waldera,swaldera1i@cdc.gov,203-234-1333,21528
54d9071a-a1a1-41fe-bac5-7d86eab9bb02,Marion,Clougher,mclougher1j@indiegogo.com,341-183-4825,31766
e862de97-8335-44b2-8805-d7e580fc8701,Florencia,McArd,fmcard1k@ted.com,265-730-9359,41079
5b8b1cee-e1b4-4213-8a54-90ca10393d2b,Rosmunda,Widdowes,rwiddowes1l@exblog.jp,472-792-0416,11696
39d0d982-763e-4c88-b176-3ff05158e950,Karilynn,Loosely,kloosely1m@businessweek.com,449-265-3485,14235
e30dd966-4d17-4736-80e2-7de08fbf0b65,Quinn,Catlow,qcatlow1n@ovh.net,626-864-4272,40670
e8bef2ae-8b60-459b-b55b-8355bb515543,Diannne,Luna,dluna1o@csmonitor.com,431-287-2279,33334
62ec1c27-7110-47ed-88d6-da60032dddf4,Hogan,Balke,hbalke1p@disqus.com,313-698-6173,38324
353fb468-d477-4d52-bc61-0352fce0c20e,Deerdre,Doerr,ddoerr1q@biblegateway.com,876-397-8892,30230
b2e6b2a6-2e2b-41c3-ba84-baa34bc0c6c6,Ernesta,Conti,econti1r@tripadvisor.com,753-685-2746,23177
bfd79e48-e58d-4f7e-ad15-e657bb7f9dbd,Nahum,Pillans,npillans1s@narod.ru,998-825-1381,34191
ed2a862e-9cc3-44f9-a67a-d0f694f7ba5a,Pearla,Wilds,pwilds1t@disqus.com,658-361-8990,38883
a3fe77b8-c7e0-491c-9202-7affaa511beb,Gretna,Connue,gconnue1u@hud.gov,711-261-7748,32542
795899be-ecad-4cba-aa99-1befd3f85c1b,Huberto,Patrie,hpatrie1v@macromedia.com,379-797-4330,37203
8ba915d8-9c88-4906-a01c-add93040646d,Sunshine,Chamney,schamney1w@prlog.org,875-255-7392,20045
f6cf1210-fafe-471e-bb14-c411aeb7ee87,Dorolisa,Tender,dtender1x@goodreads.com,938-996-1280,24506
6beb51d0-0cf4-4b37-b047-da2bcbefb021,Brady,Haburne,bhaburne1y@moonfruit.com,159-229-6186,25985
e9d4909d-8480-49d5-9558-bfd6a84be83d,De witt,Roblou,droblou1z@godaddy.com,463-369-7861,40393
fe3a31e4-8cde-461f-bac2-e283b440a403,Fowler,Ferrillio,fferrillio20@craigslist.org,214-929-0063,17520
90404d70-4150-4177-a892-6c52925f5989,Maribel,Starr,mstarr21@mtv.com,826-645-6400,12675
656b32b9-5526-4ad1-869a-388ac88f0f5e,Giovanna,Riste,griste22@jimdo.com,883-674-4398,24033
c1f2a987-f3d1-4b9b-929b-1f4c741ade90,Merna,Logue,mlogue23@webnode.com,671-927-5633,23329
fe0a6c7c-74fe-41b1-9f42-ae76d328b7f8,Norrie,Masson,nmasson24@ucoz.ru,765-678-1625,17004
babcf743-a6bd-48dc-8820-38b05ddf3665,Ianthe,West,iwest25@tiny.cc,768-257-7840,16940
332f243c-6b04-4fc5-a1d8-2f143bbdc32b,Symon,Ambroziak,sambroziak26@theguardian.com,996-945-6441,
bbe37c92-54ca-4eec-b301-210fd29f5b36,Zia,Petkov,zpetkov27@opera.com,999-404-3426,25185
2466aabd-e14a-4760-90ff-f4004c216594,Petunia,Bielfeld,pbielfeld28@instagram.com,854-970-1401,32307
6822fb40-a885-4641-b8db-1a15a1f080b1,Ephrayim,Essberger,eessberger29@storify.com,929-979-8812,38843
4b25204c-540a-4bf9-93b9-05a3a89d537c,Bartlett,Wringe,bwringe2a@unc.edu,435-318-4329,25869
b1587271-b2cf-449f-9a31-905f960c0b2f,Mable,Gaskoin,mgaskoin2b@ox.ac.uk,882-737-7346,40848
1226bd08-c018-4a06-b292-6681ffc4c8f8,Codie,Scimoni,cscimoni2c@chronoengine.com,298-228-7649,15833
a676f75a-dc41-4531-9729-eed612a9988f,Hadley,Petheridge,hpetheridge2d@sciencedaily.com,963-973-7295,15354
803a78be-9ab9-4e10-a836-ead760dd6c93,Florida,McCunn,fmccunn2e@arstechnica.com,139-111-5207,25369
a6189989-a0ca-4876-84b8-2be44be0482e,Zelda,Grichukhanov,zgrichukhanov2f@pagesperso-orange.fr,113-510-5495,12137
8cba43c3-8cc4-4d64-82cf-7780267a9c2e,Kienan,Sayle,ksayle2g@hugedomains.com,530-550-3115,20069
15820f17-9731-4f0f-a4a6-09d0975a7ffa,Grant,Bretherton,gbretherton2h@jimdo.com,794-864-1672,31202
c7d1f885-d44f-4267-9c17-894a9c585410,Jaimie,Sermin,jsermin2i@mozilla.com,481-781-6757,41615
2fcd04f2-f3c9-4a57-80ac-a482db2c3be2,Falito,Baldock,fbaldock2j@w3.org,760-156-9413,18065
eef32583-247d-43cd-bbc2-3d748dd3e181,Rubia,Kershaw,rkershaw2k@creativecommons.org,464-611-2185,27563
76c8cc53-449e-4e0a-88b7-cdac33471f4f,Ingrim,Bewsey,ibewsey2l@accuweather.com,813-557-3871,14718
70419862-5a3a-41d3-94d3-8c6e90f0bccb,Saleem,Poag,spoag2m@cisco.com,961-481-3019,28020
41fc8e05-0543-4f5b-98a3-156d00baef99,Sheeree,Atwater,satwater2n@apple.com,312-539-3867,36699
669df459-49d0-4b25-9366-e6d78914b8d2,Darlleen,Eke,deke2o@independent.co.uk,155-787-3408,24066
4bba0f54-cf03-4f45-9fab-33b817a1f34e,Joni,Drewell,jdrewell2p@usda.gov,669-689-3893,36409
63d1536a-d535-41a6-92f9-2187c50439a7,Harp,Pendergrast,hpendergrast2q@themeforest.net,352-351-8912,14248
5ebb18aa-d409-4754-bb05-c8a5101e004a,Kattie,Cholwell,kcholwell2r@arstechnica.com,550-627-3532,33090
edda38ce-925c-4927-bdd1-e2296447a304,Eli,Lindwasser,elindwasser2s@nba.com,733-922-1426,30736
09b5ec42-4f52-4299-a60c-d05b0ee13a0b,Mikel,Lough,mlough2t@macromedia.com,553-911-1869,22257
a8272d48-9356-4479-adcb-9d87d5aef8d1,Marlow,Fansy,mfansy2u@xing.com,191-792-2532,23216
1edc82bf-8121-4d19-83af-91100aeada92,Robinson,Girdlestone,rgirdlestone2v@dagondesign.com,793-166-3374,19777
28c8e019-8a86-451b-bb44-b90ccb914d56,Engracia,Wellington,ewellington2w@studiopress.com,219-171-6797,27060
c3351ac7-64e9-424d-a104-96eaed80cc9d,Verina,Geri,vgeri2x@nymag.com,268-361-3174,26356
8ca0e521-1801-4c06-a5c2-946f8dcc2d24,Clo,Lambrecht,clambrecht2y@yandex.ru,469-825-4594,29314
9d5a958c-fbca-47a9-9071-5f1a29000a65,Adler,Zmitruk,azmitruk2z@prweb.com,673-279-4059,12128
ebc6add7-f804-47ba-ad3a-a0eea09237df,Ozzy,Care,ocare30@ft.com,389-636-1456,39979
587147a4-08bf-49fd-80ab-878ce01cea1d,Giorgio,Gleasane,ggleasane31@narod.ru,401-101-6105,12485
18d657fe-ef68-4851-8f5b-6a7cea96f2d5,Wilden,MacQuaker,wmacquaker32@spiegel.de,966-133-4832,14053
00c5cdb5-0329-4e8d-8e3e-2c055d958ea8,Chaddie,Stanway,cstanway33@goodreads.com,328-219-3297,27415
d2ee0163-150f-4b68-991f-d6bac8f382d2,Adoree,Skayman,askayman34@usatoday.com,717-813-0802,15017
350cc298-905a-4e6b-b3b7-a0a3620e467b,Maximo,Kleinhandler,mkleinhandler35@amazon.com,462-323-9906,35380
2c1f8e81-f88a-489d-a43c-ec20f8af9df5,Valenka,Gherardelli,vgherardelli36@nationalgeographic.com,376-154-1985,26494
bdfca247-bcc8-4929-8704-b78a7ad8d89c,Haley,Zincke,hzincke37@theguardian.com,719-839-3268,30323
69743a74-3205-424d-9dad-e7459c6fcf81,Darwin,Ary,dary38@tripadvisor.com,650-174-8053,40676
be082485-76c5-4172-b40a-bf3131898e87,Andros,Spurrier,aspurrier39@bbc.co.uk,701-518-5743,34450
2e3c25c5-0d5c-436a-a3a1-6abc6c92a217,Oriana,Lackeye,olackeye3a@liveinternet.ru,501-112-1873,16807
7a5494b9-b83f-4217-9d3c-f8a27bf7dc65,Kinny,Pennrington,kpennrington3b@addtoany.com,253-146-1524,20340
e2f10e6e-a9e3-46fa-9bbb-7861c5a92318,Nevins,Slater,nslater3c@indiatimes.com,214-924-6884,38595
438fa01b-5143-44fc-a59b-e2cc31dd5f03,Clim,Oliver-Paull,coliverpaull3d@delicious.com,276-366-0731,33809
f7fc5fdd-9ea3-4ca1-b863-17c77b966290,Jobye,Woolvett,jwoolvett3e@house.gov,336-559-2431,41328
f6cb4a8e-0f56-4b72-9b41-39a348f0611b,Larine,Colebourn,lcolebourn3f@nyu.edu,103-886-3409,14331
462487ea-a123-4265-b2b9-92c1fc2c3f32,Eula,Mulcock,emulcock3g@columbia.edu,321-115-0669,16364
044e48c9-ae43-4e2f-b4ee-d085e54cf22e,Boycey,Cannam,bcannam3h@mapy.cz,772-726-0421,24200
ee42f925-b28f-46bc-9b8f-a9893f3ba411,Charles,Philippson,cphilippson3i@theguardian.com,937-536-3314,20373
ee2c16b5-3d07-43db-862b-606bfdf62c7e,Caye,Kalinke,ckalinke3j@trellian.com,688-247-8892,12429
157a437a-5f5a-4683-8bb0-4a7a67ae8a31,Row,Dolby,rdolby3k@noaa.gov,109-278-2898,28358
d7affd78-d994-45f5-b12e-3fd67c1350d5,Nappie,Simes,nsimes3l@meetup.com,732-186-0504,20520
74f15b44-0372-4b50-8384-726af9faf7f9,Keely,Golde,kgolde3m@goo.gl,512-292-0779,35105
ea048365-559e-4f5d-b419-bb7ea08a77ab,Berenice,Brea,bbrea3n@indiegogo.com,999-413-3872,12893
24744c82-1d92-4ce5-8c6f-9ff553a78549,Sherm,Pottage,spottage3o@booking.com,839-509-5846,14539
500556c0-7049-4daf-83a0-f118c4bd7482,Sutton,Tomasik,stomasik3p@arstechnica.com,493-614-6140,21326
5248ef63-5e7e-4d9f-900e-528d87f00ee6,Kali,Stoffers,kstoffers3q@ovh.net,319-746-7461,16463
93394a5d-c842-40d0-a3aa-6b35465351c9,Debera,Linnett,dlinnett3r@ask.com,203-620-3212,30506
2cf77589-47fe-4485-b414-0a9eaba2992d,Sigmund,Dorran,sdorran3s@aol.com,693-394-7041,26949
384f1ee8-f919-4ba5-b514-3de4cf5db30c,Salomon,Glassup,sglassup3t@google.es,171-725-3587,25264
7a4a2ee8-65d5-499d-9c02-b8b05d6e119c,Leyla,Simyson,lsimyson3u@hubpages.com,102-451-5182,19429
88929ca1-15ca-4803-bf16-5dcda0bfef38,Neale,Windas,nwindas3v@macromedia.com,585-783-9401,20118
d3dae0e7-3731-46c3-8f9f-660073f2ff46,Alistair,Dhennin,adhennin3w@posterous.com,852-278-0034,12932
3f50eb0f-4842-4791-968a-35f3b98ccec3,Courtney,Boddis,cboddis3x@blogspot.com,394-634-3813,17331
bbd25fba-b0bb-43d2-a7b3-197140f43339,Tiphani,Niesing,tniesing3y@ucoz.com,974-658-0515,20980
38282cdf-404f-4944-b42a-b922c76a040e,Court,McCory,,,13168
932aecfc-7145-4a58-8d3a-7176285119df,Honor,McNair,hmcnair40@is.gd,843-995-4349,41523
b39bb58b-9f13-4071-8aca-863caff53986,Karlyn,Middlemass,kmiddlemass41@wsj.com,754-570-1005,15562
3e1acc29-1c9b-4e0c-b81c-a33072d911b7,Vikki,Benedtti,vbenedtti42@wordpress.org,261-929-3465,29152
75b5c412-6b9b-4c70-9b77-59ae4884669c,Krissy,Eastby,keastby43@howstuffworks.com,659-798-8912,40999
a30f47b1-0c1f-4c26-bb57-524e3e44824f,Ernesto,Parsonage,eparsonage44@blinklist.com,425-184-1743,25156
048adb4c-a0b6-42a3-9805-dcfb1d6f6979,Torrance,Bendix,,,34520
da2b8176-0304-44b2-bb37-90d863ca446d,Maitilde,Round,mround46@bloglines.com,725-752-9591,38463
a0e1825b-9d90-4d77-9495-797f64e4ac2e,Rivalee,Boxhall,rboxhall47@goo.ne.jp,581-905-9039,15162
c40c7ada-5339-4027-9acb-92095b4f9411,Hamil,Pettett,hpettett48@biglobe.ne.jp,162-897-2787,30994
be72028c-26bf-4461-8277-a6b919940896,Annelise,Birchenhead,abirchenhead49@free.fr,924-113-4233,30510
c476d212-fa34-4887-97ce-9a27766f0d99,Dalt,Bernolet,dbernolet4a@weebly.com,817-421-2208,30462
28b2277a-d699-410e-a114-07921603d93c,Chryste,Arrell,carrell4b@discovery.com,610-272-7055,22625
150dcc4d-8943-4ee6-9324-b5c70d50e88f,Annmarie,Winwright,awinwright4c@cnbc.com,262-765-9693,26701
f7ac8353-d503-48a4-b727-89906605f963,Hurley,Pollie,hpollie4d@naver.com,691-430-7386,33849
163b20bf-4390-4909-bdb7-0f8d8b733a70,Bryana,Imlock,bimlock4e@dailymotion.com,843-684-5927,21224
481a6693-d1bc-4f76-b5bb-710d33ea07e4,Cy,Epgrave,cepgrave4f@blogs.com,649-255-7268,30886
403e022f-93dd-4408-b754-b04ce5b142ce,Cordie,Beincken,cbeincken4g@ucla.edu,300-593-2652,38462
e99aa649-8098-445c-8b51-2b9f8380eb7f,Ally,Dunkerton,adunkerton4h@uol.com.br,943-447-7689,31949
77a30acb-62f9-4d11-91e5-06fae8a7b24a,Thor,Sachno,tsachno4i@rediff.com,161-113-7814,25564
083a120c-a730-4fbb-ae3a-07e03f76c6fc,Rodrick,Schust,rschust4j@devhub.com,874-311-0707,40908
f431785c-baac-4715-9fdd-7449d0c38f46,Ariella,Stanner,astanner4k@elpais.com,158-978-4010,39279
6f1285d0-8236-4d65-8f11-7bab5d076d21,Carl,Battabee,cbattabee4l@businesswire.com,849-978-6055,41308
264f9747-2dd6-4794-b225-ed963ae604dd,Butch,Pahlsson,bpahlsson4m@loc.gov,829-133-1538,38282
43b6a8ab-67e8-449d-8898-e918b149d3d2,Griff,Micklem,gmicklem4n@ask.com,106-669-7708,16388
b55964d8-c2bc-429b-808c-80d89a890f73,Yasmin,Damp,ydamp4o@globo.com,305-481-3241,40917
ff7a58f7-8b13-4119-a570-296c1e519941,Salvador,Sign,ssign4p@epa.gov,695-762-4987,37055
4eb2cd3c-5647-4c19-b5ad-f703c9bb99a5,Eliza,McCutheon,,,30902
42262bc9-38fc-4d21-ab40-72a68598aac4,Glennis,Rainsdon,grainsdon4r@icio.us,492-753-9917,36730
21893457-4fa3-47b2-b2b8-9ef139553a8a,Eirena,Spooner,espooner4s@webeden.co.uk,765-835-5112,21553
5eec0b06-8a75-4571-9b0b-042a049c3e23,Vannie,Pennings,vpennings4t@ask.com,605-809-6343,31704
135cc159-61b0-4de2-90cd-57a89475f31c,Avery,Alger,aalger4u@yale.edu,367-531-4778,30638
ec3a596d-8e2c-451f-b67b-3b49c49b9c1b,Selena,Revening,srevening4v@nasa.gov,780-491-7966,21814
20b8fed6-63db-44ab-9071-9356a95ce572,Thomasina,O'Hederscoll,tohederscoll4w@so-net.ne.jp,983-877-5599,31727
d6e0c0f3-fe08-4f96-8304-8dfebe4ad0b4,Brian,Blundin,bblundin4x@huffingtonpost.com,125-447-9491,37298
c1d1d754-320f-4cfe-afc6-363488aed6a2,Rebbecca,Crocetti,rcrocetti4y@usnews.com,940-320-3163,31296
c06df594-e86b-47db-b9b5-0867277b291a,Vania,Mockler,vmockler4z@imgur.com,503-140-8219,24734
82cfde8c-ab81-47b9-987e-3c9e7c1e7729,Didi,Pettisall,,,32373
197f2dad-8f54-4c04-88c0-c7c06d27b061,Drucie,Ameer-Beg,dameerbeg51@ftc.gov,281-897-5723,31271
c06f7f65-e0ba-49e5-908c-a9ae2995f135,Gherardo,Panton,gpanton52@youku.com,664-564-4035,25037
26d4d6df-f9e2-4d9a-9f8c-ae15f97037dd,Meade,Wrennall,mwrennall53@miibeian.gov.cn,379-954-2656,14558
b6d9bceb-5472-4c01-a89a-69daae46f0f6,Asia,Wards,awards54@barnesandnoble.com,196-217-2757,39069
dd207546-c665-4c85-95d1-5a3edb298f62,Brennen,Lieber,blieber55@ehow.com,609-666-9841,32604
378f92ec-4d35-4492-9cbf-d1d99f8de69b,Abigail,Alloisi,aalloisi56@ibm.com,617-856-0618,37087
871dfa8a-ef76-4da9-ac96-8cfac867390a,Devina,Fidge,dfidge57@facebook.com,227-847-1824,13420
d3705275-9a9d-42ac-87b4-abd2c4b2eaca,Dolley,Cockaday,dcockaday58@cbsnews.com,979-995-3529,12254
6ccb9eb0-7bd4-42f0-9374-c71c4113b65b,Correy,Strangeways,cstrangeways59@devhub.com,163-424-0183,31789
0602b766-3c8c-4cc8-96d7-e0cb9d7f5c48,King,Van Merwe,kvanmerwe5a@sohu.com,337-496-0128,20671
1e06d645-f1b8-402e-aca4-1f99750cbd73,Roderigo,Clutten,rclutten5b@blogtalkradio.com,321-737-0502,28543
93d32611-ed67-4ee1-b01e-faea7f9d6e99,Wendall,Fyers,wfyers5c@hibu.com,952-837-8111,11870
d9ac62e7-9f64-4f25-97a5-70ccf6007c93,Gay,Kennion,gkennion5d@sakura.ne.jp,358-238-8500,38778
42d58a3b-2a1a-4d1e-b8c1-091478461820,Tybie,Cram,tcram5e@sitemeter.com,100-913-6046,24912
3391b824-27f1-46df-883d-95d4745ce951,Cicily,Liptrot,cliptrot5f@dropbox.com,335-144-9500,28891
250728cb-d49a-4da7-aa84-801922935a89,Creigh,Kerford,ckerford5g@gravatar.com,129-697-2282,31847
e5371e51-3624-4caf-a44a-ab0f0ef7e3c9,Sterne,Bertomier,sbertomier5h@washington.edu,130-575-9666,36214
ebe70850-f4d8-40ef-b725-15c56af8f94b,Oates,Starte,ostarte5i@ocn.ne.jp,390-587-3080,38437
64fc1b53-1dfd-432f-acb8-01aa055d6a76,Niccolo,Wilder,nwilder5j@ucoz.com,233-669-6981,11475
3ddffb91-91b8-4ccf-b2ad-d2f4915de810,Keenan,Burdikin,kburdikin5k@addthis.com,588-300-2547,37914
b40454ba-42a8-46f8-bee3-8373fcd3465b,Anabelle,Olsen,,,16272
16e44934-2e91-4f27-9468-f5b321066d1e,Astrix,Gaytor,agaytor5m@blog.com,800-763-9364,33598
a0019b93-57e5-4dda-9c60-b270602b4eb1,Elfrida,Gant,egant5n@sphinn.com,469-413-9519,32857
0f8bcf41-4fb4-4f4a-9e06-5c7c5222b37f,Jacinda,Quinton,,,32133
8fe1d8d8-4411-4075-bf3a-cbf84a3301d4,Salvador,Hawksley,shawksley5p@delicious.com,842-891-2921,13160
b368f7c4-2d37-4235-bab4-35ef8f2e8ae3,Bili,Colby,bcolby5q@cmu.edu,868-897-5002,33052
2cb2276c-1678-4649-8da2-5ae81ad2dfba,Berta,Sirman,bsirman5r@pinterest.com,455-662-8851,33600
94e51451-d8a8-4e78-b2f9-adf912434d72,Zena,Jerromes,zjerromes5s@amazon.co.jp,304-924-9718,35105
9100da92-dfe8-4b24-aca1-53442f1724c8,Erina,Teideman,eteideman5t@apache.org,393-317-8651,23056
ee59653d-3eac-411d-b6e9-15bd55907814,Sabra,Gaw,sgaw5u@si.edu,284-397-2100,11907
19cfd86e-67ed-4ba5-a5f5-c384bd8c2525,Carolina,Peter,cpeter5v@google.cn,489-425-1606,29052
04659d69-5344-4d31-a1fb-89482e82c974,Dian,Pretti,dpretti5w@eepurl.com,120-976-5385,12872
40e08252-439a-4057-9fa1-83a7d8e99190,Carlee,Laite,claite5x@list-manage.com,646-830-3671,41210
b2b3ef91-1b88-4ac0-873c-2ce0132513c8,Caron,Squirrel,csquirrel5y@163.com,123-910-1277,30559
8f05d6b7-9ba9-4133-a26a-087df7194a76,Rafi,Havelin,rhavelin5z@sciencedaily.com,846-905-8816,32406
af63fb03-0fd4-4b08-a16d-4c3ee8ab21e8,Malinde,Beglin,mbeglin60@fda.gov,571-704-4250,16887
8969ad3e-49c7-4e0d-b5b9-dd0f6c829344,Stafford,Cesco,scesco61@wordpress.com,897-880-2429,21766
38d5b866-c299-4de2-8b47-15f7231aa74e,Blondelle,Bestar,,,21809
6b136408-fba6-4184-8739-278206e37327,Ann,Cornwall,acornwall63@linkedin.com,402-949-6981,35140
094f8c6a-2e14-492b-b0f0-a0ead0c0a054,Joanne,Riche,jriche64@plala.or.jp,130-502-0146,14257
5ea992ee-ca8f-404d-b74b-40bd06d26dc6,Philippe,Legrand,plegrand65@msu.edu,240-158-1680,15699
54a681c8-0ac3-46fa-b1b6-09c3792cccf6,Lew,Ritter,lritter66@latimes.com,798-122-8910,12199
d2122556-6104-45f6-bd18-c8d6935d2790,Lucy,Gothup,lgothup67@google.de,740-274-5280,30667
6370c2ae-9b38-4cba-9baa-4e8e826dff15,Veradis,Choppin,,,37652
7afdbb00-21ac-4fa5-b7c1-0d99e76581e9,Ralph,Seath,rseath69@home.pl,437-173-7343,19402
3a837cac-2aae-4f8c-b5e9-a3ae653ad5ee,Stevy,Perfect,sperfect6a@cargocollective.com,744-563-7541,12135
c9e2d116-fd53-4d52-96b8-104cc4f2edc5,Towney,Verney,tverney6b@github.io,690-260-8896,14005
c2cfda1b-65e2-455c-9c4c-9e9d57eec9db,Zach,Belliveau,zbelliveau6c@nsw.gov.au,270-839-0030,34149
2aaa9772-4c67-4aa5-b047-4a2cc08981d2,Gabriele,Goodee,,,18815
752907b2-b054-4a9c-9669-9f9724b6d8cd,Knox,Osmant,kosmant6e@opera.com,964-623-4905,19033
12d52ebe-5472-46b7-9d3a-896f450700e6,Glenden,Le land,gleland6f@prnewswire.com,873-428-0128,15906
05dff9f2-8629-4f5d-9d08-7ab6f3366bf7,Gussy,Garnsey,ggarnsey6g@reuters.com,440-993-6847,22661
d44fbef1-7747-431d-81aa-b0975b00d62d,Buddie,Tittletross,btittletross6h@berkeley.edu,302-823-1164,19309
4a571a4b-1e38-46bd-8142-7858e71879d0,Rick,Hambidge,rhambidge6i@deliciousdays.com,623-890-4209,12674
b9640eba-4f4e-4a94-b4f0-cc5cb31fe0be,Matias,Jedras,mjedras6j@seattletimes.com,253-120-8321,17533
217c3632-8457-4ed1-9c32-54b854a9c95e,Kelsey,Clackson,kclackson6k@imageshack.us,246-501-4690,21518
0ca8b7ce-b425-4de1-83a8-8b58938e71a5,Giraldo,Luckin,gluckin6l@gmpg.org,110-257-5366,20186
d575404a-5e47-4d22-9dc1-4de1d52f7f24,Stephie,Campagne,scampagne6m@shareasale.com,797-158-8490,18160
53b38591-ee69-4d49-ad88-380d0d2c87e3,Karol,Perkin,kperkin6n@clickbank.net,119-258-1077,20968
1276ffb8-4424-4dab-9507-4e60e372c14a,Elli,Farrey,,,12602
830bdaf9-6ec2-4b9b-935c-384b72fa0b9d,Ritchie,Jillett,rjillett6p@telegraph.co.uk,735-548-3250,14208
e6b1d9d2-3e43-429d-9f5b-eb903c74b4a0,Zebadiah,Ivins,zivins6q@topsy.com,606-764-5650,12274
a0c9c030-279c-4b65-935c-203cfa520879,Dido,Jannequin,djannequin6r@geocities.com,986-565-0416,13876
0236635b-ba39-48ae-9c49-6f35b20edf69,Damien,Clapison,dclapison6s@mashable.com,273-332-1674,38312
4e778de6-c0fd-4604-b991-2e2fc11d17af,Gabi,Auckland,gauckland6t@pagesperso-orange.fr,613-191-5077,26423
8c3fbca4-cfb6-402c-8cac-85173f726b6e,Carlota,Hullin,chullin6u@ibm.com,910-860-2500,36053
f501f489-9649-4727-bdd4-6e4df0d11f14,Sioux,Scoterbosh,sscoterbosh6v@army.mil,188-683-7962,35181
d7b5e1da-ef0a-4c03-86e2-8cafd5cffc87,Dasha,Hurtic,dhurtic6w@elpais.com,691-857-3881,24265
6e22554d-3c4b-4eb9-9029-7d80d5e69a98,Rutledge,Tetley,rtetley6x@stanford.edu,265-564-8559,30608
f20e8741-4c2e-418c-93b6-e2fd76830e31,Etti,Burdis,eburdis6y@ucla.edu,629-797-7092,32637
99d609ae-b7f9-4ec6-98ce-38de8aa4b863,Annabal,Tylor,atylor6z@prweb.com,384-581-7944,30053
863c3841-49f1-43a6-93c0-ee5a045104c2,Teddy,Bramhill,tbramhill70@etsy.com,632-883-1163,36234
3826031a-175f-4c86-9c9e-b3fde82fc395,Orran,Wingar,owingar71@narod.ru,926-687-7195,30332
d9b471a1-71cd-4120-bd34-bc8d92075eeb,Werner,Brosi,wbrosi72@multiply.com,634-412-0006,16671
54993bb7-c03a-47d8-8e15-ae751eecfb61,Joyce,Colclough,jcolclough73@salon.com,239-746-2328,34883
f40c414c-6274-4557-bd3d-8040b40b2a58,Tatum,Dytham,tdytham74@go.com,751-369-4605,28368
34804f8e-5481-4c16-bb4a-e0b7f82e8ea7,Brok,Janz,bjanz75@va.gov,234-551-7504,12844
fba3b45c-a6cb-43ab-a589-7bccfd398610,Allsun,Willoughway,awilloughway76@cocolog-nifty.com,541-804-8442,17552
f4b7fb53-3e44-48b3-8787-67185b107675,Elka,Fillan,efillan77@furl.net,977-997-7494,24469
a83f84d1-9317-440c-824e-6b0265fe8bef,Tallie,Reddlesden,treddlesden78@cyberchimps.com,574-938-4760,35012
d0dddf61-d875-43ad-818c-0677d438ae22,Pascale,Hulburd,phulburd79@eepurl.com,129-466-9407,15274
27060b99-0e1f-4892-839d-19aa999a03af,Saul,Havill,shavill7a@prweb.com,868-140-5764,19524
4793b40a-5dab-4865-aad6-575095f56a34,Billy,Jaynes,bjaynes7b@java.com,833-378-3202,18247
00f17530-c516-4c9d-9ce0-ee023593116b,Nappie,Gittose,ngittose7c@cafepress.com,990-369-3163,23707
976cefe2-efa5-4df9-a08c-bc62971d907f,Sterling,Swanton,sswanton7d@nyu.edu,972-597-4577,41577
60a9a721-3d07-45a9-a177-80dc677195bb,Otho,Semple,osemple7e@geocities.com,415-754-7743,26408
f592dfdc-aeaf-47ee-8dd0-a383397982eb,Keriann,Mees,kmees7f@google.fr,478-376-9945,37098
8c5e9b4c-e09a-4dd9-9fd5-01fddaf8c5c6,Dierdre,Scarsbrick,dscarsbrick7g@github.io,638-233-0743,25509
b04e4781-07b9-4cd5-aabb-37dfe305a940,Ross,Kings,rkings7h@vistaprint.com,194-978-1829,22478
c62ec8f8-60f9-4b9f-a32a-5319fa106f48,Drona,Quarless,dquarless7i@youtu.be,820-607-2938,21172
e6e8a78c-7a6b-4dff-8c20-5cd631b5abdc,Tanitansy,Warhurst,twarhurst7j@shutterfly.com,921-270-4590,11309
623942df-0f0c-49b1-8468-de17e95d985c,Anna-maria,Cremer,acremer7k@nasa.gov,630-652-5720,12136
76c51037-4fe7-4879-a5e9-fcd0abb4d2a7,Derwin,Palphramand,dpalphramand7l@squidoo.com,181-145-5935,37680
6168cd42-5528-4984-9c91-131c2d456d01,Gilly,Ruslin,gruslin7m@earthlink.net,820-371-5641,40261
41827541-dd96-4334-bb9c-2fc0d10c3cf5,Taylor,Pittwood,tpittwood7n@xing.com,806-666-0746,41397
08434e4b-edb3-49ee-aeab-20491b4f83d4,Bernete,Everist,beverist7o@drupal.org,639-801-9876,36608
dad9661d-03d6-437d-8fe2-7c72881f9de3,Annis,Gardener,agardener7p@deliciousdays.com,302-354-0238,16091
39c13b8b-c35f-4597-b507-2fcf00bf422c,Walsh,Batrick,wbatrick7q@globo.com,971-315-1386,13096
0f158b74-a787-4aca-8457-bea59ac3e786,Ellswerth,Mound,emound7r@etsy.com,128-285-9888,17215
4e2c473b-71fc-4ee8-a365-d50316b343db,Clarisse,Courtenay,ccourtenay7s@army.mil,818-467-1438,33649
7d0ee4d0-f335-4c10-8843-20a8a940c760,Derwin,Tewnion,dtewnion7t@usatoday.com,690-439-9337,
8fd03b3f-1927-473b-b325-4471d0b84ae3,Elroy,Ronchi,eronchi7u@admin.ch,279-120-9852,35781
f8c93a14-1270-4f18-a136-c1bdfcade78d,Jennee,Jewster,jjewster7v@hhs.gov,857-985-7222,22488
6916821b-f0c9-4e8b-9573-43fba046dd61,Salome,Bouller,sbouller7w@ft.com,589-764-1139,39741
24f06413-fd2c-48e9-b4be-2f21c4efeaf7,Edouard,Goundrill,egoundrill7x@angelfire.com,871-792-5937,29846
b6dac27f-e258-44a3-a483-a2257cdc8222,Marris,Bolesworth,mbolesworth7y@hp.com,950-181-8328,17550
6577a275-5114-443b-9526-258f8a233d03,Hildy,Batter,hbatter7z@purevolume.com,419-438-5358,41105
f2d53649-bc3a-4fc2-9c62-9da6248c5ff7,Arron,Bramsen,abramsen80@netvibes.com,104-301-0323,19345
f7a3ccdc-7bdf-482d-9e24-254d45f0b95d,Jeanelle,Extence,jextence81@flavors.me,522-170-0753,30991
21b1d321-cb71-4d99-b4d6-28ec0f8f0570,Jocelyne,Seeman,jseeman82@geocities.jp,515-594-7504,12203
11bb8f6d-b87d-4d27-ba06-b7ad8bc084c9,Bethina,Gossage,bgossage83@blinklist.com,274-485-6302,29467
a28485b8-86dc-4ca2-a537-0630babc79e9,Corrinne,Exposito,cexposito84@mediafire.com,841-169-1927,41416
12b1161e-9eb5-4d82-98ed-e28d130b97c9,Enoch,Jeggo,ejeggo85@unicef.org,243-975-3460,33421
4eaae8da-a3e8-4737-9b8e-f71634e17156,Jacynth,Raund,jraund86@biglobe.ne.jp,417-595-5042,21397
941fe3a8-24dc-4dbd-b89d-05f7c4526923,Lenore,Scantlebury,,,26224
3480de29-80c4-4b49-8936-d38eee26ccb7,Nataniel,Payne,npayne88@e-recht24.de,326-455-6203,27961
eb0659ae-40db-4668-bf3b-bb28452b4843,Garreth,Dopson,gdopson89@blogs.com,498-788-1615,31641
30c1be5c-6872-41f4-a82c-e000bb26c5e9,Paco,Alvares,palvares8a@shop-pro.jp,932-451-2292,19334
b5289237-9170-47d1-b614-c43f52515922,Vanny,Keymer,vkeymer8b@google.co.uk,399-298-8125,28500
11ac1805-666e-4908-a910-55645ae88d7c,Linda,McGuigan,lmcguigan8c@histats.com,804-434-6915,11267
795c7105-917a-4ff4-80e2-d79d27951f39,Cassie,Ingleston,cingleston8d@mac.com,838-201-5973,31222
f13290e5-84bc-4a70-b8d3-e41d43bc4b25,Kandace,Wartonby,kwartonby8e@trellian.com,905-164-1000,35370
84b3d927-2d0c-4597-8173-01d1724566ad,Shalna,Bichard,sbichard8f@skyrock.com,388-206-4379,15388
a4d5cb71-5d25-4049-9b2e-936e7596908a,Alfonso,McFeat,amcfeat8g@mail.ru,102-212-5348,31837
795e1544-77b9-4d9d-afb9-3bcfcedc894a,Marj,Antonomoli,mantonomoli8h@ezinearticles.com,784-498-8488,18597
718c7015-1e1f-40e3-a8a7-257d1cd4db89,Hallie,Bouller,hbouller8i@usa.gov,360-401-3591,22199
d1dd8739-25dd-460c-a308-d48f56cfc5b3,Baillie,Kyncl,bkyncl8j@dion.ne.jp,482-794-6349,17460
bc8d660c-bbef-470c-8469-96b377a82997,Catlin,Jaques,cjaques8k@wsj.com,781-761-0915,41592
cec4a552-ca41-417b-9d89-84fff69a93bb,Westley,Morgon,wmorgon8l@pcworld.com,637-964-1444,23580
7ebdeeb3-d606-4e98-838f-b8e47de216b1,Robby,Kubicka,rkubicka8m@arizona.edu,376-296-3311,36097
e6a95827-fd7a-467d-84f6-753ae34a8e9f,Weston,Toland,wtoland8n@elpais.com,955-282-6222,13772
a01e40e3-fe17-4fcb-87d8-ce3d11876066,Waylon,Knighton,wknighton8o@epa.gov,408-467-6053,24559
450134b1-8726-4167-a6cf-dc5a45d0d26b,Quincey,Jamison,qjamison8p@topsy.com,174-617-2364,40460
0a16ee8a-4593-4ad9-9ba9-de50c97c11e1,Sapphira,Kineton,skineton8q@google.es,640-398-7171,18644
40899297-1699-4798-a644-4231bc63df8b,Anders,Charlon,acharlon8r@archive.org,474-744-1989,27589
3516fc8c-75a3-4375-b8df-2366c799979b,Arlyne,Falshaw,afalshaw8s@usa.gov,689-889-1862,26201
3a65549a-1d7a-4a4e-90e5-105bc964680b,Gonzalo,Rickhuss,grickhuss8t@yellowpages.com,966-343-0604,11389
85439737-72a5-41bb-a513-d94fac21c555,Rozella,Maureen,rmaureen8u@ibm.com,759-970-4482,29326
ed306289-887b-478f-8cc2-e691f80c1a8d,Andrew,Weathers,aweathers8v@goo.gl,628-423-4481,19418
dfc6768b-e491-4b54-8e71-6dcdbe4b3d63,Tannie,Workman,tworkman8w@weather.com,406-706-8494,20540
09a36443-268f-4947-b248-5fd9cc0574cb,Cheston,Seago,,,42040
8cc7e068-9675-4527-b213-55ae94f6caee,Abraham,Sprionghall,asprionghall8y@businesswire.com,850-965-1467,19429
639bea40-cd27-454f-8a54-0d43b2d5a5b1,Mychal,Koppes,mkoppes8z@histats.com,695-763-2093,40066
fed6713b-0a5a-41d5-be64-24f9c16c7134,Charline,Norvill,cnorvill90@geocities.com,711-429-5827,14216
8a7fe2c5-af64-48ab-b82d-367ac056dfed,Norris,Feveryear,nfeveryear91@answers.com,398-291-7160,24437
d3bbdfe1-1f8a-4806-818c-f458c6cddea6,Bryn,Dadd,bdadd92@hhs.gov,532-704-7775,38689
43e8ac2e-e0bf-4c85-8070-ef47a97e739d,Lillis,MacConnulty,lmacconnulty93@elegantthemes.com,546-275-2754,12382
1d3aa9c1-0a08-4439-8c79-ec19f4ccb510,Winna,Lewinton,wlewinton94@rambler.ru,499-287-0597,13555
551de72f-0c32-4be2-ba6d-f7be1b0affc8,Vally,Jobke,vjobke95@slashdot.org,126-811-0906,17452
fbce7750-6eb0-41e6-8009-754d6bbee6f0,Abramo,Adamowitz,aadamowitz96@narod.ru,135-785-4692,15723
6047e6f1-e3e1-42e4-8a30-d644520f6717,Madelle,Pickervance,,,21125
b86ca9d9-1efc-48df-a5dd-ecb4326716ea,Sonni,Savil,ssavil98@mapquest.com,846-623-9769,14661
7858d77d-406e-46a3-a0a9-ec95bfdca3b0,Emili,Carver,ecarver99@sogou.com,224-963-2116,26482
a5040a4c-3a37-4645-b841-0a9e4d05be31,Gertruda,Colliver,gcolliver9a@foxnews.com,630-911-7582,41163
ec4582f4-04d7-4aa9-ba25-35e33c1e4ecd,Rand,Mc Cahey,rmccahey9b@soundcloud.com,411-353-8039,33640
ffc0bd28-26c5-4d60-97ed-6548e4802ade,Dorene,Remon,dremon9c@spiegel.de,983-372-0303,23409
25d9e606-f647-4998-b79e-f645310d9838,Kevan,Joyes,kjoyes9d@prlog.org,482-788-0678,20523
af3b2fbc-2501-40da-a9de-1bb1b7e63bdc,Leesa,Berr,lberr9e@yahoo.co.jp,592-682-5500,33468
9422a244-1112-4cf2-bd88-b6f844b7572b,Casey,Olivo,colivo9f@photobucket.com,204-487-5232,14448
238fb9bb-9fe8-4b53-a3f5-d635c3c9a80d,North,Dicky,ndicky9g@t.co,235-918-6287,24351
0c82338e-65df-4af5-a9a9-dea828de5ab2,Vincenty,Ranvoise,vranvoise9h@rediff.com,663-624-2533,19135
b66e6763-29bf-4e38-838a-1136e1d9484d,Lucy,Spellman,lspellman9i@blinklist.com,761-347-9288,40755
83806d3d-0bf0-4eae-887b-9bfe0d31e2e3,Yorgos,Sex,ysex9j@wikia.com,119-275-8575,28990
66bf5cd2-b275-4e29-aaa8-7a8f40f22064,Harriet,Waldock,hwaldock9k@ftc.gov,429-302-8619,39658
e0fef5d6-3e5d-4e68-89f5-5b26e709ae54,Glenn,Kalisz,gkalisz9l@sitemeter.com,800-222-3654,13316
7b3620df-569e-4daa-a234-a6da7cfcfb35,Maddie,Verissimo,mverissimo9m@bloglovin.com,557-289-8521,34353
1cc3cf84-01a3-4893-9c9e-cc3edd92efef,Jacobo,Boucher,,,18925
b300c4a9-3fb1-4b03-9ea2-aaa34ef2f206,Honoria,Ferreira,hferreira9o@tinyurl.com,458-267-2738,
7e771f45-7a83-4998-bb09-e832d55d1dce,Carolyne,Wardhaw,cwardhaw9p@csmonitor.com,986-553-0244,38874
14827fef-bede-432c-815d-a361ec7bf696,Corny,Bembrigg,cbembrigg9q@skyrock.com,807-460-7227,35454
c60f6e46-35d4-4b43-8caa-a568f68d4aaf,Lesley,Stillgoe,lstillgoe9r@state.tx.us,468-674-3776,16222
1efd302f-be86-4214-bd59-796b6e0a2bb2,Hedy,Morson,hmorson9s@stumbleupon.com,591-268-0215,15233
f9245b61-4873-487e-886c-649855ccda81,Constance,Taffley,ctaffley9t@friendfeed.com,749-959-6893,28981
68cf2249-f06b-4de9-9bba-2b14da8b5492,Franzen,Tesauro,ftesauro9u@hostgator.com,210-884-6165,41478
b63fad2f-288c-48fe-874c-1d02d6ba2dc2,Willyt,Toplis,wtoplis9v@nsw.gov.au,774-326-8804,11170
d749eef9-f47d-4a24-8da7-f524606df5cd,Salmon,Duddridge,sduddridge9w@wikipedia.org,441-219-9682,37160
e23a0962-610f-418c-ae04-7bd7048b637e,Lulita,Hayer,lhayer9x@statcounter.com,857-433-0197,29389
05279a26-a696-484a-a408-6bee6f8a945a,Kile,Scarlan,kscarlan9y@github.io,440-215-2340,30517
352e6010-766f-412d-8783-313cf46acb31,Filbert,Neasam,fneasam9z@webeden.co.uk,969-286-0266,34015
412a2311-c8aa-42e3-ae19-c84e20d00a48,Janot,Cancelier,jcanceliera0@php.net,976-240-5300,33058
c8192afb-579b-4413-977b-ce66cd17ae7d,Issi,Creeboe,,,39611
5c4bdd91-fba0-4d9b-9c2b-9a087694b8b4,Lulu,Philott,lphilotta2@latimes.com,728-288-7110,33059
22710bbe-e2e2-4fbb-8889-5a8faa26f26b,Wake,Regis,wregisa3@dion.ne.jp,638-173-5048,17428
b5efab41-85d3-463f-b8d2-81ea9eaa0346,Martguerita,Caen,mcaena4@moonfruit.com,532-914-8571,27190
30dda292-a19f-403f-9b83-46cc2a3bdf90,Rubina,Labbett,rlabbetta5@chicagotribune.com,595-201-8657,20466
e6406115-51bd-4128-830d-ff9b10738261,Maximilian,Kassman,mkassmana6@usnews.com,983-403-2867,40363
c68b6d4f-a5a9-4101-9491-8375246697a2,Ailina,Wisniewski,awisniewskia7@issuu.com,427-872-0245,40835
fccd94e7-9ceb-4401-9408-5596d64e0176,Ardella,Kisbey,akisbeya8@home.pl,871-514-6348,21574
1d1dff64-d93e-4f91-8588-6670436bc9cf,Dukey,Jeckells,djeckellsa9@nih.gov,389-640-2125,31272
46b25fa6-b0d5-4ef1-b2cd-4c4d23a2ccaf,Cletis,Gadd,cgaddaa@people.com.cn,230-693-7759,33873
2e7ddb63-b219-4f3d-849c-4c374958f5f7,Emmalynne,Bendixen,ebendixenab@opensource.org,496-948-9852,22879
a99deed4-79ff-40c6-b89c-26f7a2e902ec,Wash,Goodall,wgoodallac@skyrock.com,686-439-2846,11184
4331b6b5-7914-43e3-88ea-002d1bff27e2,Bonita,Cranshaw,bcranshawad@pen.io,217-630-5024,34557
9c3ca77d-5d5b-4529-b937-68c254d1aacb,Magdalen,Gillum,mgillumae@businessinsider.com,486-902-8954,26933
c6651a15-811f-4a3f-90cf-03266890239d,Putnam,Flann,pflannaf@netscape.com,337-715-5868,18334
4ff9c0d4-83b3-4d47-a3c3-8863d9b5ff65,Jeffy,Joron,jjoronag@drupal.org,835-670-6031,29274
b3ad221b-ba6c-45c8-bd8c-ac5532ee7fe9,Austin,Hiskey,ahiskeyah@t-online.de,668-985-8398,40240
3222e0e0-70e3-41e2-9a98-cd4a193d211b,Lynett,Thaw,lthawai@theguardian.com,914-505-6558,13915
02dbb00f-0445-418d-be24-00d29e3871e7,Lishe,Dobel,ldobelaj@lycos.com,440-228-3999,19395
8ac5a86e-15f1-4fdb-b309-6d7731e8cf39,Bevan,Ridsdale,bridsdaleak@wikia.com,617-105-9812,40803
d7fb0d1c-ace6-4aa4-a717-d77c9ffd0d6b,Fonsie,Whittles,fwhittlesal@whitehouse.gov,645-476-3389,42098
eb268029-cc35-4790-b261-becd32d0e4be,Tara,Cail,tcailam@narod.ru,334-497-2638,29651
4acf9772-0ba2-40c6-b118-3120e6cc1d40,Winnifred,Fantin,wfantinan@ehow.com,868-609-3790,30262
7877848b-530a-429a-b243-e15b27f023c7,Aurilia,Chillcot,achillcotao@elpais.com,224-434-4599,41716
2f27e9d2-9da6-4d61-b26a-8c6ce1869847,Cari,Vignaux,cvignauxap@drupal.org,537-531-7713,26204
2f4f0f94-9931-4732-9291-81f33a9bdaec,Halli,Lampard,hlampardaq@parallels.com,812-839-1201,23503
20885a06-3625-45e5-982c-9ee58326dca8,Bree,Belvard,bbelvardar@phoca.cz,303-390-9068,31901
a7d409f2-b7b6-4e15-a528-4d9ef8a0ac01,Nil,Johnsey,njohnseyas@vimeo.com,244-675-7360,39855
e59b5361-3ecd-42ab-b811-704dbf065925,Batholomew,Sabater,bsabaterat@zdnet.com,657-712-0672,35412
fed30373-6252-4ffb-a0ea-7f74f286642e,Rabi,Geldert,rgeldertau@mail.ru,511-779-0493,29515
78c4ac8d-226e-41e9-9b88-97dbec3aff96,Yevette,Danko,ydankoav@woothemes.com,629-436-4217,23301
98adcdfd-7920-46cc-8813-85d526cf99c4,Lyda,Pyrton,,,21579
065429e4-fa83-4d03-a830-f1a2f2083825,Janessa,Shovell,jshovellax@cnn.com,794-228-7097,32281
1be348d4-9bb8-487f-848c-cccbd187e7ef,Angel,Gilpillan,agilpillanay@census.gov,135-834-8053,13283
090d6a29-f1fd-428b-a415-1a4326c2bda7,Arielle,Shivell,ashivellaz@dagondesign.com,365-532-9137,18807
e80f6db5-9e02-48a4-87d3-a1360184ae52,Conchita,Osmon,cosmonb0@auda.org.au,951-529-1148,22092
ed5507da-23c0-440b-be8d-3c8157af5dc5,Janos,Grassot,jgrassotb1@businessinsider.com,145-728-3312,19066
3ace605e-bf3f-4e93-af97-d7ec3c8268be,Jedd,FitzGeorge,jfitzgeorgeb2@live.com,934-770-2452,29422
5b8b90a7-f379-438c-b7de-327c770156be,Vachel,Reschke,vreschkeb3@linkedin.com,380-647-3659,31482
ecce99b7-adfe-4f88-bae5-9e8c5170c4f5,Jaymee,de Mendoza,jdemendozab4@xinhuanet.com,903-979-1995,15488
03c74c76-dd8a-4cf2-a552-491c721fecc0,Caressa,Bailey,cbaileyb5@nps.gov,237-612-5920,29742
48d30fc8-f62e-46a5-8562-99dbc4d16749,Gerta,Earengey,gearengeyb6@illinois.edu,175-283-2640,36533
88807fe0-8775-4d98-9174-5714336b61db,Tarah,Pizey,tpizeyb7@va.gov,986-848-4182,30958
2867b3c0-1285-4c08-881a-c923d6a6e881,Ettie,Stickells,estickellsb8@apple.com,320-814-5384,36864
a858cb55-f306-43ba-8b9a-3118f12964d0,Merci,Siggee,msiggeeb9@mapy.cz,702-842-0984,18322
284f63fe-9d8b-4075-ba1a-0c4756c54c39,Glory,Abbys,gabbysba@ameblo.jp,497-399-1975,11902
13a4e581-33b8-4e4c-a0eb-2147de48fbbd,Diana,Fairlie,dfairliebb@google.de,738-567-3862,11602
de56b3c5-72d4-4d21-8de0-7bb096d765e3,Jorie,Bairnsfather,jbairnsfatherbc@bluehost.com,757-598-9594,32673
d80b33d5-e229-4880-97bf-038c6163fa77,Selestina,Dodridge,sdodridgebd@netvibes.com,919-511-9480,17838
b21da242-6a9c-4d9a-983b-d795a59527ee,Meier,Rosenstengel,mrosenstengelbe@weibo.com,539-224-3921,38541
93116e9f-a88b-402c-b1c4-c13ca5f207ad,Roger,Forder,rforderbf@state.gov,314-438-4168,38887
14c2eaf9-ee19-407c-85c3-01e3f268114a,Bernard,Marryatt,bmarryattbg@un.org,391-613-8094,35680
95461f24-558b-4a15-8944-337d65ae05d7,Dode,Derrington,dderringtonbh@ox.ac.uk,262-582-7740,11493
f4e9e33a-ae6e-4523-b2a5-b4b2845f41df,Hercules,Vasiltsov,hvasiltsovbi@seattletimes.com,128-500-6658,38047
d5691e24-4204-47b3-a559-3ee01b739760,Karlik,Kettle,kkettlebj@infoseek.co.jp,375-675-0229,31851
f4287987-c754-423c-b088-d12d2887b189,Shelli,Cogle,scoglebk@mail.ru,436-275-2472,30887
ec321918-0ff9-4590-ae8b-02e30f2ed5ef,Hadley,Stoggles,hstogglesbl@hugedomains.com,368-595-8971,32626
9bfe5a30-d5dc-4fd3-966e-0436c9440d1d,Elfie,Baiden,ebaidenbm@de.vu,617-686-9499,32564
4474aba1-899c-4972-87bd-05266c22fb85,Etheline,Shillom,eshillombn@europa.eu,450-169-4089,11266
3c50b14a-67a3-4291-820e-ac6ded66af7b,Berkley,Rabjohns,brabjohnsbo@bloglovin.com,546-978-1292,21161
d68d77cf-2a7c-4bbf-b848-7e945562d3f3,Ed,Kreuzer,ekreuzerbp@cpanel.net,814-703-2360,25507
add34afa-f490-4b85-bc4f-c693dca475fa,Nelli,Dragon,ndragonbq@typepad.com,729-736-5423,22346
f26cca5c-16fa-4103-a511-7e6090bda19f,Eugenie,Flye,eflyebr@comsenz.com,142-388-9746,26943
876fb47d-bc30-4a89-a5b2-3356a5620bc5,Lawry,Diehn,ldiehnbs@quantcast.com,294-508-4654,12263
3e8265f0-2a55-47ef-b617-af29b9e94ebd,Luz,Cottesford,lcottesfordbt@bloglovin.com,138-860-2752,38296
011011c2-807c-4383-9713-71a7c22dfd97,Paulie,Ambrosini,pambrosinibu@unesco.org,687-518-6749,12759
ec0347af-bb68-4b5b-939d-2edcffa9deb3,Sansone,Brokenshaw,,,31810
41b4f216-6036-4530-9c1c-3e98ecffc40e,Norah,Huge,nhugebw@ehow.com,253-545-2789,35314
65fa0761-6582-47ad-9da0-eebf2c80eeb4,Nancey,Fonzo,nfonzobx@nps.gov,286-791-1156,22244
05641967-6201-49f6-bb78-a0cd1445c88c,Dannel,Petras,dpetrasby@cbsnews.com,869-114-3872,19305
672f7a44-fd9a-43de-8cea-d11db5971be7,Noe,Perigeaux,nperigeauxbz@cmu.edu,514-339-5268,30387
d04c3fb3-c12c-4a3d-be12-9ae8648b3b0f,Dorice,Hatchett,dhatchettc0@furl.net,647-933-7512,39994
3be13c38-e945-4a96-8290-aba993da4a6f,Katya,Waine,kwainec1@e-recht24.de,845-106-7773,25773
9dd3c91a-d03d-418f-ad11-36f37d8a7387,Laurens,Giannini,lgianninic2@hhs.gov,570-979-1483,26908
424cc4d2-6b2f-49de-9315-6c2e375baa90,Lura,Wones,lwonesc3@yellowpages.com,200-550-9819,19985
b29bb218-82fa-4db4-a213-d61ad7f275ce,Denver,Consterdine,,,28029
60b67d01-af64-4259-a458-602fbbfa3c03,Eleni,Clarke,eclarkec5@unc.edu,172-333-8690,38508
314c9e38-25dd-4161-a983-3c7ac0661f65,Nerta,Tricker,ntrickerc6@mashable.com,121-685-3116,41870
616bf05c-35d9-4f77-940a-1745374f340b,Ali,Polley,apolleyc7@opera.com,103-997-4269,38593
1439b5c9-f108-4f3e-a418-082e695c1d74,Alicea,Whitemarsh,awhitemarshc8@biblegateway.com,884-541-9660,36004
5ef54004-3ab4-4a97-a442-411f8bd60b89,Callean,Peltzer,cpeltzerc9@rambler.ru,794-950-0260,
08ded232-94ac-4e36-8607-ff6a1d022ef1,Candace,Kochl,ckochlca@squidoo.com,129-914-0886,14326
732e6e59-765c-4585-bf4b-f10e184f266d,Rudy,Leon,rleoncb@cnbc.com,701-273-1045,31482
370ee62a-4986-449f-a86e-8692e747026f,Esteban,Hoff,ehoffcc@state.tx.us,941-110-2186,29368
ecd0ad1c-fd03-4e57-b66b-5fb7e7dda95e,Bryant,Jurasz,bjuraszcd@deliciousdays.com,857-478-1757,36066
fdfb8d82-fa0a-4d71-8300-5e1a0a4b6d11,Friederike,Tunder,ftunderce@technorati.com,311-580-4831,31181
1951b67a-7de4-45cd-8abf-5d2da060e6a9,Corty,Viegas,cviegascf@about.com,999-654-1890,36362
697e250a-42f7-41af-9a0e-1048a70a7d6e,Benson,Millbank,bmillbankcg@delicious.com,854-218-1871,25111
a5779091-5348-43dc-afe4-f47ef41231e8,Glenda,Miliffe,gmiliffech@auda.org.au,729-739-6181,22220
06de948d-14f9-436f-983d-84928109a10a,Dawn,Sparsholt,dsparsholtci@tmall.com,252-497-6514,
b4c0c3d0-382f-4ec6-8ae7-6416abfcaa24,Temple,Broschke,tbroschkecj@hexun.com,354-155-6669,41143
9731c37a-c7f8-4a6d-a6a3-d70087952c8e,Jennine,O'Sherin,josherinck@oaic.gov.au,777-644-9607,22848
e59a933e-1973-4d56-bd98-cbbc4fdd93bb,Rurik,Cornes,rcornescl@admin.ch,383-576-2203,14915
5aae2195-3deb-4829-9f6b-32f37e12c54b,Jaime,Geraudel,jgeraudelcm@flickr.com,651-541-9137,18291
d8ecb86c-0fda-43e7-944e-06eebec676eb,Oswell,Pullin,opullincn@squarespace.com,350-181-0694,23603
c119fd67-4b45-422c-b850-b74ecd53ff00,Temp,Antram,,,38041
92945685-eee3-41b8-a9f2-4fd4aac0e6dc,Gerrie,Gettens,ggettenscp@google.fr,736-193-5307,23649
e0172171-d50b-4b96-af25-bd4c52038e48,Kendall,Nolte,knoltecq@salon.com,218-246-2340,15506
4fff7efa-8ae0-48a2-a2c6-de89951c50cc,Gussy,Yeulet,gyeuletcr@oakley.com,687-968-0781,41748
5158ccf3-776c-4046-b65f-73b665a3c322,Fan,Habishaw,,,30075
aed33630-a519-449e-85c8-da02a0accfc3,Chad,Dreng,cdrengct@blogtalkradio.com,901-841-8433,31039
11d72a0b-ee05-427e-8bef-25a703e1d977,Brose,Jaspar,bjasparcu@hugedomains.com,995-779-7732,19751
bc1b162c-6523-402a-a056-5ace35bea8a7,Carol,Tilmouth,ctilmouthcv@google.nl,174-825-5444,32936
b6d1f22b-eada-4623-abbb-3ef282955ebf,Bertie,Nelane,,,34324
5bc593b5-6b40-4048-9644-8a8b35fdcbc1,Abagail,Bolgar,abolgarcx@myspace.com,434-872-2284,29552
9c19daed-a7bd-4992-b5ca-69edfd0abc6b,Mala,Moodey,mmoodeycy@sbwire.com,268-168-7390,18294
6027cdcd-a6cd-401b-914e-c66772e40fdd,Merwin,Petegree,mpetegreecz@about.com,442-900-7587,40110
b1c55fd6-77aa-45c3-8989-cac66c7595c5,Charil,Huebner,chuebnerd0@ft.com,772-530-5949,17280
dc4c4551-11fe-473f-b2e4-4960806402e4,Merry,Neilands,mneilandsd1@youtu.be,838-359-1730,31566
489bb072-8aa6-4075-8625-cc4812a2d3d4,Esma,Leigh,eleighd2@github.io,358-751-3073,28942
e7b93966-c93e-415a-a54f-18b72d782ed1,Evvie,Sudran,esudrand3@wired.com,646-512-8104,42147
1aecc145-c777-4df1-9c33-72c002186839,Dulcy,Parkyns,dparkynsd4@kickstarter.com,981-572-3797,21490
366ced6d-7a90-45d8-b5fe-88490f924104,Daphene,Hellin,dhellind5@youtu.be,626-500-4872,16044
349ab56f-36aa-483c-b82e-15ccb7bb80e8,Gael,Chessun,gchessund6@pcworld.com,567-974-8373,11881
da32d743-c514-401c-b6e9-d7801ffed50a,Dorice,De Domenici,ddedomenicid7@t.co,235-628-9004,13150
efbc64d7-faa2-43a8-bb25-82b1877f48ec,Miof mela,Tavener,mtavenerd8@gravatar.com,376-301-8025,13061
dd0a7087-ec06-47b8-ab69-d0c45f3122a7,Barton,Aslin,baslind9@xinhuanet.com,349-245-8576,14575
2e36d0ec-8a8b-4bc6-9cd7-fa55deaea028,Hercule,Caghan,hcaghanda@state.tx.us,623-103-8667,28008
db9f367c-284c-4d4f-a177-3df5f59baa34,Ingrim,Caughan,icaughandb@ovh.net,792-190-3200,28162
7d1481fc-6731-42fa-9c4d-cca7a65afb41,Lilah,Arnould,larnoulddc@dmoz.org,296-376-4343,37717
5305debc-a72f-447f-8fb7-bc4c34e53963,Rhiamon,Attwell,rattwelldd@about.me,307-339-5980,40180
9a03742b-0f10-443b-ab8a-efe12b6ab244,Saul,Masey,smaseyde@hexun.com,260-241-7733,29240
02d92b6d-3098-4b10-8bcf-efa54c626ec6,Lyndy,Duffin,,,21387
2a9088cc-2113-44df-b08d-710640f1d3ca,Roscoe,Piddick,rpiddickdg@google.com,176-172-6488,36782
128162d4-b436-4334-ba05-6d627a022d38,Gerianna,Tapsfield,gtapsfielddh@blogger.com,156-602-9487,39258
0171e19f-0462-4976-b156-99fcf448f6f9,Corbin,O'Corhane,cocorhanedi@dmoz.org,460-257-1339,36525
b1b1ba7b-c43a-4344-a034-c35eae839eba,Dominique,Kahane,,,21655
a3c52def-de24-4a49-8bd4-651ae7b60073,Elka,Mathis,emathisdk@meetup.com,764-580-4146,17589
7694a023-d941-4d9b-8639-3b8cb6487833,Lane,Skoggings,lskoggingsdl@prnewswire.com,966-716-7617,36551
83d10a9a-70e4-4b9d-8caf-285b7b2b2d30,Arvie,Jochen,ajochendm@slate.com,234-459-4864,
b05f2740-4cc7-4f2d-9aae-37514bb2e2c2,Ludwig,Le Leu,lleleudn@joomla.org,439-335-3538,34134
f9eaf211-58a6-4038-976c-2eaa7eb0155a,Marsha,Longbottom,mlongbottomdo@howstuffworks.com,748-823-0347,14182
0335c220-0a57-476a-8ca5-6b992e25487f,Ethelda,Carles,ecarlesdp@state.tx.us,907-421-9397,16574
aa03b621-79e3-4d52-8414-5a895178d1be,Brenna,Beau,bbeaudq@harvard.edu,990-779-4019,19045
5d131d44-ff0f-4c03-a678-fc7481bdad4a,Norean,Probets,nprobetsdr@microsoft.com,919-942-2036,20505
813c8724-e08b-41d7-8385-66298aeeeea8,Ophelie,Grigorkin,ogrigorkinds@etsy.com,885-517-6975,27941
e427e36d-88d6-4643-8288-91f8e9cb1797,Sinclare,Petlyura,spetlyuradt@netscape.com,792-683-3261,22624
c40b7445-dc8c-43f3-b23e-574e0862e5fc,Irwinn,Hansen,ihansendu@goo.ne.jp,518-997-8883,35702
4977ce88-b068-4aff-8c58-39a85f04fa86,Tate,Madner,tmadnerdv@cam.ac.uk,271-133-7779,19437
7ec304bd-488a-4299-9821-c0dce5900a7a,Gail,Petrussi,gpetrussidw@utexas.edu,102-509-0461,40719
cb244ee0-2df1-4749-812b-16cb0e12f2c1,York,Trewhitt,ytrewhittdx@mysql.com,421-986-6043,20239
ad5d1d19-f24e-40bd-882f-92d69a99a36b,Jakie,Stanlake,jstanlakedy@economist.com,135-344-0896,41726
de9c9579-0c36-4d7b-976a-34c522237199,Rozella,Grestie,rgrestiedz@irs.gov,296-830-3309,12406
11ccd031-52c3-4927-b2e2-e016b3c985ac,Wallie,Sage,wsagee0@dell.com,922-217-1699,31937
b1a1c047-736f-49f4-baa2-abd70ac3b76e,Selie,Halse,shalsee1@creativecommons.org,439-244-3428,15193
58ef9933-59e2-48c1-9fd9-cae553b3662e,Ludovico,Vedyaev,lvedyaeve2@bloomberg.com,352-121-4763,41765
c72a976d-78fa-41a6-a413-106b1e841505,Zollie,MacFadzan,,,20300
6696c4ae-13f1-4a13-84bb-644149f9a9f3,Rivkah,Chichgar,,,27374
1935b598-4a60-4aee-957e-e8d646f3f31a,Freddie,Chopin,fchopine5@addtoany.com,569-525-3686,28791
3482b01a-24dd-447b-aa08-7fbec5cfb939,Lazare,Godain,lgodaine6@wufoo.com,839-586-5921,14754
965286ec-83cb-47b2-a0e5-19c943ac1791,Hendrik,Gaul,hgaule7@godaddy.com,117-370-5488,35069
e6947f5e-e0d6-41f4-8403-e9f0dce2bb69,Gerta,Tremontana,gtremontanae8@yelp.com,322-368-7933,37362
5938109d-1b15-4a5d-8daf-b67c93901c91,Oralia,D'Hooghe,odhooghee9@bbc.co.uk,396-685-4798,33093
c3dfa940-d780-4892-9688-5a54c3d60f13,Lilla,Telezhkin,ltelezhkinea@state.gov,661-537-4095,34854
782b51f6-26f5-4c25-be5d-c0c8c1fd7caa,Bevin,Jozefiak,bjozefiakeb@weather.com,486-650-6725,23266
6eea89f3-c0fe-4e8d-a0fe-b8cec59312c8,Boycie,Hinrichsen,bhinrichsenec@google.com,762-943-9192,29297
8329ae10-22f3-4a29-b1d5-7bed22a59515,Meta,Cadney,mcadneyed@wiley.com,648-844-0168,16752
6eb9f0bd-a0fe-42d3-a6aa-44e8e67c26d9,Nalani,Checcucci,ncheccucciee@friendfeed.com,438-741-2391,31710
957e6067-4e37-41aa-b4a1-6501e660b689,Natale,Clementson,nclementsonef@zdnet.com,805-188-4451,30576
d4af1c70-0552-4ee0-a9c2-f83fc7a8fe23,Jordan,Mustoo,jmustooeg@unicef.org,229-270-6022,14950
da2ef29c-db3d-44ae-9af9-6cb4bc020398,Jerrylee,MacBey,,,37851
96f84003-41f0-4af8-a14b-c736e7081ceb,Saxon,Cancott,scancottei@ocn.ne.jp,200-535-8746,16428
b45f0600-5087-47d8-ad2f-d37f3a21dc93,Jacintha,Lovelace,jlovelaceej@hatena.ne.jp,482-279-1733,16732
bda57670-a5a7-430a-8beb-f8892795842c,Camala,Andrat,candratek@opensource.org,604-747-3082,36171
3589a180-6c5c-4ced-a5a5-ad3006884ea1,Phineas,Librey,plibreyel@nih.gov,391-772-1667,29151
a0f7e84c-b33a-4fc8-8550-bb9ace39101f,Callean,Stanfield,cstanfieldem@hexun.com,178-319-9523,32177
ca2d2c17-169b-4de4-b425-6683d32511fc,Sari,Munnis,smunnisen@miitbeian.gov.cn,100-475-2684,21760
4cd1e5ff-1b3b-44b1-9c64-295dd751103e,Aundrea,Jedrzejewicz,ajedrzejewiczeo@altervista.org,758-890-2888,28032
f5f1d3df-48a3-40e8-881d-f8a4d811f61a,Catie,Franzoli,cfranzoliep@nationalgeographic.com,497-914-3738,19287
8985764e-9906-4e67-871c-cabd6cd03df8,Josefa,McPharlain,jmcpharlaineq@nydailynews.com,248-923-6797,30576
06e5dab5-48d7-4f9a-951c-ec76d107e338,Flss,Menezes,fmenezeser@networksolutions.com,256-431-3764,19471
48121733-25ef-487e-a07b-7d76eb1df3a1,Fritz,Combe,fcombees@harvard.edu,298-347-2022,39513
2f55938a-5038-4984-baec-a33c2507b796,Felicdad,Brownell,fbrownellet@kickstarter.com,144-387-5033,21704
19d697cc-81d3-4211-a03b-7f7b5731b93f,Debi,Fedoronko,dfedoronkoeu@apache.org,974-242-6651,20334
0771cca5-ac24-41ef-92e1-f858f6443c31,Anett,FitzGilbert,afitzgilbertev@accuweather.com,528-425-2294,15778
aec32abe-8f39-452f-a7a5-98ebdbef396d,Josh,Grene,jgreneew@pbs.org,428-312-8945,23152
b2bbb818-bfa1-4ac7-89f2-30a153e2d97c,Clevey,Pigford,cpigfordex@facebook.com,548-603-6259,22424
0c53b6dd-86b7-4b57-b076-bb31876868b3,Rosanna,Grose,rgroseey@moonfruit.com,368-870-3013,24060
a10351d5-5c7c-4c03-9b9e-7c6d1ede8841,Benedicta,Biasini,bbiasiniez@fema.gov,117-610-4650,30819
e2a3977d-63d9-467b-9d77-da303570fe6c,Eduardo,Fairbanks,efairbanksf0@businessweek.com,959-441-3197,28133
b035656d-1e3e-41b5-a852-b36533215d9f,Denis,Andrey,dandreyf1@deliciousdays.com,719-161-6284,35220
152345d6-c17e-4c5b-bc52-200e78921df7,Wilhelmine,Heugh,wheughf2@cmu.edu,626-106-6590,32464
76d2dadd-8a89-43a3-a601-ebfc5f58c820,Dougie,Blacklidge,dblacklidgef3@usatoday.com,547-133-6460,36257
db8dbacc-0726-4533-90c4-241e706acc6e,Caro,Erik,cerikf4@last.fm,211-936-8932,37888
45d3f52a-4504-4afb-ac15-7e965936027f,Arlene,Rickett,arickettf5@google.fr,787-938-2381,32451
1eaba520-fad0-4751-8fed-5bb14d4f7c16,Harris,Yarrington,,,29800
e0f9e24c-cfde-4cf2-82c8-5070d39efa54,Salome,Peeke-Vout,speekevoutf7@devhub.com,613-347-9132,27479
000a6477-4dfb-4782-860e-580e7cf5514a,Vergil,Ladewig,vladewigf8@reuters.com,593-581-7158,34923
2144e4e7-eb36-44cf-a3bd-4b65b27eb0b8,Russell,Kislingbury,rkislingburyf9@so-net.ne.jp,246-299-4476,32032
0e0ee51f-615a-4482-b7d4-f8066380d326,Nelle,Vannacci,nvannaccifa@mysql.com,815-259-5730,37407
364dc6e1-b0f3-4d71-8437-729d84587210,Beltran,Jouhning,bjouhningfb@yolasite.com,650-487-9618,21970
9815b2cf-6a5e-4b81-bbcc-fb6d0564079d,Shaun,Thorns,,,25158
77cdbe15-f732-43dd-a8c4-c6cfe4de56df,Cozmo,Haxell,chaxellfd@list-manage.com,183-283-3699,23537
93a359c4-8bd7-4b3d-a145-f5fc1226c1f3,Leigh,Kwietek,lkwietekfe@google.ca,107-290-8943,33390
9844f585-0d84-49c6-8c27-be54b2de8237,Alex,Bruun,abruunff@mail.ru,220-596-4571,15011
90468fe9-69c3-4fba-8f26-cbc7a81b23ea,Cherey,Zorzutti,czorzuttifg@guardian.co.uk,194-551-4547,34756
4a2ea667-897b-454b-83fc-526053893fe9,Harmonia,Bauldry,hbauldryfh@usgs.gov,972-638-3536,32353
c018c245-475f-464f-8ba3-fd7a6cca2d17,Aurlie,Bumphries,abumphriesfi@creativecommons.org,146-121-7196,37117
04ffad8e-d069-43e8-8b50-79ba7500e09d,Marcus,Dunlop,mdunlopfj@xing.com,243-170-3888,40613
94933e4f-b6d2-4fb8-86d5-c45151ab2482,Harv,Bouller,hboullerfk@youku.com,723-944-3248,28959
f62ceca8-06a6-475e-9527-651e709a3d1b,Cece,Dawson,cdawsonfl@go.com,782-484-8102,20450
9e369645-9d4b-467f-a382-6a750bcdadec,Brooks,Rossoni,brossonifm@booking.com,919-324-2053,23112
3f9b582c-2275-40fe-b1dd-3aabbfe477a0,Fredrick,Woolcocks,fwoolcocksfn@amazon.co.jp,258-613-6989,25575
08a583a4-a4cb-4508-9b26-ed6482bcd14f,Elita,Grunbaum,egrunbaumfo@theatlantic.com,360-814-4242,30011
c09fe4f9-ece1-48c4-93e3-4124f8a4b2a4,Gar,Balchin,gbalchinfp@delicious.com,398-559-8711,33539
caca9b36-6390-4571-a2a9-476769937698,Thorn,Spilisy,tspilisyfq@printfriendly.com,577-229-4529,37219
17e7edd3-d9b9-4602-a280-e77b3c099c76,Dorise,Curtois,,,30448
6e8e4b38-a721-42e2-a359-186c34d79575,Emanuele,Dollar,edollarfs@goo.ne.jp,419-212-5872,24644
7c9fd3cc-a3e9-4584-8726-30c76482a709,Carey,Cesconi,,,23196
aba37284-de02-4e38-ac3c-1fa3f1720cb1,Skipton,Willoughway,,,33852
82e46a8c-daec-46d2-aafb-68a3a204ad20,Kati,McGirr,kmcgirrfv@admin.ch,164-768-2257,14840
d32a11ae-fa13-45ce-a553-a2c87ce65da2,Bevvy,Leeds,bleedsfw@telegraph.co.uk,566-916-8962,39452
6b6a4aab-6470-4411-bbb2-7ef4391eaf3a,Dierdre,Acedo,dacedofx@wikipedia.org,701-955-9101,27224
7b281761-9aa0-4905-a447-0c81bab424f8,Clementia,Pallatina,cpallatinafy@prweb.com,805-760-0486,42159
0bf7a8f2-38fd-4cd4-85c8-ba5c6d3142f3,Marcel,Boak,mboakfz@nature.com,107-221-0092,15695
2a4dc80f-5a57-40dd-9278-ff0f927bd1fb,Margery,Dutt,mduttg0@slideshare.net,727-687-1614,37789
725fc9cd-ac86-4e01-bb79-7f6e442b8065,Elysee,Saywood,,,22737
51e3a23b-7e09-49b3-bd60-a01c0faa7f17,Andrea,Burds,aburdsg2@pen.io,400-665-6261,18037
31c2d89a-d2b1-48c2-b5c7-b3c036aadba3,Shawna,Damant,,,38628
c171b066-3bc6-4f35-8b42-ecfba2a30b2b,Ottilie,Fassum,ofassumg4@cornell.edu,620-693-1729,39778
e52b94c5-a7a6-4314-bde9-13403fcd39ae,Verne,Braisby,vbraisbyg5@fotki.com,515-806-8506,36550
a808683d-2d1c-4154-983c-02e28b3f40cd,Fletcher,Tregale,ftregaleg6@123-reg.co.uk,265-355-4205,41898
e0679be7-7911-4f8b-bf68-1c266d18720a,Giordano,Cochrane,gcochraneg7@phpbb.com,442-634-8987,17574
8bd88e00-6bd6-4982-ad22-aea2d4df73d8,Lily,McGrane,lmcgraneg8@issuu.com,372-800-9010,17778
2997d94f-6705-4502-8887-0ec6d6503f10,Zia,Camings,zcamingsg9@webnode.com,448-821-9431,20094
26e8b407-6cd1-4c75-a7e7-ce6571b656b7,Jana,Bowerman,jbowermanga@macromedia.com,779-636-4196,22137
488f38e6-0a67-4347-b655-7f50cd74c806,Terrence,Jekyll,tjekyllgb@reddit.com,980-406-3040,18445
d81606a1-fe8e-4f27-9771-83c3959023b4,Shawn,Sever,,,36412
e0cfdfad-0588-4dbb-a894-5d4d44dafcc0,Florry,Smale,fsmalegd@washington.edu,303-984-6157,20316
8c7e0b16-30e3-4bca-ae97-f0825ca9c49d,William,Kirwin,wkirwinge@narod.ru,235-432-8769,34222
00f20acd-5f64-45a4-897e-0ab8223d12b8,Rogers,Heal,rhealgf@bing.com,122-882-4242,38413
e97731e8-6b74-49a4-a595-de61da0b4e30,Jermayne,Ebrall,jebrallgg@ycombinator.com,552-151-0082,17938
3970d1fe-141e-4772-975e-10e3fb381bb3,Nils,Kelcey,nkelceygh@about.com,303-724-8327,28051
cc292afd-7c3d-4b78-aeba-93ab819d2d89,Dolores,Le Floch,dleflochgi@ezinearticles.com,881-260-3514,12045
cae5e5f3-154f-401c-9092-b6406136e4d1,Barth,Kyston,bkystongj@desdev.cn,364-469-6656,37091
bee1d0a8-6ffb-41c1-9aff-08f8434957ae,Candace,Woolgar,,,23953
ef71c9f9-cc94-41c4-8ffa-bebe70d024ba,Hastie,Weaben,,,20504
d1246e69-0012-4b1a-b57a-7c9979cb4561,Julia,Kilfeather,jkilfeathergm@google.fr,505-688-7092,29656
cd396f2a-f35f-4def-95ab-65c9b8a91097,Barnebas,Enderwick,benderwickgn@gov.uk,223-794-8086,25590
f309a864-d0d2-4adc-b471-af084efd895e,Mable,Meriel,mmerielgo@com.com,930-147-6900,27102
b3390e6f-9a41-4c38-b197-a69760dfb04f,Lodovico,Trice,ltricegp@java.com,458-271-0010,15792
1a7eb14e-5312-4405-a257-f6381c7bb7ac,Allie,Habbon,ahabbongq@yellowbook.com,573-168-5197,29559
69741bea-7e6e-4efb-83f5-3b87c48b6287,Xena,Kingcote,xkingcotegr@vimeo.com,606-514-2262,38739
f947b923-de9f-4f5c-81e6-1f6ebcde1744,Justinian,Bulfoy,jbulfoygs@ucoz.com,951-307-2254,12346
9909ed52-983e-4230-9ed6-f266c66e992f,Vasili,Colquite,vcolquitegt@desdev.cn,840-127-3001,11455
875d9253-545e-49c3-820a-c3a0e17b018a,Lesya,Giovanardi,lgiovanardigu@harvard.edu,224-392-7249,11237
454d0296-6304-492a-a60a-1245ceb7f6c8,Gabie,Hyndes,ghyndesgv@webeden.co.uk,601-469-4732,19597
2dff179f-71ac-4415-beb2-56a63e800d1f,Cinderella,Tow,,,22066
a8e30833-c754-42f3-b352-a60bdc5c4a23,Gizela,Gargett,ggargettgx@howstuffworks.com,880-654-2015,40609
6c8ac9d2-4b1e-4721-bafc-1bd4e22810ac,Alic,Shevlane,ashevlanegy@bandcamp.com,677-981-1882,14163
006dce18-ec65-4359-afb4-d8e3b896dbd3,Jewelle,Wolverson,jwolversongz@about.me,294-718-8551,31932
77855aa5-8321-4e75-a03c-4120dcca0b58,Gilberto,Sholl,gshollh0@utexas.edu,850-885-8735,22130
d6e22d52-473c-4f27-8fd5-fe2dc17459cf,Letizia,Wagg,lwaggh1@123-reg.co.uk,380-620-3417,14119
8a087af4-cb18-4592-8149-e8866a77fcde,Wallas,MacGee,wmacgeeh2@free.fr,887-770-5084,27479
635d6685-c1d9-485a-98af-799d9c29b270,Carla,Stickley,cstickleyh3@dell.com,821-945-7518,26736
56daf314-7036-4cec-9e73-676722e39fcf,Nyssa,MacTerrelly,nmacterrellyh4@wisc.edu,289-246-4771,34163
9c153835-39d8-46ee-9f05-cc36f0473fa9,Hermina,Rayhill,hrayhillh5@xing.com,650-691-0026,29962
21ca913f-c47e-4006-bb19-00e21b2a52c1,Teddie,Quantrell,tquantrellh6@cloudflare.com,158-274-7535,14638
b37fe802-4d09-4aa6-bc9c-0565666597b8,Kerianne,Giller,,,34973
6d574be0-b040-4bca-ab3d-e1b514444d00,Maitilde,Paget,mpageth8@ihg.com,178-537-2505,31327
7f35b89d-e6ad-4e38-b321-ac3ad256f698,Letitia,Heathcoat,lheathcoath9@google.pl,625-332-0133,21053
285c52f4-6384-4c94-ab72-2ff77ad0ac7c,Letizia,Anersen,lanersenha@springer.com,224-571-6008,28411
4be870a4-5579-489f-96c2-c12303dae34b,Curr,Mussington,cmussingtonhb@slate.com,460-384-8260,41709
cb3d2baf-1f6f-4ba9-9e2c-051ddfcbd824,Kendra,Edrich,kedrichhc@mashable.com,177-991-4631,12350
1e8db1db-37bb-468a-89ec-10e07499c5e0,Emlyn,Crummy,ecrummyhd@telegraph.co.uk,714-703-7604,36351
cb64d728-031c-4d55-b961-d4f20fc4becf,Opalina,Swatridge,oswatridgehe@patch.com,339-912-9512,17246
8225099e-1a56-4784-bcc5-653f0ea9ef12,Inglis,Rivelin,irivelinhf@yellowpages.com,337-581-0851,28849
f839b760-9275-4d05-8814-6e1cec2dd27b,Karlan,Hacker,khackerhg@google.co.jp,608-720-1455,15377
19d8c31e-0c13-4206-a56b-363f8280c711,Oralee,Hubberstey,ohubbersteyhh@walmart.com,244-510-6609,23366
41f8105b-9239-44ab-86c1-87abfdcb0652,Dalston,Landon,dlandonhi@discovery.com,117-221-4116,15436
f3a16a87-58b7-4e75-b8d8-b149a00632ed,Sid,Keyworth,skeyworthhj@indiegogo.com,953-772-1886,15279
233f938c-6e39-4c28-a4a9-520ef2dfe6a2,Bernadine,Fitzroy,bfitzroyhk@mysql.com,102-955-6726,26013
62300f36-83e1-452e-8530-3b94168d79af,Pincas,Richel,prichelhl@list-manage.com,274-571-4647,
63577fbc-cdf6-4fef-b718-f95e6e7cc65b,Nikolas,Spain-Gower,nspaingowerhm@latimes.com,592-560-7620,40732
a92d39d9-5068-4a3b-9f1a-909ebad85af5,Esteban,Laughton,elaughtonhn@indiegogo.com,810-107-2765,41771
e6b6d15d-e5e0-4de0-9fa3-e102bcda953a,Carolann,Valois,cvaloisho@ning.com,841-520-6563,24067
ceac804a-0ac1-4a1b-a7d4-c7856dbe077e,Gail,Woodison,gwoodisonhp@imdb.com,522-218-8665,38306
5922ac01-74af-4f45-a5cd-a15827e7f97d,Thorsten,Durnian,tdurnianhq@angelfire.com,967-580-2949,37978
890e60e9-c360-4963-aa7f-33687006cbb5,Linet,Wortley,lwortleyhr@mysql.com,987-923-4717,20094
675133ff-6809-4414-ac28-624339e2a120,Gilbertina,Simka,gsimkahs@slashdot.org,279-346-3357,21368
1009f0f1-29ad-49b8-bc29-6c1e920e5f55,Ripley,Berryann,rberryannht@reuters.com,112-149-4318,13660
85542c7e-ebca-401a-8826-6500cfb7b53c,Vickie,Pennycock,vpennycockhu@time.com,507-726-4072,27185
2c26ef6c-df86-4e39-b8a1-953b3519de82,Jorgan,Brewse,jbrewsehv@yale.edu,764-919-5019,18643
bc6df01d-4a09-4ec8-baa2-37b36728a955,Carny,Neale,cnealehw@psu.edu,374-439-9479,17023
79f9e5eb-f316-48aa-8e63-4a773de19415,Boy,Birkby,bbirkbyhx@taobao.com,480-864-0720,18704
9316e64f-2d55-4568-842d-c86ec6ceab58,Madelina,Andrejevic,mandrejevichy@ft.com,689-807-9270,41068
0100353b-cb9d-4b7e-a1b2-03d782e4fddb,Milo,Polet,,,16295
fedf7e35-57d3-48ee-acb8-4f35ccbd6cf4,Georg,Meagher,gmeagheri0@wikispaces.com,128-457-9388,16349
1e0c2d6c-dfcb-4111-a986-3fd0d44105c2,Arney,Klimaszewski,aklimaszewskii1@dion.ne.jp,499-799-6851,16502
a9203dd4-5f0b-43e5-87d7-2fad01e2e219,Tucker,Breagan,tbreagani2@ameblo.jp,360-361-4779,41887
edd60daf-aa9f-4dc1-a655-6d9e254013f7,Cathlene,Anthoine,canthoinei3@meetup.com,651-505-7606,25176
b3c8fdf8-309c-4616-9847-6014d78c7269,Darcie,Ochterlony,dochterlonyi4@godaddy.com,306-820-8962,29691
fe67e3a1-754d-4858-8042-cdc799d0bb83,Mona,Haensel,mhaenseli5@artisteer.com,901-533-8992,12280
0c8f5f7d-1817-4c53-adf6-133e3f90d856,Hieronymus,Powrie,hpowriei6@amazon.com,812-764-9182,38797
5188634d-9a9d-40ec-a993-66b26d9ff1d5,Adams,McGrady,amcgradyi7@paypal.com,281-328-4142,35970
bb16706c-55a0-4d6f-a3b9-b77e009f38ac,Ilario,Jobe,ijobei8@github.com,349-351-1799,11798
2dc2cc51-8ba7-45b4-b5f6-da2d4d24e327,Dennie,Kiraly,dkiralyi9@stumbleupon.com,324-869-1139,22089
e37d30a0-a67a-4bd5-a915-65bf963afdba,Cris,McMenamie,cmcmenamieia@issuu.com,631-457-2672,15581
2f84a060-4692-4cc3-b1c0-1d2e7796c13d,Floris,Barnewille,fbarnewilleib@cnn.com,664-607-8251,27654
d56c4f0f-8066-4ccd-a335-217bae2de5cf,Royce,Rattenbury,rrattenburyic@pen.io,605-845-8516,24092
e8c7ec54-98d1-4724-b8e5-09c39b8b7ff3,Grantham,Tinsey,gtinseyid@state.tx.us,426-948-2552,23775
2a03f236-3c1e-45bd-99eb-5a764b49595b,Konstanze,Guidetti,kguidettiie@businessweek.com,405-174-5814,39699
eb359508-4e0a-483c-9709-b07c96e4a8c9,Trudey,Gillooly,tgilloolyif@ox.ac.uk,736-561-1472,19985
aa712eeb-fe27-4d47-8d99-4db5e3ab8879,Melody,Rosi,mrosiig@bravesites.com,746-783-3021,36524
cc5873e1-654d-487a-adab-0cf60fb255d7,Dolf,Rae,draeih@slate.com,304-523-7819,31722
917aaa55-8e19-41fa-bac8-efe544ed2664,Vitia,Frapwell,vfrapwellii@economist.com,600-324-7012,32992
13a9f81e-2f23-45b0-b72e-b121f7dd7917,Maible,Corriea,mcorrieaij@technorati.com,855-432-7271,16531
2e661f9d-cd5a-4c4d-8ca6-7d5a9fa05a4f,Wheeler,Bremner,wbremnerik@google.cn,252-406-2917,16367
06d9e849-4ee4-4d12-af6c-bcb4dffccba4,Maggy,Conti,mcontiil@free.fr,327-455-7968,13652
b6815d52-c397-48df-82ee-14513a5047b6,Carlin,Paddefield,cpaddefieldim@ehow.com,487-432-4602,13847
59028a9e-80b0-45ee-a501-59cffd8cfb0d,Zonda,Ceillier,zceillierin@nature.com,497-110-5864,37124
68bfbbe3-8346-401a-aa3f-ac8d98bb0da4,Norean,Veillard,nveillardio@blogspot.com,834-541-0770,37730
aa5c803e-04db-4be9-a7ff-31e4743b5150,Pryce,Defrain,pdefrainip@trellian.com,549-287-9038,30534
874120fe-a2e3-4ded-86b5-c8bf86b1bddf,Deloria,McSkeagan,dmcskeaganiq@pagesperso-orange.fr,724-902-6103,28829
0fbd3674-6b2f-46de-b799-a1ecd43efe42,Merwin,Gealle,mgealleir@businessweek.com,617-709-0397,33744
fd4cfdc2-f190-41bd-a2ec-3c03010b2dea,Shawn,Pollicote,spollicoteis@a8.net,172-291-6953,30603
3ca1cc27-1f8e-466d-9478-54f47e0a3696,Nikola,Stubs,nstubsit@php.net,825-310-0706,28791
c06ba8c9-3c9d-4b67-96f0-5859381b2eb7,Earlie,Leeds,eleedsiu@wix.com,893-122-2165,38656
ba47d118-3c0f-4753-b9ca-6176acadc32d,Flss,Housecraft,fhousecraftiv@mapy.cz,212-758-5477,13801
d95a02ab-abe3-4b42-97e1-2d03ca7a3142,Daniele,Cassel,dcasseliw@youku.com,326-594-3929,15622
7bed5409-4138-4bad-971f-5b43893687f7,Aimil,Sisey,asiseyix@wordpress.org,350-289-9040,23336
99e84334-e551-41af-84df-3f5f7d80d76e,Henrieta,Blitz,hblitziy@live.com,769-144-2696,28992
2e7ffc3e-6086-40ae-9c55-88659442ebe4,Sashenka,Charrier,scharrieriz@yelp.com,924-625-7482,16000
d7a8b836-63fd-46bc-8661-fa8b4c31b3b5,Cele,Hawley,chawleyj0@nba.com,372-208-9255,38714
75985df2-b6e7-4e9e-909a-660935095dee,Leesa,Cumbridge,lcumbridgej1@networksolutions.com,961-298-2855,16848
7e623345-56eb-4bf7-aac3-279d6cfb733e,Scarlet,Rallings,,,39877
24e24bc3-a2c0-457e-aa32-a0b16e7a47b3,Wanids,Kaplan,wkaplanj3@xing.com,250-437-7319,40690
fb934f3a-51fc-4b8a-ab93-40eeb5bd7ff4,Werner,Naton,wnatonj4@tripod.com,999-279-6514,35810
eccd47e7-0503-42a3-bf36-008b7a086927,Shanon,Umbers,sumbersj5@wufoo.com,853-816-7857,25527
e1e7a76d-6af9-4d8e-9721-8480464b9005,Ilaire,Kegley,ikegleyj6@biblegateway.com,806-942-9200,22391
26067ace-0307-4411-925a-8f58d0ca9908,Jodie,Heliot,jheliotj7@census.gov,989-499-8387,36846
412c319d-896b-46c5-be97-18085866f83b,Annis,Allabush,aallabushj8@amazon.co.uk,114-841-2313,33724
dc4c8c45-138e-483f-81ff-a42f8898cfd7,Wiley,Latan,wlatanj9@gmpg.org,801-352-0096,41208
b9999e33-3b92-4703-ac7a-e35efae02ab2,Debor,McCurtain,dmccurtainja@google.com,182-165-6663,41181
ecb8d3fd-7adc-4ac6-ba81-42f9f60844a7,Dulce,Baton,dbatonjb@miitbeian.gov.cn,384-858-9869,
a1d9e2a0-546c-41f0-82a6-2e94cabcdef7,Carlee,Brendish,cbrendishjc@mit.edu,843-697-2668,37875
105df8fc-b9de-40e2-9ecb-ab37d21f769a,Derrick,Giacopetti,dgiacopettijd@exblog.jp,739-702-1617,26846
b582c137-f5b7-40a3-877f-348361834ffb,Madalena,Stopford,,,18683
ac8cfbd6-1ba4-4315-acee-62404b624b35,Demetre,Gaukrodge,dgaukrodgejf@devhub.com,965-662-9347,39262
5a71adda-b946-4477-be76-21165ea287bb,Binky,Burndred,bburndredjg@uiuc.edu,881-765-5218,23846
013a95f7-a85a-4f07-b3ed-49114d200089,Kelvin,Grinham,kgrinhamjh@google.com.hk,643-691-9628,33653
b6596b6c-0aca-4c19-b75b-dd013b470509,Car,Allinson,,,30397
cdee721e-1b91-4290-92cd-3bfbb5936deb,Willi,Iggalden,wiggaldenjj@zimbio.com,927-861-4695,34439
3606e6d6-55bb-42f5-9f75-272b3486a081,Anthe,Mance,amancejk@icio.us,585-175-2882,14154
f47cb0c2-68b2-4f7d-afe2-cdc0c22990b9,Terencio,Radley,tradleyjl@free.fr,990-879-8783,19795
67f8989a-20b8-4e53-9d3e-c79eec8eaebe,Eachelle,Dandy,edandyjm@trellian.com,978-704-8823,38911
95e113e5-e7ce-4a30-b35c-3b3edb864df8,Morgan,Dymidowicz,mdymidowiczjn@spotify.com,971-831-2888,33656
0e6f7653-b023-46da-b0c4-b3c7c6e12959,Hugues,Lanaway,hlanawayjo@sfgate.com,342-282-0398,20911
90d74df8-7ce9-4058-b071-f857ea6acdce,Lotte,Thomasson,lthomassonjp@cpanel.net,984-173-1551,25041
50374b1c-274e-4e93-bbbe-e3bc4788b460,Ingaborg,Rentoul,irentouljq@qq.com,729-452-5775,40980
dc63d49c-a3f3-49d7-980d-300760c009c3,Dicky,Gartsyde,dgartsydejr@narod.ru,813-266-0099,36776
6bfe4f42-68a1-4d43-b153-ae32e0d14ac9,Manya,Drewe,mdrewejs@woothemes.com,155-268-1601,28954
4c4f74f0-7505-41ca-a250-fa98b1396f44,Tabbatha,Mackness,tmacknessjt@msn.com,673-858-5260,39078
3aa5da1d-c68f-4c38-8c52-74a43cfca8d0,Keven,Goford,kgofordju@rediff.com,206-458-6719,21259
8b049285-d8c4-45fb-a9a4-fcd2962292df,Steffen,Ikin,sikinjv@noaa.gov,638-586-5974,32572
027f100d-50e1-46c7-9b8f-5b1b9f7a8ee2,Gus,Fildes,gfildesjw@vimeo.com,246-113-3792,28847
760f2a7a-8617-4d01-b2cd-97015e285ec3,Broddie,Waterdrinker,bwaterdrinkerjx@lulu.com,228-658-2800,36802
dc971e7d-8553-4ee9-95b9-10a97f5ccd3c,Rita,Iiannone,riiannonejy@disqus.com,785-600-2715,32559
10f2ab66-073a-46d8-966d-909b9922efc5,Sharona,Matijevic,smatijevicjz@apple.com,221-780-7789,35954
37198cd5-216b-4e9f-a44a-e2412a324a66,Emelia,Rodolfi,,,27927
ac8f8bcc-a18b-4cb5-8d55-11d46fc8b57c,Garrick,Beernt,gbeerntk1@unc.edu,354-542-3760,35375
903545e1-58bf-4df3-90a9-3e1e0f6f50c8,Annora,Gosselin,agosselink2@sitemeter.com,962-111-5171,38975
697f1fbf-e06b-4e7c-afa7-07dd1c011a5a,Finlay,Gradley,fgradleyk3@amazon.de,964-515-1521,13133
a1310281-54f5-447b-9142-aef825f10243,Cinda,Hannabuss,channabussk4@google.fr,817-215-9994,37576
0e0dc143-941d-4f59-ac9d-4047176d73c4,Harlin,Steanson,hsteansonk5@google.nl,533-355-1096,32766
157c4e26-5a77-4bc6-86b7-4d6e20d21d4a,Sinclare,Wolfart,swolfartk6@prweb.com,223-302-3689,12626
93e67cdc-3941-4cfc-94ef-c9c6a87e0911,Odelle,Findlater,ofindlaterk7@reverbnation.com,506-457-7799,25871
2b7a01fe-f9c8-4444-95ec-102daa6a7ad7,Becca,Galego,bgalegok8@epa.gov,518-997-0156,31720
0386b390-0ab3-4fa7-a969-0da27d4b65c3,Carmelita,Axup,caxupk9@aol.com,474-668-2163,24074
8fcce9b5-c4a8-412f-ad95-8785d3dd57e9,Saw,Bugby,sbugbyka@blogtalkradio.com,699-303-6897,16607
94f4b940-23c7-444e-bb9f-576aa95cc01b,Holden,Mityushkin,hmityushkinkb@hostgator.com,179-342-4255,29742
a815bfa8-ff38-4f27-9558-916f3e2ee648,Cointon,Tresise,ctresisekc@intel.com,845-636-8628,35975
d862e3b3-9465-4e02-8435-97691b176b1a,Rosemonde,Breslauer,rbreslauerkd@spotify.com,313-589-0738,37711
d2ab98e8-f6af-4eea-8204-5a3b7d64fe8e,Darline,Coltart,dcoltartke@moonfruit.com,205-643-9985,26926
9f6b821d-4e6d-4768-8d47-68b2358406ee,Sheba,Fuentes,sfuenteskf@ifeng.com,994-466-4084,11209
b06ed78c-3fc0-407f-bbfa-30d6f7e1f111,Francklyn,Novill,fnovillkg@columbia.edu,472-877-6005,36951
dfe41810-75a5-411c-bc86-cf1403e01a3c,Dicky,Bortol,dbortolkh@mlb.com,779-791-4764,40353
ea9339b3-88d0-41ff-8f18-7615ee355331,Elnore,Toffaloni,etoffaloniki@china.com.cn,717-765-5283,29826
072a3ad9-d011-4d85-9e50-19230f800efd,Bellina,Doy,bdoykj@columbia.edu,468-538-6455,36815
e8a2451b-86ed-4f88-aecd-ae97df9b1c8a,Rosemonde,Lascell,rlascellkk@nyu.edu,296-520-7762,36390
0af406f7-23b7-4ff8-985e-c6f5e80192ce,Kaile,Pepper,kpepperkl@vkontakte.ru,317-600-8861,17239
edc0542a-ff58-4655-9d75-ea8a366a830f,Abra,Warner,awarnerkm@issuu.com,314-187-4697,31432
0547d6ee-8ea6-4d72-bd27-43809de10cba,Tallie,Auchinleck,tauchinleckkn@ox.ac.uk,329-817-3570,32366
219e9a9b-bd17-4fe7-8993-a9de89563dfb,Niels,Ausher,nausherko@cmu.edu,582-951-8033,11858
247e8751-67c9-4025-8013-daf9660cdd8b,Amelita,Tupp,atuppkp@wufoo.com,474-787-9820,19584
6164267b-44b1-4457-985b-299e09f51970,Maxy,Sworder,msworderkq@spotify.com,714-249-3509,35842
0bcd2aa3-d889-44ef-bc28-11ae6b386f92,Kyle,Sipson,ksipsonkr@facebook.com,548-198-1254,41719
f51fa4d2-230a-4604-9fab-80a6ee863ab6,Arleen,Palfreman,apalfremanks@bbc.co.uk,506-785-5335,36998
6dd52768-b3a8-437c-a8b5-8f30468a26ef,Maxine,Barrott,mbarrottkt@netlog.com,510-539-9146,37114
d0b3b9f2-694a-4488-8243-6e9d4056d27b,Holt,Oaks,hoaksku@bloglovin.com,253-425-9483,18063
a3ed796e-f211-43e6-8ad5-d00c08777e7c,Josselyn,Banham,jbanhamkv@squarespace.com,205-426-8568,18564
d2629ccb-4041-446b-9298-7d791fe3ffcd,Lovell,Arnal,larnalkw@purevolume.com,738-577-5188,29258
cdd63c20-6abd-4e36-b551-c1ad8b4e64b5,Cyndia,Tewnion,,,35355
5a934ea7-5d6a-4228-98a9-14b864e18e08,Lind,O'Loghlen,lologhlenky@usnews.com,507-317-1215,18399
142c3e19-9188-4b03-8961-95caea484ccc,Dyane,Janecek,djanecekkz@yahoo.com,142-681-2729,31884
7dde024b-793c-49dd-923f-f2d2447858c2,Shannan,Dufaur,sdufaurl0@ask.com,194-758-7732,38905
dccd3b0f-d90c-4366-b62f-b6d047d13cf1,Veronique,Dyment,vdymentl1@biglobe.ne.jp,212-272-0218,23945
c244ef15-beab-44b5-904d-ef62300b8e57,Pier,Pawson,ppawsonl2@a8.net,563-508-0181,26857
be39632c-058b-43f0-98a5-2b74aabd6860,Chanda,Rankcom,crankcoml3@slate.com,793-492-9191,19738
662077af-b805-4e52-a0e6-8c49dfec24a1,Sergeant,Farragher,sfarragherl4@alexa.com,381-583-2871,27520
fe746058-3171-49ab-b11b-93cc6e5fdf30,Raquela,Kinsella,rkinsellal5@time.com,783-947-6035,27361
5cac91c4-bd86-4d53-816e-328348592df3,Bing,Bramhall,bbramhalll6@tiny.cc,337-103-9108,38058
f2aff09f-2a07-40a5-8679-23df148528fb,Gale,Sauvan,gsauvanl7@china.com.cn,999-211-1654,38760
cb71e40e-ac61-43e6-ab28-2430bbcac003,Julie,Tarrier,jtarrierl8@phoca.cz,538-536-1640,29100
fc5347c9-827c-4a0a-8b1a-84cfb2bcfdc8,Ingeborg,Arp,iarpl9@telegraph.co.uk,302-329-8752,30913
a1249e05-c5b7-4aad-a7d4-d4cf9f2e4b5c,Buddy,Niesel,bniesella@techcrunch.com,690-318-9609,28914
7398a2ea-c3ac-4f45-9c3c-84f0161ce42f,Malissa,Pott,mpottlb@yellowbook.com,611-403-5547,31921
aedd26db-562b-4680-ba11-34ea0266d337,Austin,Clarke,aclarkelc@networksolutions.com,189-175-2772,33046
af1e9b91-dffa-4cae-9918-06aa13bdf43b,Marigold,Janaway,mjanawayld@google.com.br,877-544-1175,16714
75d795e9-0fc7-43de-b2cd-534241bd5e9c,Miguel,Wolfendale,mwolfendalele@instagram.com,789-390-3954,39559
0152abe0-8486-467b-8eea-bf1c739cb8f9,Caleb,Orys,coryslf@clickbank.net,187-693-3118,20429
43fc6bf2-5b30-4e68-a614-011e34cbb7a9,Catharina,Galgey,cgalgeylg@unc.edu,809-278-2219,35170
51e2f161-b421-49c0-bbbb-a05cbe07c83f,Bambie,Assad,bassadlh@amazon.co.uk,171-439-2748,32918
0328aaa9-312d-46ae-8b9e-dd0adb2a047d,Huntlee,Basire,hbasireli@google.de,857-695-0521,22055
42e8e127-cee4-4cce-8756-881afa99e938,Ronald,Woolnough,,,12225
f2c60db2-47e7-4281-a520-91de6437aa84,York,Essam,yessamlk@adobe.com,240-844-2683,24144
a8aa9a89-b60e-426d-bdf6-91bad22a9aca,Trista,Giocannoni,tgiocannonill@nifty.com,637-963-0232,12772
7a8137fa-7f50-447f-9a3b-edfcfe687c10,Octavius,Halburton,ohalburtonlm@qq.com,943-273-9120,25993
a8a20fa5-8f1b-440d-b2b2-eeaaa530e9d7,Margaretta,Adame,madameln@patch.com,520-349-8907,24165
d08d9de3-44be-4a54-827c-ee8b5c2b0bb6,Nicoli,Roderick,nrodericklo@bluehost.com,669-708-7887,13584
16390a2f-c31a-464c-b8b6-ecf405d63e6c,Heddie,Riding,hridinglp@netscape.com,602-722-2029,25185
b5b6b5bd-9871-4253-905a-868befcd715f,Rossy,Pury,rpurylq@liveinternet.ru,833-439-0717,14504
8de95f2a-eccc-4e11-864b-8e11f610cc8f,Tilly,Petrie,tpetrielr@hhs.gov,337-845-8883,39373
cd854e6d-7e14-4d20-bc6e-cb477b71a5af,Mariann,Wickmann,mwickmannls@japanpost.jp,730-524-8536,17562
ef166304-47e9-4414-91cd-2488623168fb,Lorilyn,Clewes,lcleweslt@weather.com,809-962-3461,17652
d1a8e957-0aa1-4b1b-a6fc-50d5953a3a6b,Marv,Lowen,mlowenlu@multiply.com,581-295-3110,19493
281a4fdb-83e5-4227-a9a3-aed676dc59f6,Loydie,Meth,lmethlv@oakley.com,959-799-5456,35751
e0939041-b38e-4c6b-aa35-a849142b2663,De,Simionescu,dsimionesculw@discuz.net,321-800-6150,12800
ef06ee0c-426f-46da-a47f-117b9dbe85ab,Nahum,Gisbye,ngisbyelx@constantcontact.com,467-409-1620,11213
2309db9a-d359-43e6-8d52-53f5fdb09aa5,Melantha,Cliffe,mcliffely@yale.edu,169-186-4030,19363
9f495f32-317b-4b1c-ac15-ef0fe2f9e47c,Padget,Allerton,pallertonlz@ifeng.com,519-202-6931,29765
419391ad-f2ed-45b0-be6d-5cf6e01f50a1,Ephrem,Gager,egagerm0@surveymonkey.com,404-644-6187,38488
4724a39c-69db-4457-9704-2759920f5dfe,Loraine,Franciskiewicz,lfranciskiewiczm1@mapquest.com,783-437-3944,27083
a432dea1-ff3b-40a3-8649-c1fd74faec13,Claiborne,Gunning,cgunningm2@nbcnews.com,698-866-1137,15824
14473a9b-86db-4a87-9f78-3505b6855ab7,Chester,Sket,csketm3@microsoft.com,627-701-8982,22173
eb85407e-f428-4229-a3ea-2111aced9f0b,Kayle,Roullier,kroullierm4@simplemachines.org,347-983-7222,40917
b13a1ddb-dc9f-43bf-9c5f-b3747b245836,Gardener,Sentance,gsentancem5@si.edu,329-308-2520,36432
6e1edc3a-21a4-4fbb-8e5f-baefa4edcb27,Mandy,Jewell,mjewellm6@goo.ne.jp,661-164-1549,39206
de930604-23ab-47a5-8111-5ba402bb247d,Dell,Enns,,,23875
d82bb4a4-a551-4ccb-ba58-d25b439a89fc,Aloise,Guinn,aguinnm8@phpbb.com,171-683-1691,41228
d05528b4-734f-4c52-8514-3d91f49411b0,Lazare,Messer,lmesserm9@tuttocitta.it,816-469-2627,19664
fa3698de-d707-4363-9121-5eabfa669465,Bea,Hamfleet,bhamfleetma@ocn.ne.jp,183-126-5176,26881
2732c40b-0126-4984-8caf-70790f0547ed,Olimpia,Joerning,ojoerningmb@usa.gov,674-437-4803,36042
65ad2297-3fd3-4686-a56e-67d24e84a27a,Hortense,Buyers,hbuyersmc@wufoo.com,946-103-3677,20189
2b18e569-d4e7-4503-b2a1-fabc411fee3d,Valeda,Thew,vthewmd@moonfruit.com,471-701-4154,22362
8b7b010d-e520-4a04-8aca-59d6df29580a,Ilene,Seville,isevilleme@wordpress.com,224-444-7039,21622
96bd39e8-69ed-46e8-9d5c-1ccf334a38aa,Dyana,McDunlevy,dmcdunlevymf@twitpic.com,291-210-6779,
5c2d865a-a5c4-4e42-8172-a9e2b64c0b30,Gerrilee,Zapatero,gzapateromg@youtu.be,531-917-8845,32437
0c066b35-cbef-4f09-ab42-f4ac62313eba,Kai,Madeley,kmadeleymh@toplist.cz,436-540-0147,15839
7423b918-bda9-4f99-bcf8-9287912eee73,Chrotoem,Howard - Gater,chowardgatermi@domainmarket.com,108-244-1442,23738
8c4e2e2e-5871-4aa5-b00b-4d76e93a644c,Norbie,Howitt,nhowittmj@unesco.org,293-883-3214,20956
199157e1-f2f8-4b0d-82d8-05355ed9f757,Jacklin,Jennery,jjennerymk@accuweather.com,684-233-3720,13771
98bd268b-ff14-4354-bb70-6a58dc737876,Delainey,Davidov,ddavidovml@unc.edu,178-247-5441,14805
a9bd799e-bd8e-4b28-8270-753afc59e2b8,Kattie,Mourbey,kmourbeymm@seattletimes.com,841-700-7033,25649
e193343d-5928-4f5a-a204-afcf8923260e,Duke,Di Ruggiero,ddiruggieromn@mlb.com,560-497-5463,14772
a792b3d2-7435-40d5-ba7e-283912ff98cd,Base,Lenihan,blenihanmo@sitemeter.com,250-969-9116,34800
71ab91f6-9e06-4210-8463-502cb8422d55,Evangelina,Espinha,eespinhamp@jiathis.com,320-508-7146,27207
76a77911-5017-4da8-8d1c-3b8d34d9d8b6,Field,Ryding,frydingmq@go.com,859-202-9374,15059
7fccb397-6ab3-4504-95d2-f359ebe2d83b,Abigail,De Haven,adehavenmr@nps.gov,316-160-0947,38694
35ed37d0-7e8f-4e2f-b2c5-1112f3fe544c,Tabitha,Gallagher,tgallagherms@shop-pro.jp,258-463-3462,13154
518d6488-b9e1-4425-aa80-7c7be1d300cd,Jenny,Porcher,jporchermt@fotki.com,168-734-6343,30501
338c8034-1245-46ba-91ce-bff3d7b0d426,Odell,Lettington,olettingtonmu@etsy.com,509-841-2531,35407
63db2255-ea44-4903-871c-f35558bd8f8c,Nert,Probetts,nprobettsmv@omniture.com,530-518-6476,36886
ca34f0c4-deca-4b9b-aa12-c0a5220fb333,Sheff,Mooring,smooringmw@archive.org,898-855-6034,40213
be2c780b-f8ca-41d1-9c9f-9156e08f45b7,Darci,Knath,dknathmx@sogou.com,233-248-5249,34804
f7d42eb2-6baf-47c9-978f-23ddd1ce42fe,Pearline,Porrett,,,15426
ead6c3ac-66e0-40f5-ae3d-51e1292933ae,Gustavo,Guys,gguysmz@surveymonkey.com,889-661-4783,31416
3d79ac51-c6ea-460d-a58a-7310c91adeff,Bethany,Everson,beversonn0@uiuc.edu,443-415-9922,13530
4be80639-8fc5-4694-96d3-50a08eeb4f23,Jaynell,Dumbrell,jdumbrelln1@twitter.com,993-459-1792,39982
e17236db-aa29-4d89-91ce-04d66be469ed,Corey,Wyley,cwyleyn2@tripod.com,546-426-9627,41443
3b14526c-d347-4420-929c-3321c2b9eee6,Chrysa,Clewlowe,cclewlowen3@imageshack.us,689-978-0834,31408
4e32737c-32b6-412a-9377-585a3f14b9de,Lynn,Young,lyoungn4@nature.com,984-895-4153,14307
7809c3a4-8520-490e-8397-f270a81f3d52,Zolly,Solan,zsolann5@sourceforge.net,447-142-2636,41017
e1de7859-bb2e-4512-b882-c8229d153cba,Dusty,Lafferty,,,35095
cc852d8a-31b2-4b84-8cc7-2e09f6218366,Derrek,Phelp,dphelpn7@macromedia.com,835-492-0414,
ac38f72a-8d32-4ea7-b23c-4c1a96cd0801,Sibby,Barck,sbarckn8@yelp.com,165-137-9023,14599
f0e8a9ee-f7e0-4676-ac04-e163cf7ad832,Tammara,Battany,tbattanyn9@intel.com,518-360-5406,22243
3d5ac593-6c62-4497-a198-526bb0cb48cf,Germayne,Ellicombe,gellicombena@shinystat.com,828-227-9521,38160
4ee7bff5-cfdf-454d-a707-8aa20bb48581,Malcolm,Fielders,mfieldersnb@npr.org,636-580-6003,12258
12b13820-72ab-4bbe-b159-3908184a74b9,Suzanna,oldey,soldeync@ucoz.com,452-751-2344,21784
3cb38614-e152-41c3-aac0-3b76a38bc21d,Emeline,Dibson,edibsonnd@ucoz.ru,119-700-2904,36211
d11b7b04-f71f-45c4-be2e-2fac9c34cf89,Drud,Riddlesden,driddlesdenne@tiny.cc,891-452-0418,15183
6f1a017b-df57-442e-ac84-c0ed57ab8051,Hyacintha,Fawcus,hfawcusnf@craigslist.org,956-588-1220,29066
4b849e12-c243-4986-9b01-2e4e2fba03d5,Allin,Lantry,alantryng@theguardian.com,237-466-4741,40909
0f93cae4-cb14-4148-ade2-94e68cfc05fb,Kelcy,Lamar,klamarnh@t-online.de,122-859-7052,12840
a2b92377-405b-443a-a339-7543ac11bfdc,Derward,Jarrell,djarrellni@blogs.com,526-999-4076,39907
ee2da326-7e15-4591-87ac-27af43585a65,Monte,Leithgoe,mleithgoenj@unicef.org,886-892-6930,24279
9fa0f278-32a8-4b7e-9456-bbd4c77b19a4,Brandie,Borgesio,bborgesionk@ed.gov,463-595-6447,30036
6d9a6397-59f2-46c5-b169-090d0c514d99,Conchita,Pabst,cpabstnl@vkontakte.ru,144-551-0705,36130
ae58896e-636c-44ba-afba-c357c4d56957,Felix,Heaven,fheavennm@sogou.com,261-163-3516,25554
6a41e2dc-f9de-4549-ac1c-4307fbd9fc19,Joyann,Dymocke,jdymockenn@tumblr.com,211-709-6829,26250
936aef3e-ec56-4349-adbe-e172626e9335,Domingo,Cordery,dcorderyno@photobucket.com,920-211-5271,14181
1db8e311-25df-495e-8fab-706bcc6fcb52,Murdock,Ronchi,mronchinp@nyu.edu,706-201-0042,37163
60a45050-06c1-4247-a1eb-f1ccee2b47c4,Clarinda,Brislane,cbrislanenq@wp.com,571-431-9988,22100
0ff07a2f-1013-43c6-9715-05a7e712da48,Gleda,Huygen,ghuygennr@freewebs.com,406-599-1407,38221
8c9b2c97-62b0-478e-bb3f-ced42f2d94bd,Timothea,Allman,tallmanns@chronoengine.com,881-519-5199,37391
01580e09-3129-46b3-8ee0-a5f8e2439bdb,Aurilia,Sammut,asammutnt@netvibes.com,442-798-0057,23834
7eebcf62-b50f-46c1-b83a-de97e770bd4d,Jyoti,Whymark,jwhymarknu@cornell.edu,201-816-1533,39571
8b830840-a5a5-440f-b0e7-216a92720f15,Riordan,Larkin,rlarkinnv@soundcloud.com,537-213-8088,38961
7bd07c2b-9a4a-46e6-8d1a-fd5954d38a47,Mirabel,Kennewell,mkennewellnw@people.com.cn,544-119-7288,22004
f4f57ea2-c105-4bb0-ad21-5827bd8ed9bc,Bradly,Gladtbach,bgladtbachnx@bbc.co.uk,272-363-2768,21908
9acf38bf-a424-40a5-b294-566c29a7cde9,Gustie,Nock,gnockny@whitehouse.gov,155-781-7489,15975
f21db475-c308-4d18-9469-7e25d882ed4d,Filippa,Yallop,fyallopnz@qq.com,934-554-6408,18091
7a8253f7-8ee5-4361-a886-e81d1b3f5b37,Jecho,Baszkiewicz,jbaszkiewiczo0@aboutads.info,283-174-5841,15243
29e4c286-2795-4263-890e-8142762dbda6,Willette,Lathee,wlatheeo1@loc.gov,981-996-4794,23330
abac4ee2-d20b-4365-a9ea-8de3d55a81aa,Lilllie,Reichelt,lreichelto2@shareasale.com,949-630-6639,41509
193a8305-b2de-491e-9c5b-1ba7f87dc0a2,Elmo,Swatridge,eswatridgeo3@123-reg.co.uk,539-261-0978,12424
4c88c62f-5d30-4a8a-b009-1f016baae00c,Geoffrey,Verity,gverityo4@webeden.co.uk,709-505-7076,19780
2e7cbebf-b549-418c-b61c-8ed999c8e5d5,Jacenta,Wrixon,jwrixono5@histats.com,618-190-4836,26701
88078ec8-0d8a-4439-a877-cb3ca222ed65,Joyous,Chedgey,jchedgeyo6@xinhuanet.com,555-631-8461,29142
af64221a-cfd6-41c7-9d06-daa573621b51,Bunny,Kleewein,bkleeweino7@uol.com.br,323-593-3069,
80b89b7e-2ce4-42b5-a260-df6184a824b3,Hall,Calderon,hcalderono8@cbc.ca,738-964-3037,41476
cdc2e3bb-687e-4280-a5d5-49d1537d27ce,Faith,O' Byrne,,,40462
ce645cd6-b209-4f97-a4d6-f741df5e8df3,Eryn,Prandini,eprandinioa@theglobeandmail.com,590-397-6792,39045
fe76d451-0050-4c8e-8e4a-2c515811f549,Charmian,Meiklejohn,cmeiklejohnob@usa.gov,873-551-2051,34395
9c92be7e-d12f-4d5a-ae59-ccbb1fc07b16,Mal,Pascow,mpascowoc@state.tx.us,187-845-3052,33692
5005c5e0-d59f-4085-be05-c0c0f23d08ca,Mercie,Martinez,,,24431
64daef45-0564-486f-8068-5636976cfce9,Caryl,McNamee,cmcnameeoe@businesswire.com,343-542-5875,14755
a0e4a7d4-c5fd-42a7-9613-e042d703eaab,Frazer,Lathee,flatheeof@g.co,858-677-2047,18929
bf106fc0-c6c9-4bf5-812b-a46e36d45652,Dalila,Aujean,,,22309
dd3edaed-b7b1-418c-a25b-08d2cf7a0ecf,Thaxter,Valintine,tvalintineoh@mashable.com,937-339-2320,31901
eb878e93-8d28-4549-b7fe-0352e35ac8ed,Rolf,Melchior,rmelchioroi@reverbnation.com,415-558-7304,21620
4cbeef03-1408-48eb-968a-32b28fff070c,Trixi,Bertomieu,tbertomieuoj@de.vu,224-424-8127,33679
133b290f-6340-49f2-92e9-cf01c6ac4cbb,Lilian,Driuzzi,,,27700
f403e926-e0c0-4aae-ba57-2915c671752f,Cloe,Toon,ctoonol@shop-pro.jp,695-596-7917,38995
021157b2-19c0-4efe-b75c-58f6e81357fb,Corliss,Puddan,cpuddanom@jimdo.com,410-116-3131,36549
8e9a968e-3611-41f8-9030-4b4868bf861a,Isac,Matchitt,imatchitton@ebay.com,294-569-0395,16295
94900745-cf82-49f5-8ca0-dc6bc19eda96,Rabi,Blethyn,rblethynoo@washington.edu,360-953-0609,16118
41dfd0c7-48e1-422b-b413-7263e786b613,Wiley,Klageman,wklagemanop@indiegogo.com,977-448-7666,27040
a3fc13e6-3f7e-4858-9795-e0c4cb09a40e,Fanechka,Hartlebury,fhartleburyoq@bizjournals.com,674-859-4185,36893
b29d2668-b7ee-4c35-81d6-2645fd9708f6,Corrinne,Makepeace,cmakepeaceor@w3.org,954-811-5567,18408
5e1f78e0-0840-4f1b-b8d9-bc17c56f3d73,Dodie,Burr,dburros@flavors.me,147-830-5207,11232
d7283917-8014-4c8c-8ae1-fc1c05528a02,Esme,Skirlin,eskirlinot@histats.com,993-155-3938,33216
51ff5dfa-8bdc-43ef-a928-b53d4c48247b,Frances,Tett,ftettou@utexas.edu,889-653-1491,34438
8669a1df-0479-4b6d-8b5f-85895a445bae,Wally,Mason,wmasonov@xinhuanet.com,916-798-3458,39367
ebd64ea9-19e4-4299-9648-7226af5d6f34,Antonino,Giovannazzi,agiovannazziow@biglobe.ne.jp,657-250-9903,18345
df763c06-25cb-40a6-84d8-ac0212802684,Brianna,Capelin,bcapelinox@over-blog.com,502-234-1421,15641
afb30d10-bf06-4b10-9b75-e85682e2f70b,Karisa,Brookwell,kbrookwelloy@google.cn,592-220-3199,16465
94723970-f2ae-4079-97a0-d40e46aa9273,Efrem,Janecki,ejaneckioz@live.com,726-578-4865,38862
83eaf823-8cf5-40a1-b27a-702099f0a966,Charmine,Minty,cmintyp0@pen.io,851-111-6197,22287
6015c2eb-3c66-4866-a661-2cd26f836d84,Madison,McCaw,mmccawp1@i2i.jp,973-789-9313,24312
e0a06aa5-3b61-431b-8e49-6367f3272ec2,Kizzee,Yann,kyannp2@hostgator.com,415-527-9775,32432
2e173a38-d4bc-4e46-8c03-a4fe610621cc,Duky,Eingerfield,deingerfieldp3@goodreads.com,317-401-3033,11878
266ed0be-a36a-4117-9cc0-1253be6a03ac,Marve,Llewellin,mllewellinp4@freewebs.com,658-913-9240,33013
296cfeac-3f79-4b07-93d4-3a520987cbb3,Barbara-anne,Dunkerley,bdunkerleyp5@myspace.com,212-540-5736,33436
af235a49-03d9-4053-a38e-cdfc13bffa4c,Konstanze,Elderton,keldertonp6@prweb.com,265-299-0427,34437
e3dd8ddb-7644-4b6d-92a4-39f5e47908b2,Viva,Critzen,vcritzenp7@gmpg.org,633-582-2694,36746
f83c2ab1-b7ad-4575-b27d-ee131b7cf4ea,Roda,Trigg,rtriggp8@stanford.edu,669-474-4795,40140
18ba01ef-fb4c-436c-a9e5-dd4b9c3ac69c,Delmar,Tredgold,dtredgoldp9@studiopress.com,447-252-6413,25458
28fd30d4-8297-4842-aa98-c0839481a2fd,Katey,Tucknott,ktucknottpa@skyrock.com,106-354-5732,19631
81e1fd91-1116-4f08-9071-6c6253a6647e,Corabelle,Culham,cculhampb@gov.uk,600-528-4802,15238
5fae34c1-80e4-4373-a6bd-8e2955bf6fca,Chastity,Krzysztofiak,ckrzysztofiakpc@arstechnica.com,121-626-6331,22354
19b130c4-b501-440d-9af2-7fee78758c2b,Malia,Tournie,mtourniepd@sbwire.com,334-622-1913,20150
3ed31e0a-506b-43b1-8d24-225bb93881b7,Gussie,Putnam,gputnampe@nsw.gov.au,203-697-1535,28277
60687548-655b-492a-b5e5-697af553b388,Freddy,Lack,flackpf@addthis.com,775-112-1815,18676
b297d919-6a21-4c9c-8be5-5b396aa92cc2,Wilmar,Wearing,wwearingpg@dropbox.com,884-179-2622,35593
7e62a71a-0d92-4587-b156-17c661ba5653,Joceline,Steptoe,jsteptoeph@cdbaby.com,455-392-5050,20831
1aed5290-e339-430b-933c-9592990ee577,Tiena,Milleton,tmilletonpi@epa.gov,122-449-9727,13177
b6c54678-62af-45f9-80ab-26b6ec9f3b3b,Minnnie,Unthank,munthankpj@upenn.edu,248-164-0605,19088
7b0c168e-1fa5-4bcd-99f9-258006942277,Jeth,Alderwick,jalderwickpk@cyberchimps.com,111-924-6097,19759
5bbf66f7-8c5a-4a63-98fe-62f3a2a02ecc,Morris,Hixley,mhixleypl@scribd.com,380-584-8557,17317
cc073a50-5d8c-4755-ba4c-ef5dfe4c5967,Judye,Lardiner,jlardinerpm@techcrunch.com,282-789-8294,31794
ef733f1f-2107-4fab-93e8-fc34e0a9824e,Babita,Alecock,balecockpn@va.gov,671-647-9764,15893
e66c158b-dfc3-427d-b742-3968fdbe1f09,Concordia,Volkers,cvolkerspo@google.com.hk,733-450-8269,29769
d39577ec-2727-424e-ab70-cd2d962cc142,Arte,Battlestone,abattlestonepp@wisc.edu,771-681-7970,31850
bf8ec0ff-0c38-4466-91af-532f8a9998d2,Junie,Fellon,,,32703
0f0fe844-5954-4f62-994b-f1c2c27d60d2,Bertram,Kears,bkearspr@histats.com,899-837-6018,20474
ef987669-ad15-4ccf-8b12-82685a4217fa,Ofelia,Attwill,oattwillps@hubpages.com,370-540-3977,18414
a0cbfcc5-5448-45b7-9ace-af1d282f9901,Christos,Haggleton,chaggletonpt@multiply.com,640-723-6494,37174
c73ce2a6-d87f-4413-a214-7c2ebb3dc5c5,Tiphany,Dutson,tdutsonpu@tripod.com,852-237-9497,40656
73727606-822f-4ab8-9e5e-25221e95e63b,Ev,Hovy,ehovypv@goodreads.com,685-186-5859,36307
99cf5019-0a7b-4830-ba84-bf7efb23397c,Brunhilde,Dils,bdilspw@angelfire.com,489-436-4864,11584
dd02b04b-98f7-4353-a0a9-ff57c8c5002f,Michail,Sleford,mslefordpx@cmu.edu,652-720-2243,40884
d6979572-0abb-4624-9690-a15fc41e263a,Claudia,Selby,cselbypy@soundcloud.com,652-400-2982,37181
be3a3cf1-719f-44b8-97f2-0004de9da373,Estrellita,Passmore,epassmorepz@blogspot.com,259-610-1128,30908
aace447c-50b2-4a9a-9514-55b9238966d1,Oralia,Larimer,olarimerq0@geocities.com,931-487-6795,38642
be2cb56f-11f8-4381-80bd-9c23d421fcfb,Petunia,Hansman,phansmanq1@mtv.com,187-121-5546,15240
4807f859-dd6b-400b-b761-3b8923652ebf,Kare,Pyrton,kpyrtonq2@boston.com,615-620-2873,41486
6261c354-f26a-4d53-985c-502cb0f6f760,Cameron,Copland,ccoplandq3@shutterfly.com,823-706-8085,18972
03a3bd95-7824-4512-bdd6-de363fffacde,Robena,Dybell,rdybellq4@skype.com,391-689-7696,29807
86ea803d-d23a-4677-b144-2dca8012c7e9,Waldo,Galletley,wgalletleyq5@engadget.com,332-527-1205,23519
84454e4a-e93d-4fd2-9574-5489788400c9,Goldarina,March,gmarchq6@cloudflare.com,498-433-8686,11430
5ce238eb-20d8-4449-ae70-842e9e2fefe0,Tiena,Tuxell,ttuxellq7@ihg.com,861-558-9327,18772
f38ee859-a384-41dc-861f-5f7003c2f312,Mikel,Chesser,mchesserq8@tamu.edu,756-112-4709,14523
0b1e4cf2-bec7-43ed-821a-2cf08c0be267,Jesselyn,Rawlence,jrawlenceq9@liveinternet.ru,496-535-8825,37127
751f2251-58d9-40e6-a8e1-ca73082e962b,Peder,Tweddle,ptweddleqa@feedburner.com,567-308-0903,17488
6fefd5df-f843-41b4-aa89-e718d021263e,Lalo,Mallard,lmallardqb@tuttocitta.it,192-657-4614,34170
d36bb14f-5048-44f9-bd39-095a1aca1fc6,Nada,Voice,nvoiceqc@stumbleupon.com,948-774-0926,39313
243e7cd4-1fcd-46b3-9cda-89ef4324f69c,Concettina,Caban,ccabanqd@issuu.com,838-962-0513,16863
74e1dc69-2a07-4ae9-a2cc-26f40b66f526,Carlita,Francesconi,cfrancesconiqe@alibaba.com,920-320-7149,11685
3cff7b67-50b8-44a8-b16b-8fa32cd397be,Lombard,Gumby,lgumbyqf@alibaba.com,305-878-5855,25162
8fa4eb74-213a-41c3-939a-791ffb3de0aa,Winthrop,Giorgeschi,wgiorgeschiqg@state.tx.us,539-948-4816,38506
fe7ecefc-3938-4165-8a18-37622b995ca8,Vanda,Fishburn,vfishburnqh@webmd.com,206-952-6607,25060
d94e3dca-2772-490a-9e52-6249cc0fec67,Udale,Zannutti,,,35766
01418248-af0b-46ac-9572-dacf92b5c6e2,Inesita,Greeding,igreedingqj@cnn.com,578-309-6136,15285
77ba37b9-9e3c-4895-af78-f91314458309,Kaine,Antonikov,kantonikovqk@amazon.co.uk,609-272-9683,26986
e67b5861-610b-4c51-960a-b33d97c5536b,Loren,Rambadt,lrambadtql@army.mil,708-684-2093,28902
058464ee-3f81-4e2b-be14-1fdeabb972c2,Lucienne,Ebbutt,lebbuttqm@washingtonpost.com,905-776-6885,28049
477e3484-4edc-4cd5-b900-14fe008382df,Meir,Kebell,mkebellqn@bloglovin.com,405-598-4767,20278
b3efa46e-82ca-4735-8215-13e04653802b,Krishna,Bernhardi,kbernhardiqo@dailymotion.com,742-161-0525,19880
3f2ab55c-b1b7-4c29-b85e-de973d2fab2f,Lamar,Kiely,lkielyqp@cam.ac.uk,115-863-9748,36680
c0acdf86-a0da-47cb-bf90-957604be3365,Irvin,Billsberry,ibillsberryqq@yahoo.com,228-297-3459,29817
8fc7d654-50fb-4ac7-b2f3-baae987c50ec,Percy,Sullens,psullensqr@redcross.org,605-122-6634,16981
ba65c2c4-d7ab-430d-91c3-b60b7dbb429b,Dun,Osler,doslerqs@github.com,586-828-2505,26996
8e97fcec-92b5-4231-99a1-4eb4213f9600,Wallie,Epton,weptonqt@geocities.com,325-548-3309,28909
5d9090a9-0cc0-4950-8a48-327a5758535f,Fidole,Gansbuhler,fgansbuhlerqu@dmoz.org,885-211-9472,38672
21427bec-4c68-4316-9c6a-db8ea71c28bf,Becki,MacKim,bmackimqv@cnn.com,600-997-1062,29083
523b4400-a337-4da4-b8bc-0835af47b464,Rosalinda,Vautin,rvautinqw@twitter.com,681-232-3857,20938
2fd530d6-a3b8-4001-bea7-1ada19316035,Sharity,Larmouth,,,28884
55647c90-a955-4001-95da-2b7c1896cb89,Paddie,Bogays,pbogaysqy@xrea.com,601-532-6888,37055
22c1e485-888f-4fab-a15f-10ce966439b4,Regen,Wyson,rwysonqz@shutterfly.com,818-530-6301,36678
35f61634-cbda-4e52-9567-65ece165a721,Whitman,Regina,wreginar0@rakuten.co.jp,871-208-5000,19846
9785c267-8b84-4dc1-a83c-3d3f7986326d,Irwinn,Higgoe,ihiggoer1@businesswire.com,205-365-1558,19973
f7358abe-48b3-465c-9384-80e17e790236,Errol,Ybarra,eybarrar2@51.la,436-879-4449,40086
f46fe0bd-eb57-4a7e-886a-87f9cbf62232,Benny,Goreisr,bgoreisrr3@typepad.com,385-517-9234,16515
1c278692-1b90-428f-8763-bcc2fbc0aa92,Evvy,Copo,ecopor4@umich.edu,471-336-9938,23370
177e65c8-3f26-4f89-841c-212ed10bf9cd,Cesar,Kerfoot,ckerfootr5@arstechnica.com,634-276-7970,11327
493c457b-1c2e-4681-84db-29e383962e29,Raddie,Isaac,,,33508
43860a1e-6082-42d7-8dc5-a096e84bd60f,Gloria,Kime,gkimer7@google.com.br,329-603-3972,38271
1e7d638c-0e69-466c-8d98-be5ef21a04c9,Gabby,Filipyev,gfilipyevr8@fastcompany.com,414-128-6911,22830
10ca0050-3819-4a97-a0e5-a7ad2ed86a3a,Berti,McClancy,bmcclancyr9@pinterest.com,959-945-4092,37094
e0b93521-4628-4bc4-91d7-ee7e841e6cbd,Wernher,Grahamslaw,wgrahamslawra@state.gov,458-446-4820,24072
d0f51f49-208c-4000-b619-22410780248f,Gerhardt,Jacobovitz,gjacobovitzrb@wiley.com,680-142-6500,12396
b84df514-b901-4788-95a1-64b97b094b13,Creight,Igo,cigorc@cbsnews.com,539-480-2233,20836
8aff0981-1f03-428d-ac0c-058ff4ac2568,Ashlen,Surgenor,asurgenorrd@addtoany.com,685-110-5930,27592
e7110638-c065-49b5-bd3b-58937453d1b6,Karoline,Ivanyukov,kivanyukovre@bloomberg.com,379-140-0441,32439
d822b94b-a010-4da1-9138-06b3742b1b8a,Caritta,Sheircliffe,csheirclifferf@ezinearticles.com,272-933-0989,41323
4bd52256-e1ce-4bff-aacd-992a61ae6ddc,Trenton,Coltart,tcoltartrg@jigsy.com,746-761-1792,16817
688b1273-487b-4449-ae80-7272df6a39f5,Dori,Faircliff,dfaircliffrh@123-reg.co.uk,280-338-5373,27456
74182aa5-9e89-487e-98a8-00387effb86f,Maryrose,Coffelt,mcoffeltri@privacy.gov.au,341-821-7728,15868
4d14a463-23f3-4849-82c4-a3cf3fa8f74d,Amitie,Martins,amartinsrj@army.mil,130-839-3903,28748
d66e0bde-e42f-4f15-8ffc-0a29764463ef,Vinnie,Haselden,vhaseldenrk@google.ru,114-119-6220,35997
906f4305-00fc-40c5-bc15-5d0ce648561b,Madelena,Buard,mbuardrl@indiatimes.com,628-484-7881,12032
e3aae6cb-ee48-4f7d-9f42-d0cc8de51d3e,Linn,Tracey,ltraceyrm@sogou.com,120-174-0978,11638
b4dea071-bf78-4dc5-ad4b-b630a27acdb2,Caren,Rouse,crousern@shutterfly.com,222-394-9415,14747
af173d5e-8e74-48b6-a80e-e56f196e6f5d,Nancie,Russam,nrussamro@theatlantic.com,792-647-3481,15767
896f1183-0b13-4fba-b5d2-d7e4440e2e54,Courtney,Segot,csegotrp@forbes.com,707-702-0550,40891
3fe2ad44-89c4-48f9-9b07-897b1523cfab,Cesare,Murkitt,cmurkittrq@topsy.com,615-416-3884,26182
3b29890e-08bc-4659-8f1d-0d8ec280ef82,Kaylee,Coles,kcolesrr@diigo.com,933-373-9284,30907
