GUID,first_name,last_name,Email,Phone,date_of_birth
b11c24e9-1fc1-4b87-85c7-7676ad1781b4,Jaquelin,Whitehall,jwhitehall0@wikispaces.com,157-926-9033,2/19/2013
e939fd35-6efa-4ce9-989c-7d27c94b554d,Katalin,Pods,kpods1@salon.com,351-662-2984,7/30/1941
a230194b-69c8-46ba-bf21-5e796ded256e,Edeline,Arrow,earrow2@sina.com.cn,474-734-7284,10/27/1935
136e67ac-5e24-42c3-ab3c-7320491c564f,Luisa,Mitkov,lmitkov3@nasa.gov,259-509-3287,12/6/1955
28a9bee3-fe0c-4757-a4e7-db2fc68d7a8d,Lizabeth,Hardcastle,lhardcastle4@privacy.gov.au,944-497-1628,3/15/1983
d306311d-45ed-40b6-9c89-64ffb731623a,Cris,Cowton,ccowton5@is.gd,493-500-6319,7/16/1948
76c0a8f4-ff43-41b6-8210-a8ca0223234b,Roby,Shore,rshore6@wunderground.com,826-533-7399,3/6/2009
2a665631-d1fc-4632-9c75-0d490c60d9ab,Jedd,Parton,jparton7@is.gd,816-345-1431,11/27/1981
f3038dc0-3bd6-4ccf-a639-38780d52b082,Rachel,Pristnor,rpristnor8@csmonitor.com,144-765-8811,12/8/1954
220eb02a-ee5a-44e7-aa0c-370579639153,Sawyere,Dahmke,sdahmke9@amazon.co.uk,510-141-8964,5/26/1969
7a10b396-02b8-4981-988b-a736e1b364a4,Christal,Wolledge,cwolledgea@webnode.com,479-206-2266,7/3/2010
c30658bd-3f06-4c64-9cd1-fe0206a17e32,Ezequiel,Kuhnke,ekuhnkeb@free.fr,796-532-1356,7/15/1950
f4723a96-e3da-477f-ba29-2455217d50f8,Keriann,Greenhouse,kgreenhousec@networkadvertising.org,569-416-9569,9/16/1991
15f7b99e-e11f-407b-89a1-11433610c15c,Barrett,Thrussell,bthrusselld@alexa.com,350-369-8755,6/23/1971
75badcbb-08cd-4411-ad88-37e2d6b079dd,Kore,Gregor,kgregore@sciencedaily.com,623-983-9720,1/4/2013
c42f19cb-ccae-4a23-b425-6a99e02988f5,Hallsy,Hunnywell,hhunnywellf@cbslocal.com,549-771-6445,1/21/1937
8dedde50-2872-41cb-86cf-871bdc7e9562,Franklyn,Dearle,fdearleg@soundcloud.com,761-790-3896,9/14/2005
d5b0545f-5fa4-476c-a4a2-63b9aee80821,Frasquito,Loosely,flooselyh@netlog.com,623-157-2165,9/13/1979
45ffd928-aff8-4b06-9878-139db05f7eb0,Hartley,Asbery,hasberyi@biglobe.ne.jp,561-146-5000,1/15/1954
21d81c8d-c463-4826-bd28-67c5a70b21a4,Goraud,Shelmerdine,gshelmerdinej@reverbnation.com,887-414-7323,10/24/1976
d3c2974d-016d-4bfa-b6f8-32c62792bb79,Rhoda,Lovelady,rloveladyk@oakley.com,371-819-4116,3/3/1976
6c46bee6-cfbf-4ec1-bfcf-8002d2672f10,Antony,Fairest,afairestl@oracle.com,354-462-4777,9/12/1985
a38978c2-43d8-41c1-9916-704595bc4274,Jimmy,Ockendon,jockendonm@odnoklassniki.ru,336-450-7487,10/2/1956
9984caf4-a232-4b6b-90b0-4dd9989970d7,Ailsun,Bragge,abraggen@spotify.com,209-566-3370,10/13/1934
130dd222-94b7-4501-9354-b99de2a1c7b4,Harriette,Krolik,hkroliko@themeforest.net,595-145-9241,7/21/1955
2b257ccc-c21b-4704-9ea9-95e09cd4daab,Dian,Cud,dcudp@latimes.com,520-432-6861,3/18/1975
7c0da6e9-33b0-4ec9-8b57-bbd1d88c2f98,Suzy,Jiri,sjiriq@meetup.com,426-390-5891,5/29/2005
7267e14d-09c2-4b0f-9edb-22a5ca6ffbc9,Sonja,Gynne,sgynner@t-online.de,473-587-0845,11/16/1974
0ad8d812-f279-44a7-a2b6-87f8f071108f,Merwyn,Greenroyd,mgreenroyds@nps.gov,747-168-5570,10/10/1941
b3d5640e-3b69-4486-a7d5-3dc1d01f3b8a,Giordano,Giller,ggillert@java.com,190-329-0107,12/13/1935
9c3433ef-c31c-404b-bb3e-a8b214507897,Myles,Bolderson,mboldersonu@diigo.com,297-414-7720,4/27/1959
ad1b6f18-003d-468e-98ae-d924611fa206,Willetta,Frear,wfrearv@webeden.co.uk,578-828-6604,11/2/2000
094344c8-4863-4762-8c00-cadca40cd1c2,Vivyan,Birley,vbirleyw@blog.com,867-428-0078,10/24/1963
ccec978e-2349-4ad4-a4d4-65d7b1c649a3,Brigida,Goldingay,bgoldingayx@freewebs.com,800-838-1482,9/29/1948
1082569a-8e08-4333-9b80-40933ea81549,Finn,Juara,fjuaray@4shared.com,729-712-4274,8/27/1941
dab2a51e-42d2-49e6-8d7d-a9e845f49cc5,Benedicto,Braithwait,bbraithwaitz@blogs.com,125-645-4731,6/1/1963
6b2a2456-c658-47fc-9adf-020f556a3868,Julianne,Timby,jtimby10@vinaora.com,524-360-7550,1/6/2014
5ee6aea6-5971-4bc8-ba1b-940a6861077c,Stewart,Cresswell,scresswell11@independent.co.uk,823-676-8886,11/18/1944
d027dda0-ca90-4e20-8a10-6db288f1a7eb,Marys,Eldred,meldred12@facebook.com,803-693-5856,11/15/1954
41d8dbd4-299d-4956-a71a-03682bea1b90,Ludovico,Barry,,,7/7/2015
7ab131fd-b8bc-47fd-be58-97bfb405fbad,Janessa,Cristofolo,jcristofolo14@nationalgeographic.com,555-469-4489,10/11/1999
9a0b7a04-e98f-4914-b537-ecd2c556ddba,Lew,Archbutt,larchbutt15@psu.edu,575-752-4961,4/10/1974
3c7e8ae3-964a-4b5c-8afb-c4001ac91e32,Philbert,Speere,pspeere16@exblog.jp,849-662-9851,6/3/1979
478d11f9-592b-4d21-b3a5-f771033c6904,Eadith,Handke,ehandke17@ameblo.jp,158-861-0294,6/6/1990
f1041c90-fb38-41cb-830b-26fbbbfd3102,Tessie,Isaacson,tisaacson18@guardian.co.uk,842-634-7763,3/29/2012
4ed6bb19-1b66-4adb-8cee-9e6ef22a8bdd,Jackelyn,McCoid,jmccoid19@pbs.org,797-216-3189,10/29/1940
132b9c07-9d34-4053-9000-f9edcad19d12,Kristin,Keely,kkeely1a@mysql.com,870-189-4360,8/11/1947
1ee06554-90c4-4e4a-a769-e9e3701d4bca,Simon,Balma,sbalma1b@moonfruit.com,141-535-7100,4/16/1991
ce0a9103-650f-494d-a50c-ffe638e773dc,Carly,Itzakson,citzakson1c@etsy.com,189-388-4840,9/28/1975
0e808dea-1499-4ece-9a7f-bb9e856fe20a,Kathryn,Booij,kbooij1d@stumbleupon.com,995-828-6851,12/19/1939
a7d119e9-965a-48b2-872e-c07b1e561686,Andrej,Hitzmann,ahitzmann1e@auda.org.au,119-796-6139,
a6e8934d-739e-4b8e-bcd6-49de5bdf79fd,Reynold,Guess,rguess1f@go.com,727-845-1924,4/26/1971
532da33a-4524-47c3-8efc-7871a4fad2b4,Velvet,Turri,vturri1g@tinypic.com,818-124-7394,2/3/2006
c9163c22-1b34-42d0-a2f5-6117da0927b6,Emlynne,Russilll,erussilll1h@posterous.com,449-378-5917,12/16/1983
cc1d6647-a53c-4d78-8607-27077ff52ed6,Urbain,Harler,uharler1i@miibeian.gov.cn,453-105-3147,7/23/2010
7c9ee011-08ab-44fc-b9a0-bc6099277156,Bobina,Mucklow,bmucklow1j@barnesandnoble.com,907-496-4749,8/7/1969
5622131e-1c15-4266-9003-850d0e488b6c,Holly,Gant,hgant1k@walmart.com,244-389-1247,8/26/1983
6b5ed629-adbb-448c-b940-4bd7668c8f34,Eugene,Tucsell,etucsell1l@dell.com,168-319-7716,11/25/1984
4cbfad22-2683-407c-b3e4-5361c67b876b,Karoly,MacArd,kmacard1m@tiny.cc,354-960-9525,1/29/1972
776d62fa-386d-4350-bb3e-91919540bf02,Angelia,Bedson,abedson1n@census.gov,572-696-0687,1/17/2005
4f8826d4-e9db-4fc5-acd3-333d9c477062,Emmi,Paudin,epaudin1o@eventbrite.com,411-695-2675,3/21/1962
cbefb47e-92bc-42fc-b1d4-7366a21db6c8,Andrey,Allsop,aallsop1p@dedecms.com,271-541-7958,4/10/1960
e2eea96a-8826-4f53-b496-b8eebd30e40c,Jamill,Stammirs,jstammirs1q@devhub.com,953-666-5377,8/21/1937
a9c9528f-de1d-439f-9f30-899fd943f8b2,Aymer,Hansill,ahansill1r@angelfire.com,615-265-9298,10/2/1948
3eade103-d5a5-48d6-a322-2d011ae5a867,Allistir,Bonde,abonde1s@google.com.br,675-992-4882,10/16/1954
e5761834-8bd8-47a4-856d-08d8ef63b35c,Marthena,Heasley,mheasley1t@sbwire.com,267-172-1552,2/10/2007
760161ec-6e8e-4d2f-a438-72f990e60ad2,Lexy,Macklam,lmacklam1u@acquirethisname.com,601-518-6262,10/12/1950
a39295d2-5f79-4769-8343-5975a8047cc0,Cross,Verrell,cverrell1v@livejournal.com,698-800-0980,1/31/1954
46c39b53-4908-4258-adbb-945b98afebff,Bobine,Dougharty,bdougharty1w@live.com,963-896-8173,9/28/1958
b98aeda7-6b66-4a7c-9d22-291cd783af56,Leanna,Dowall,ldowall1x@cafepress.com,886-575-2832,1/8/2014
aa63c86f-a31c-495d-af0a-c8354238afc3,Terrance,Astill,tastill1y@mapquest.com,908-964-5528,12/10/2006
e00495b4-2c59-40a1-afea-af1c02d6c35b,Currey,Le Conte,cleconte1z@elpais.com,621-805-5358,11/15/1930
4680f922-e51d-4078-8fc3-f863e57a7fbb,Jayme,Brice,jbrice20@mozilla.com,759-342-9523,3/20/1939
0236e2a6-12dc-4fd4-9789-15200c2e6dfb,Lydie,Seldon,lseldon21@moonfruit.com,729-176-5409,2/3/1980
c2b3992b-484c-4b90-b8f9-e43fe584065f,Arly,Haucke,ahaucke22@lulu.com,803-113-9656,4/2/1977
65b3d4b2-2673-4df2-8fea-4c7ff586febd,Christy,Fittes,cfittes23@upenn.edu,817-700-4797,10/21/1968
b5cf2fb6-a281-41bb-92e8-51ac61084298,Annmarie,Pere,apere24@qq.com,318-393-9239,12/11/1970
23aa413e-e30d-44b6-ad61-5add3501b5cd,Odetta,Heindl,oheindl25@dropbox.com,499-648-7923,1/22/2010
4de5a9c1-8899-45ab-a1ec-96e6cbc9a13b,Orsa,Artis,oartis26@liveinternet.ru,826-100-1125,6/26/1982
aeae1cb0-15a8-4b88-b22e-e4e5e78a0c32,Parke,Shilito,pshilito27@sakura.ne.jp,301-782-9902,8/4/1934
5fe7f130-9315-4469-8b41-44eea6f7e142,Patrizio,Hurnell,phurnell28@businessinsider.com,380-423-7770,6/15/1952
4058ea8e-991e-4f17-9b31-f8e2b86efbe3,Wildon,Rowthorn,wrowthorn29@qq.com,836-367-1761,1/8/1931
ecc853d6-51d7-41f1-8e56-672e00e1bd74,Winnifred,Thebeaud,wthebeaud2a@umich.edu,853-738-5448,11/11/1933
2a036ce6-a707-47be-a12d-1b666e3ffa39,Raimundo,Aldersea,raldersea2b@nps.gov,272-412-8784,6/23/1965
1d3652fd-afe1-4c0c-ac75-3c68107804c2,Crystie,McReidy,cmcreidy2c@simplemachines.org,793-171-8567,5/3/1992
acf4b1ca-3969-41cb-ae83-9508f20a6203,Angie,McKomb,amckomb2d@msu.edu,245-544-1216,7/12/1961
ec17ec39-e1c7-493f-9f21-815f27c24ebc,Georgianna,Gettens,ggettens2e@gravatar.com,646-607-1958,9/10/1985
3bc54fb7-b2ad-4055-9dc1-ccaa95a32c73,Huntington,Hugues,hhugues2f@loc.gov,503-492-1283,2/9/1939
eb55ff09-84dc-43d3-8c8d-430143b31de3,Scarlett,Bergeau,sbergeau2g@weebly.com,813-273-5448,3/15/1958
4a3041e3-0f91-4bb3-93df-69dff361c16c,Billye,Rennox,brennox2h@telegraph.co.uk,272-172-1453,4/20/1962
4854e52d-fde3-439d-9253-9e8d2eddad52,Marcille,Walewski,mwalewski2i@fastcompany.com,992-306-4154,9/7/1980
432a156b-d0fe-4e29-b9da-3f7ac0073b34,Clive,Cobbold,,,2/12/1989
084b6acd-a399-4663-b7b7-b44e9194d7ef,Billy,Pulteneye,bpulteneye2k@furl.net,964-475-7766,11/14/1989
92b3345c-4c92-4b89-bdc9-0aea2310b452,Franz,Cuseick,fcuseick2l@pbs.org,350-288-8123,5/27/1935
082f6d9a-e324-4134-91c5-f84b75e58b36,Sydney,Nottram,snottram2m@forbes.com,352-257-6903,2/3/1967
ddda41a3-153c-4d32-8875-231cf73ce445,Melita,Wrought,mwrought2n@nsw.gov.au,723-934-7831,12/14/1961
075d8754-973c-45c9-b240-53b8c9fd00a0,Gran,Mariotte,gmariotte2o@youtube.com,665-501-7475,7/10/1945
b5e21a4a-8bc2-44bb-8cd5-9c214e22f8c7,Bailey,Dudley,bdudley2p@delicious.com,628-509-6162,11/24/1985
20941c0b-bc48-46e9-b27a-2f9fc27c963c,Isabella,Emma,iemma2q@soup.io,435-275-0689,8/28/1946
8f0ab447-63d3-4f7a-b8d9-cb10d28274a8,Carlie,Monier,cmonier2r@biblegateway.com,430-278-4170,11/25/1999
901ee22b-8699-4a62-9548-f1032df89311,Ariel,Cleobury,acleobury2s@dyndns.org,299-327-0263,9/18/1937
d2c44509-5c5e-46db-8944-5ad8ddc405c7,Luisa,Corck,lcorck2t@bloglines.com,399-377-4701,8/19/1945
9f49210e-c7b8-4464-a2f2-5c8edb07a9fd,Seana,Lattos,slattos2u@php.net,178-468-2673,4/9/1971
7f565e93-05b5-4a0d-bce2-b864ecde50b5,Hannie,Sokill,hsokill2v@issuu.com,458-952-4800,7/17/1961
aa538843-f714-486a-a855-076539867f0f,Franchot,Pranger,,,10/26/1954
ba14cce0-1b10-4166-aece-1c42943fcff0,Eduino,Trahmel,etrahmel2x@tinyurl.com,414-936-7414,8/12/1979
615f6faf-0f6f-447a-b98b-f46ee64f3635,Lanita,Goreisr,lgoreisr2y@behance.net,378-679-3838,12/10/1948
4ea9b953-4a17-480d-807c-fa3d8e35f281,Paddie,Whisby,pwhisby2z@mlb.com,671-809-3297,9/22/1955
f32496ed-42de-471a-a3ad-6c17de12d394,Joice,Grinin,jgrinin30@gizmodo.com,472-529-4227,8/9/1993
8a0db49f-07e3-4bb8-b263-43779d4c54d8,Nikolaus,Whitear,nwhitear31@cloudflare.com,499-930-1568,10/18/1984
4e808687-076c-421c-bdd2-0861aa0dd4ea,Krissie,Ace,kace32@mediafire.com,540-726-1867,5/27/1984
a040afe7-ec02-42b5-86f4-cb17d5f6f159,Janie,Burgoyne,jburgoyne33@patch.com,324-590-9864,9/12/1931
d91ac0b7-539e-4843-933a-8a922698afbd,Rem,Joncic,rjoncic34@mlb.com,349-328-4250,10/8/1955
407aa740-a62f-47c4-b6df-2052135b57d4,Bone,Fowell,bfowell35@dailymotion.com,851-911-8570,10/2/2006
b9c0c785-4afa-44e9-8b67-b46d112c12f0,Prentice,Conibeer,pconibeer36@g.co,913-723-8111,1/15/2013
da59fad4-ae8b-44b5-8030-558c2333092f,Thaxter,MacKellar,tmackellar37@slashdot.org,907-493-9558,11/9/1949
7e366831-34f8-485e-9ace-bb60bedf0d0d,Auria,Crawcour,acrawcour38@fema.gov,952-167-9068,10/12/1984
9a58be02-58b3-4dad-8550-1f05ccbfed9a,Shea,Mellows,smellows39@amazonaws.com,318-895-5766,1/28/1989
e5a696cd-e142-447f-8359-6251c08b3488,Baudoin,Frane,bfrane3a@utexas.edu,549-461-3868,12/25/1972
0fa628ec-999d-45dc-96f5-bf20ca5ea101,Gaultiero,Roantree,groantree3b@cam.ac.uk,502-592-4528,8/9/2002
a9926cb9-36a8-4be9-a0df-725f262475d9,Carie,Samper,csamper3c@prnewswire.com,294-346-5597,5/14/1952
2de4ee00-df03-4cc0-a176-15cfc284d3ce,Leilah,Killgus,lkillgus3d@shop-pro.jp,642-942-7111,7/1/1995
4fb7bc03-b933-4ca0-a6b0-824a3f86d32e,Tasha,Jikylls,tjikylls3e@mtv.com,321-153-0652,6/1/1972
efb25434-3981-4ea5-aa9c-4a539c5628ca,Claiborn,Jepson,cjepson3f@sakura.ne.jp,560-784-1215,8/4/1951
85cbf839-169a-4b5f-a891-71f707a8728e,Nissa,Gidney,ngidney3g@blogspot.com,588-913-5217,9/18/1938
5936af5e-b235-4772-9809-9db8c6690e09,Winnifred,Rieger,wrieger3h@shinystat.com,964-702-4767,5/20/1962
b98c6c57-4362-467e-bbee-39f47ade8561,Amie,Perceval,aperceval3i@wix.com,217-326-0362,12/21/1957
2fa860d7-b993-4b18-8d03-aac0ab2b7c31,Micheal,Butler,mbutler3j@mtv.com,301-300-0316,2/28/1987
adaddfbc-425c-4383-ae3d-0cdd3b59a46e,Cheryl,Daughtery,cdaughtery3k@elegantthemes.com,460-562-2158,1/7/1979
906687d0-ec27-42db-a38f-c63663deaab2,Sanford,Moyler,smoyler3l@ow.ly,838-436-4324,2/22/1998
cceddec5-b597-4a28-a5fb-24eda4136668,Rog,Speakman,rspeakman3m@abc.net.au,214-787-9306,6/5/2003
a498b2df-9ad1-4044-a6e1-482495577723,Lillian,Jedrzej,ljedrzej3n@house.gov,899-904-7263,12/10/1996
390bc8e6-7f36-4772-a4ee-773a9f08f9fa,Jacynth,Rodda,jrodda3o@ucsd.edu,425-139-1651,3/30/1953
fa02c842-4087-4c57-a454-c8282b07bf04,Shandra,Millea,smillea3p@prnewswire.com,914-911-3112,9/30/1985
d1c92a20-db5b-49cd-a447-4f1a1184a8e0,Allys,Broadberrie,abroadberrie3q@goodreads.com,124-882-1938,12/29/1936
8f42e73e-766a-448d-97ef-6867deb47617,Ellary,Osgorby,eosgorby3r@eepurl.com,398-845-3137,10/11/1990
114d8d2e-940c-4719-9ae2-5646cc81a8ad,Christiana,Cordle,ccordle3s@msu.edu,834-966-8493,5/29/1984
1f4d7693-9a29-4152-b4cd-189239591531,Norina,MacDonell,nmacdonell3t@cmu.edu,436-396-4151,
4cc359a2-352b-4f2b-8c5c-4e6c7adc595b,Xena,Baxstar,xbaxstar3u@amazon.co.jp,722-820-0123,9/8/1996
a68999d1-775a-4b3b-bcb1-eff45b22eed4,Albertine,Bumphrey,abumphrey3v@addthis.com,215-620-1548,7/23/1980
fd621f02-d013-4343-a2b1-ef0a4c3587db,Arlinda,Quant,aquant3w@paginegialle.it,947-976-7214,4/23/1980
be9e6178-b525-4b8b-b094-03d9c1d4096c,Caty,Clemett,cclemett3x@altervista.org,970-209-9309,7/1/1968
e39ab5db-cd7a-4457-b7d9-ebe353710feb,Obie,Lackeye,olackeye3y@google.fr,981-297-2825,5/19/1992
35a69748-30cc-4294-a0e2-5059c5de1798,Orlando,Delacourt,odelacourt3z@addtoany.com,105-408-6628,12/31/1956
40b4c088-05f8-4c39-9607-30327bcecaf5,Jackie,Henbury,jhenbury40@yahoo.com,757-838-6723,12/19/1943
dfd1fe10-c2d8-443a-8173-b3ee6a3068ca,Wilden,Vescovini,wvescovini41@latimes.com,113-690-6716,4/20/1974
9eafaf28-207e-41b3-9897-7fe6da18d4f9,Dorolisa,Maylin,dmaylin42@fastcompany.com,901-412-3539,8/30/1998
c36644a7-6a6d-4cb9-8cad-62532dd62f8b,Jemima,Griss,jgriss43@mapy.cz,632-434-4102,10/23/1948
f729ae7c-e397-4da6-882d-7201b59aaae7,Moses,McCusker,mmccusker44@gov.uk,268-940-0181,5/18/2010
33b7f9c7-4477-4a98-8a5b-f1a39e14f0a7,Sawyer,Edwinson,sedwinson45@yahoo.co.jp,692-415-9146,10/27/1935
31adef5a-d567-47ac-8087-7301065deaec,Hamish,Chadburn,hchadburn46@creativecommons.org,641-299-4153,2/10/1950
df143401-aba4-4884-8508-7c04e9d2ca8a,Meghann,Andriveaux,mandriveaux47@tumblr.com,551-815-8978,11/20/1975
f072f854-d632-4d14-b739-444050299621,Krystle,O'Kennavain,kokennavain48@1und1.de,659-644-1496,5/19/2003
f21d642b-7307-44e7-addc-e4a488438663,Johnny,Pratton,jpratton49@ucla.edu,573-772-3454,2/25/1954
babfd8af-1a34-4ca4-9d37-8b2eb161f38f,Arny,Male,amale4a@imdb.com,684-901-3027,9/11/1997
100fe698-78e2-40f8-8f93-1f5cc468de05,Hermann,Deveral,hdeveral4b@whitehouse.gov,938-976-1596,2/3/2004
ff74674c-1065-451c-843b-428c66d6ce82,Hilliary,Muccino,hmuccino4c@vinaora.com,253-877-3768,4/21/1999
8c3a1c59-cb68-4243-9769-519ceb53f6ad,Flore,Yerill,fyerill4d@symantec.com,349-658-3162,6/1/1988
c46c743f-442f-457f-8cb3-b40f08cf442d,Giles,Rundle,grundle4e@qq.com,322-857-2098,11/24/1987
c2e147b3-3b9e-4aeb-858f-328ccf556440,Micheline,Costain,mcostain4f@paginegialle.it,663-709-7756,3/17/1983
b9f26f79-6dec-48a8-be83-cab5d24577d1,Elenore,Drinan,edrinan4g@europa.eu,154-636-9820,9/30/1933
7cc6b022-db57-4c4c-b071-9919f413860d,Jeramie,Glennon,jglennon4h@marriott.com,840-838-7390,8/4/1986
64635060-70b2-4f3f-b337-f173c494c689,Amandi,Rodson,arodson4i@exblog.jp,248-200-2636,2/1/1953
7dfe3e7d-17ae-422b-ae15-606ae622d004,Ario,Livick,alivick4j@xrea.com,110-875-3913,3/25/1993
2e53c442-ef3d-4bfc-bc25-b6bbe945d299,Leona,Bleakley,lbleakley4k@columbia.edu,414-764-4249,3/1/2014
d22d1e35-3433-492a-abc8-4f2a34b25009,Tomasina,Rennick,trennick4l@fotki.com,610-484-7149,10/18/1963
4177ca4c-2937-41be-bd5c-6a8efe550615,Tish,Gibberd,tgibberd4m@ebay.co.uk,537-386-3041,2/25/1950
bda7af48-39c6-4236-9fd9-0eb03d65bd30,Fremont,McPhee,fmcphee4n@domainmarket.com,343-850-1366,1/8/2003
89de70c9-37cc-4693-ad2f-53594fc38eac,Nettle,Worters,nworters4o@devhub.com,268-787-8484,2/17/1986
715d148e-efc9-4d6c-97de-1a4f7d6c59f9,Mel,Ryde,mryde4p@bloglovin.com,634-100-1951,1/15/1978
cde309f9-7f42-4f5f-b82b-3c6ce3c9bd15,Michel,Archell,marchell4q@hostgator.com,189-196-7392,5/30/1937
f6ad9ae8-f570-44d3-8b7d-9f1c7f84aa0c,Georgeanna,Terzo,gterzo4r@networksolutions.com,597-390-6204,9/15/1971
b02937e0-97ec-469c-a438-a6ff45939803,Michaelina,Wink,mwink4s@baidu.com,593-217-1859,8/25/2005
62919a7a-033b-46b6-b5c4-630e580afc9d,Jefferey,MacLaig,jmaclaig4t@yale.edu,868-765-3367,3/6/1947
1396e9f2-404e-4d07-b90f-f8952f66b065,Nertie,Slad,nslad4u@miitbeian.gov.cn,605-955-3814,2/5/1984
126da0c8-4d76-4c4a-8e54-552213a5040b,Elyssa,Pott,epott4v@geocities.jp,782-855-2211,5/20/1946
5414755e-4632-4e40-b5cc-a941f7d13d99,Stanislaw,Bathow,sbathow4w@miitbeian.gov.cn,137-915-0500,5/24/1969
25dc8b54-6816-44cd-89c1-f256b00b74d2,Odelle,Derrington,oderrington4x@tuttocitta.it,910-546-7886,2/18/1991
82828eac-7815-4b52-a661-52af35fb5370,Rene,Felix,rfelix4y@time.com,759-456-7575,12/26/1951
feddd45a-bef9-48c0-8285-73e32db4374d,Nata,Culpan,nculpan4z@de.vu,982-119-2071,1/14/1971
7adfc06e-d6dd-46b9-990f-a1eed711ef39,Tanner,Menghi,tmenghi50@51.la,810-975-9723,11/15/1983
a4f0bd4b-c90b-4671-a671-eeb57163e16c,Christiane,Johnston,cjohnston51@blogs.com,317-430-9671,7/2/1988
501ae099-94c4-4c22-8e76-87c5d0c28a7a,Laurie,Weekland,lweekland52@bigcartel.com,510-709-2358,6/10/1980
082501d2-7d39-4a35-9f0a-9267046126e8,Mackenzie,Aidler,maidler53@blogspot.com,612-449-7194,3/10/2011
b885b3d9-5d7b-4ed2-832c-4467e58f427f,Tim,Zanitti,,,10/30/1941
0ddebfae-9925-452a-acd2-5816b0b80adc,Hobie,Tristram,htristram55@miitbeian.gov.cn,330-285-4038,5/5/2006
50c76ef0-d73d-4822-b834-155bf78b04da,Annabal,Spiers,aspiers56@nsw.gov.au,431-387-3704,1/24/1941
641cec20-01db-49ff-8e18-68727c70b76f,Birgit,Sutcliff,bsutcliff57@google.fr,999-426-7820,12/4/2009
3849cbab-6923-4955-9ff6-eb151f268f62,Kristo,Finnis,kfinnis58@timesonline.co.uk,270-801-0795,9/26/1998
17088070-0720-4fcd-8163-b8a0e8442870,Humphrey,Maskrey,hmaskrey59@is.gd,291-540-6000,8/29/2010
f4090d04-e8d4-4176-8332-ffecc15baca8,Sylvan,MacNulty,smacnulty5a@amazon.co.jp,530-995-2698,7/28/1989
807decbc-9b2d-45f3-8451-656c6113a1d5,Kizzie,Emeline,kemeline5b@japanpost.jp,157-404-4223,3/13/2013
af1f8298-214c-46d3-903e-6e42c4f5456b,Simona,Parlatt,sparlatt5c@mayoclinic.com,477-804-3400,8/28/1942
89c918d2-7cad-4332-b0dc-44cf27ca03b3,Arv,Mumberson,amumberson5d@hp.com,782-979-3756,
95bfbb37-0585-432f-972e-dddff641e603,Lishe,Obispo,lobispo5e@adobe.com,999-132-8752,4/23/1945
4c93fcea-0878-4dca-901c-ca4298b4ed62,Kennedy,Jeanenet,kjeanenet5f@weebly.com,343-348-2489,7/28/1998
f003d9e7-f2eb-41d0-89ee-f2e77e6c5dc7,Dorey,Culy,dculy5g@ameblo.jp,792-661-6124,3/31/1964
c0958c82-7d3d-4dda-9561-38703b88b332,Cherry,Kirley,ckirley5h@alibaba.com,454-900-8873,2/5/1980
fde4c0de-74e6-470c-a1e9-366f98dcd74a,Thorin,Gettone,tgettone5i@freewebs.com,540-489-1951,6/15/1964
64e14be5-6644-4c28-a635-6c25c406bff3,Vernice,Jenk,vjenk5j@abc.net.au,249-686-3152,2/4/1954
54dcc657-c71e-4765-abbb-323e5714f753,Nat,Chaffen,nchaffen5k@sciencedaily.com,504-450-5160,8/2/2002
ded9345a-5cd1-4d14-b25f-b90c4ca2dfe0,Ulrikaumeko,Ixor,uixor5l@fc2.com,714-550-3137,9/13/1994
16c089e6-e657-44ee-96d1-bd39d3c2ce82,Alric,Phant,aphant5m@forbes.com,407-243-4220,11/5/1947
45bb74ca-0635-4a17-8847-1572b94c0886,Reid,Smallsman,rsmallsman5n@ihg.com,915-967-6670,4/26/1975
87be9825-64e0-42c4-8f2d-f639da412300,Galvin,Gleadhall,ggleadhall5o@fema.gov,884-637-2052,2/8/1990
5f697437-6602-4d10-8fea-98f9506e9ae6,Callean,Renney,crenney5p@springer.com,457-888-1421,11/18/1942
c80ff695-0e9b-40c0-9f78-1241d7252608,Cybil,Maxted,cmaxted5q@weebly.com,198-545-0519,6/13/2006
99381ff5-e137-4925-8b05-f51ad913d3a3,Tina,Budgey,tbudgey5r@newsvine.com,205-768-6321,8/30/1956
5e98e779-0970-4f08-a49e-305d529884bf,Emelia,Routley,eroutley5s@wikipedia.org,341-738-5906,11/24/1943
08b6607e-7912-43f3-8a27-d6eaae84b6f7,Chicky,Bleakman,cbleakman5t@e-recht24.de,163-819-8953,10/4/1938
56a6aa84-60ea-403d-afab-d423228ba525,Valida,Iscowitz,viscowitz5u@chronoengine.com,190-185-4506,2/24/1943
b02884f2-77c9-413a-b2e2-f44d577cbfe5,Tadeo,Measham,tmeasham5v@google.it,810-166-3881,7/13/1968
75b3f6ca-8cf2-487b-a33c-7fd5cf8f6dbd,Jobie,Thewlis,jthewlis5w@angelfire.com,601-792-9807,1/30/2010
14fb1534-bccb-4732-a1be-aa4a541853a0,Bendick,Olivazzi,bolivazzi5x@mashable.com,318-652-8360,1/30/1946
665fe238-a199-45a3-9ca6-52a3f2188f70,Chariot,Nesbeth,cnesbeth5y@who.int,810-662-1576,7/1/1951
9b7e3784-431a-4597-86c7-9fb438f371d0,Lanie,Kender,lkender5z@ask.com,600-176-3018,9/6/1993
4dfc77a8-8f20-4c2f-935f-0085c1969758,Shena,Phuprate,sphuprate60@ed.gov,551-726-5805,12/21/1954
b1aad06b-a1d3-4e7e-ac98-024526e6f087,Dela,Grimestone,dgrimestone61@omniture.com,952-280-1349,9/10/1941
ef1e0a0f-d217-4855-9cb3-7208b32e498a,August,Perrycost,aperrycost62@answers.com,199-801-1842,8/6/2012
e155dc78-4c23-4888-9354-aa0b2ec105fe,Lona,Kimbly,lkimbly63@ft.com,752-913-2922,3/18/1976
27227186-4e85-44a8-826f-f6032d6ef227,Brantley,Powland,bpowland64@devhub.com,609-259-1310,11/24/1978
26f19c30-ba4d-48ae-acf2-f9f8a4ebb06a,Marice,Dunnan,mdunnan65@cargocollective.com,905-552-9134,5/21/1993
2b6b6000-d27e-4784-bf49-503361a59d93,Dene,Veschambre,dveschambre66@geocities.com,632-647-0422,2/6/1983
44d5c3f3-d19b-4a67-98f3-3e4c601e53b2,Robb,Neighbour,rneighbour67@yelp.com,615-135-9737,11/4/1984
43678b9e-24b9-459c-9e4f-5a5159b2d889,Linnell,Rathborne,lrathborne68@dmoz.org,746-921-3038,8/29/1973
dba7ef0b-5344-4349-af05-a8d1b10e9803,Monte,Murrow,,,1/4/1950
58f72285-3212-44af-8ebb-17c536aa57aa,Rustie,Mathey,rmathey6a@gizmodo.com,653-355-3222,12/31/1997
04e9e41b-b2b7-4935-ab78-b2e7ce689b5e,Hebert,Rousel,hrousel6b@squidoo.com,861-951-1029,5/10/1984
3d1ddaee-4f4a-4965-8845-c5cb83851e43,Kial,Conachie,kconachie6c@elpais.com,136-421-5025,10/12/1954
3920bf1f-3693-47a5-be50-1331f150b503,Filia,Cherryman,fcherryman6d@arstechnica.com,166-290-6708,8/9/1974
b43b793c-bc3b-4275-990f-2a957e1124e2,Seline,Heinzler,sheinzler6e@miitbeian.gov.cn,765-926-3166,12/14/1939
8efed6a0-2c57-4d77-927f-8940a4c51584,Kari,Doers,kdoers6f@nhs.uk,718-955-2767,3/31/1968
8970154a-b53a-45c8-b18f-87ad558842c5,Joletta,Dicke,jdicke6g@nydailynews.com,567-702-0281,7/20/1976
ffadbeba-02ac-4e7a-9a79-f81782a4421f,Ludovico,MacRedmond,lmacredmond6h@bravesites.com,568-186-1520,3/29/2007
cbae59a0-a6d9-4427-aa5f-562e6fdc9f65,Joye,Delnevo,jdelnevo6i@answers.com,143-409-7428,8/17/2004
13742186-5d18-467e-9eeb-3bc57159f09b,Gwendolen,Slee,gslee6j@altervista.org,317-736-6142,3/11/2000
bbb3598d-288b-470b-a5bd-8577fe49b955,Dulcinea,Trusler,dtrusler6k@dion.ne.jp,592-386-3837,5/20/1947
182808a1-27a5-4b0a-8c05-a3abb7ba96c2,Fanchette,Franek,ffranek6l@linkedin.com,489-285-8917,10/30/1956
aa689a76-6c44-444e-b445-131399770023,Basile,Baldacchino,,,3/14/1980
cb57bf22-423a-4453-9f21-a69d7fde982e,Wilhelmina,McAsgill,wmcasgill6n@dyndns.org,655-536-2877,4/30/1969
f458c5ff-5cc2-4b86-9480-49c303ca6a48,Hartley,Geleman,hgeleman6o@psu.edu,605-846-1428,12/27/1972
c3fe5dd1-aef3-4263-b846-6613b90c890a,Raimundo,Keasley,rkeasley6p@ca.gov,813-175-6365,12/9/1952
8a04e37a-c7fc-4215-b261-db86468ea7bf,Edithe,Asals,easals6q@go.com,606-990-8444,4/17/1977
23497a70-5280-46b8-a81b-c69ff219092f,Clemmie,Ivashchenko,civashchenko6r@yellowpages.com,433-211-6917,3/27/1954
64508ef9-f24d-491b-a7bd-534a49940618,Jere,Bussey,jbussey6s@cbc.ca,753-871-4833,2/6/1947
2bbb3f24-3c05-43ec-9ba4-4701a7b62a54,Korry,Lorenzetto,klorenzetto6t@a8.net,619-801-1530,11/8/1984
c9261ff2-f123-4e0b-a6de-528cf14ede71,Pepi,Brettor,pbrettor6u@over-blog.com,483-743-1872,6/16/1962
1c36e436-3696-40bd-9206-43a118f66435,Demetre,Klee,dklee6v@phpbb.com,612-297-6967,6/10/1951
e217ed8f-bd65-4d9d-ab2e-f1eb596c4d17,Marta,Lount,mlount6w@ed.gov,596-597-5267,3/7/1984
bfa0cf89-9b8b-43f1-a220-6b34ccadf0b4,Silvano,Inott,sinott6x@odnoklassniki.ru,799-514-3046,2/15/1984
6b7c5996-48b9-4833-9383-1a26d6a4fd7c,Mahmud,Folds,mfolds6y@who.int,215-925-9196,11/6/1961
e04a4f5a-bd0d-4e2b-94c4-b5941ce4c10e,Saraann,Lanchbury,slanchbury6z@smh.com.au,659-580-3514,1/7/1931
198bb657-77b9-4422-bced-01bf47447f2a,Jarvis,Seys,jseys70@ucsd.edu,676-918-0141,5/13/1958
5ddb7619-afc4-4fae-a117-d322e99e740f,Hyacinth,O'Scanlon,hoscanlon71@sfgate.com,947-227-5266,4/23/1991
cebb7df1-9e16-4813-9138-c59a78fa15cd,Hardy,Dellenbrok,hdellenbrok72@comcast.net,733-678-2049,8/12/1936
a9533fd9-e1ce-4b63-af38-6365ca5fe829,Griff,Baise,gbaise73@facebook.com,796-107-6591,10/22/1986
defcac64-36ba-4100-8bfc-c3a261d9451f,Carleen,Durant,cdurant74@soup.io,312-827-2094,12/24/1992
6bb43ed0-e40d-4b60-82e5-f6042e9ab209,Titos,Castillou,tcastillou75@blogger.com,284-134-2012,4/5/1971
6c02af07-7333-4f0e-baef-596f6b2ccb72,Uriah,Clawsley,uclawsley76@mtv.com,993-456-3144,12/3/1937
46833bf7-a375-4008-adc4-8b1f05a989df,Armin,Rosedale,arosedale77@unc.edu,729-980-3113,2/26/1949
ee750f17-e3f5-438e-b1ee-9e9321e8c9ec,Ignaz,Tall,itall78@netlog.com,487-720-0139,2/28/2014
5f8f9f0b-0cfb-43f5-b6c0-3b670498ec84,Farly,Rubie,frubie79@google.pl,541-205-1329,8/31/2010
cfa6be94-b20f-4a3c-9f03-6e691eb280ba,Sybille,Capehorn,scapehorn7a@japanpost.jp,878-765-4880,12/23/1935
283ec672-ed4a-4a5c-afc3-d1e5d5a139be,Averil,Chanter,achanter7b@tmall.com,220-389-6642,6/17/1958
95c55a74-25ad-41c6-8173-726b1dcf0406,Hank,Osbourn,hosbourn7c@vinaora.com,432-609-9478,10/3/1932
61fdeb56-c61f-467d-9259-74cf559c92df,Earle,Sendley,esendley7d@walmart.com,888-240-0707,3/8/1983
b149d4b6-2238-4b0b-b092-61a874138bf0,Reeva,Forst,rforst7e@rambler.ru,766-491-6315,2/27/1947
85fd7fd0-118f-440a-b850-1e9e9703f225,Jannelle,Darrell,jdarrell7f@imdb.com,111-485-3221,12/23/1955
fd3f0d33-d689-4558-8d3b-5cbfa6aa00ec,Barbaraanne,Lill,blill7g@nasa.gov,359-985-3849,12/31/1952
373b7e3b-5ab0-4d39-b3b5-d05764ddf07f,Terrel,Shattock,tshattock7h@cdbaby.com,624-668-7516,11/20/1966
710472ca-9194-4402-9b77-7f6a90ff1ec5,Marvin,Blain,mblain7i@blog.com,142-957-0668,5/20/2008
6df52d6c-f9d3-4a6e-8062-5cf7eb41be92,Rochella,Ealden,realden7j@census.gov,390-861-3035,5/18/1976
1fbbc446-1bf8-4e8c-81b7-0ccd450e943a,Quinn,Kime,qkime7k@drupal.org,288-117-7288,5/17/2013
09d0c3ea-bf3c-4249-9fd7-67f0df356ee8,Rayna,McCluin,rmccluin7l@marriott.com,563-211-8991,2/27/1947
22dbb17d-9248-4c82-b220-59b74e9823aa,Ware,Gowling,wgowling7m@nih.gov,166-925-4291,5/19/1978
b075539e-83dd-4823-88d7-65cc98f6debd,Kahlil,Blundon,kblundon7n@ameblo.jp,669-784-1450,4/12/1989
da2befbf-345f-452c-b6f5-6e817d8ba5a0,Devina,Rizzillo,drizzillo7o@ucoz.com,944-445-5870,12/13/1931
1771a0e5-11e3-4814-baf8-227290ffa74c,Marnia,Marians,mmarians7p@ovh.net,403-335-8023,5/8/1945
c663daf9-cf77-4943-a357-6c196c4bd648,Taryn,De Anesy,tdeanesy7q@thetimes.co.uk,951-860-7228,7/9/1966
54da69ec-eaa8-476c-b640-68d009ffe9f1,Linnell,De Andreis,ldeandreis7r@gravatar.com,555-279-6542,6/10/1981
cb2f0d94-b4cb-44be-b650-8608e6381ab9,Jeralee,Reynoollds,jreynoollds7s@narod.ru,113-262-5252,9/3/1952
12dca249-01a1-4cb0-91f3-8d0a46605d3b,Wilbert,Stille,wstille7t@tinyurl.com,568-567-1417,1/28/2007
6876d999-115b-48c7-a8a3-9351fcbb1817,Charo,Degg,cdegg7u@deliciousdays.com,397-412-5896,5/22/1997
bfb0800a-6903-4c12-b978-ae5c55b418a2,Shannen,Scargle,sscargle7v@blinklist.com,304-662-8095,1/31/1968
d945c5ef-89d5-4827-8ff4-61aa484da0b5,Felicle,Duding,fduding7w@deliciousdays.com,277-939-2370,4/30/1993
14e91b8e-6449-4da1-a141-ce621770cd5c,Abigale,Awcock,aawcock7x@ca.gov,873-831-1495,2/9/2008
e1a0321a-dfc9-4a92-b98a-941b3e328d96,Lesly,Sandham,lsandham7y@blogs.com,588-948-5708,5/21/1954
70e3dcc6-fffc-4acd-a428-c48c1f69683a,Irina,Di Biasio,idibiasio7z@google.de,977-988-7035,2/8/1945
4fbe7eef-112b-472a-a324-657698fb4a10,Nealy,Bouldon,,,10/22/1991
6fa9b6cf-cc51-4e1e-b0d2-7a35ddec6c41,Aura,Crighten,acrighten81@gnu.org,391-634-4072,7/17/1990
99c5c8b1-af30-4b99-93a2-adbfadf7cb4d,Josepha,Thaine,jthaine82@jugem.jp,692-958-3533,4/15/1959
1f8514f9-8df4-432d-923e-c4fff1e89677,Sibilla,Karpushkin,skarpushkin83@tinypic.com,257-718-7301,4/16/1974
66269ff2-efd4-4823-83c7-86fe12883c8d,Livy,Stopforth,lstopforth84@dropbox.com,163-489-8152,3/27/1947
145f9ecd-a8e6-40c1-853e-907eef67279a,Adolph,Lapworth,alapworth85@sitemeter.com,111-242-8422,3/5/1998
a026c02f-9531-4ebb-90c9-645e85ecfa99,Darla,Minshull,dminshull86@bloomberg.com,706-925-7490,6/5/1955
baef65f9-f2ce-4f3a-893c-048c75b381b9,Perren,MacLleese,pmaclleese87@ow.ly,720-734-1269,6/13/1976
65c10f33-0dc8-44f5-b6a3-ec0ee3ad9fe3,Virginia,Kaming,vkaming88@unc.edu,214-260-8662,12/23/1965
d315f880-19c0-4ebe-b92a-a447819332ba,Kirstyn,Hapgood,khapgood89@eventbrite.com,732-787-8844,7/28/1960
63076163-40a8-43d0-bbf3-4550f700f56a,Junie,Lowther,jlowther8a@bizjournals.com,232-130-3353,10/7/1937
c93439c9-4a8e-4d50-a594-09b8382a3ada,Allen,Dyzart,adyzart8b@qq.com,833-679-7264,9/14/1975
51cc3e01-6f98-4766-8ee8-aa1a77c4988a,Ernestine,Lyons,elyons8c@dropbox.com,622-443-7913,7/2/1962
c63ae928-ea64-4376-9bee-58dabdbaf1d5,Gasper,Bettinson,gbettinson8d@wordpress.org,316-527-9987,4/1/1941
e69727c6-bc8a-409e-beed-b810114a2ad2,Lesley,Ezzle,lezzle8e@paginegialle.it,931-282-2744,12/14/1981
6e48d758-e3b9-4ead-92d5-912869b8aed7,Farlay,Sutherington,fsutherington8f@cargocollective.com,256-292-3521,1/21/1944
84b4db64-501f-493a-965b-15405d22b43a,Tybi,Risen,trisen8g@cnn.com,442-112-2586,1/3/1971
0aceeb22-4c77-4d71-a901-e886be79f0f5,Lillian,Sherratt,lsherratt8h@arizona.edu,425-201-1732,4/17/1965
13228852-db15-4d40-b53d-1403963bd344,Samson,Farlham,sfarlham8i@mysql.com,958-613-7832,9/13/2007
91f097eb-ae68-4974-99a2-b21b74eb216a,Doyle,Crus,dcrus8j@illinois.edu,605-448-6781,12/7/1974
4e689043-a10e-4624-8c30-51e4e9d57998,Leonora,Fraine,lfraine8k@psu.edu,496-571-5028,8/16/1933
917d43bd-0413-4c03-ab45-8f66c4557ae2,Saudra,McHarry,,,12/30/1997
44a4b743-d0c6-4194-86ad-99d0c008f5f5,Peg,Pepper,ppepper8m@pagesperso-orange.fr,336-774-8571,7/31/1970
4283df7c-1ac4-465b-9b88-cc627fb26e40,Chelsea,Jagielski,cjagielski8n@msn.com,211-458-4686,11/8/1995
0d0dc7f9-bbc6-4ec5-8405-4e7b9f9ad036,Rourke,Jean,rjean8o@surveymonkey.com,136-841-8335,5/17/1980
31d70bb9-ecd0-407d-bcd4-7699d05b4a00,Brunhilde,Ecclestone,becclestone8p@merriam-webster.com,466-956-2426,2/16/1951
44f6a618-3083-4c1f-b3e1-8a35cc619324,Gwenora,Roantree,groantree8q@behance.net,535-692-4605,6/20/1954
f01d5ecb-fafb-472c-85e6-b9b84fb2cae9,Jasen,Hutcheon,jhutcheon8r@newsvine.com,173-313-2345,1/22/1971
9e3d06c9-82a5-4d09-81a1-75a7d772c14d,Calypso,Sellars,csellars8s@samsung.com,551-339-8476,1/31/1955
c51172a8-e2ff-41e1-bd51-0c8fd5ab4498,Garvey,Kibbel,,,12/30/2003
00e6bfe0-06f5-4a36-9efa-0ed5779a071f,Clarissa,Whitley,cwhitley8u@si.edu,440-195-0186,9/6/1957
44c3f90d-29f7-4fe5-873e-d7ec9820e810,Butch,Ewell,bewell8v@dot.gov,655-535-0142,9/29/1938
7c623082-10e3-42b4-9841-7f473353771c,Herbie,Ithell,hithell8w@paginegialle.it,749-551-0639,1/1/1936
bf1d9d94-225e-45ba-8a7c-740f057d12d8,Sonia,Clinton,sclinton8x@si.edu,355-513-8443,6/16/1949
4bc527c5-7d58-4f5f-976f-65a66870cfd5,Othello,Thiolier,,,8/31/1990
f116b7bc-9fd2-42a7-9d1a-7e884a1ee134,Frank,Schlagh,fschlagh8z@ameblo.jp,756-495-6763,8/11/1946
f871f7ca-78a4-43da-8ff8-6aaad3a334d1,Hildegarde,Sighard,hsighard90@g.co,318-598-7645,9/22/1984
ecbcb64a-30da-4765-a900-773b1d30d2ba,Yancy,Cremer,ycremer91@reference.com,954-266-4009,4/10/1980
3cc82cd0-40ee-4524-bf8a-3bf32433d1f4,Vincent,Kilmaster,vkilmaster92@booking.com,192-175-0185,12/25/1967
0a03a2b9-81e5-4db1-95c8-207b22bb9aa7,Burl,Dunbavin,bdunbavin93@tiny.cc,852-499-7558,5/13/1994
278c64f0-5ac8-4c6c-a836-860e8a25f661,Chadd,Vobes,cvobes94@a8.net,111-635-5367,3/29/2014
d49b99e9-a726-4b86-9da1-8613368e8bd6,Silvanus,Dieton,sdieton95@youku.com,265-686-1536,4/7/1981
7fc1e6ad-ced7-45c6-8a1a-e2d8a064e1c8,Curran,Liddall,,,11/11/1966
0e87c80e-1970-4b8f-bdb0-c0b2b438291a,Bernetta,Chessor,,,12/5/1978
69192298-a054-45c8-9760-4d089ae328f0,Felicia,Fairney,ffairney98@npr.org,280-286-9261,4/22/1973
d07dc410-f62a-4631-91b0-294a5f830516,Gretna,Holtaway,gholtaway99@vk.com,131-146-5022,11/27/1940
978e0e42-d521-458b-8169-8fea6fe6eb68,Constance,Dumper,cdumper9a@berkeley.edu,950-697-7970,9/18/1950
457d87f2-b2ac-42df-b8a3-89d0d4395eab,Tabbie,Kensington,tkensington9b@unicef.org,575-540-2066,5/6/2014
f117bb87-e0e7-41ff-8e9e-c1060b18ec73,Ahmed,Brittlebank,abrittlebank9c@infoseek.co.jp,722-309-2874,6/9/2009
5e4ff1d3-092a-41c8-99b3-e91bc1a9b057,Selma,Dorkin,sdorkin9d@buzzfeed.com,351-702-8403,11/9/1935
5da69b6d-80ba-4106-9cad-5014f44f4e40,Yale,Paolacci,ypaolacci9e@w3.org,709-688-6782,11/13/1978
edd3e047-816e-44c5-8884-521f73e87685,Cammie,Artist,cartist9f@blogger.com,637-126-5997,7/29/1972
4c27d2c2-b7ce-44aa-b706-ac78765ddaae,Gunar,Cheves,gcheves9g@latimes.com,998-764-5519,6/3/2008
bdd452b2-c973-4ba4-bcf7-c139de132c33,Clive,Batters,cbatters9h@pen.io,137-160-4814,12/12/1968
e637fbca-00d8-4bd2-9608-db5d820ca3ff,Nathalia,Vasiltsov,nvasiltsov9i@pbs.org,613-764-2431,8/2/1942
d682b3a1-3bcc-4ff0-a695-185d008d3223,Wyn,Wands,wwands9j@xrea.com,387-237-9841,7/2/1939
43ec31b0-67ec-488f-8082-12755b30f3c1,Noreen,Trevena,ntrevena9k@themeforest.net,101-708-6365,2/12/1957
e46de023-c06a-4de3-85a6-4d705c88014b,Quinton,Stapele,qstapele9l@1und1.de,755-751-3161,8/26/1978
2e8d2827-c08c-4004-aae5-e7c217c24fae,Filberto,Harbard,fharbard9m@paypal.com,470-859-5257,1/9/1931
74d246fb-e88c-464a-9bf0-2e02bdf58571,Marietta,Boggish,mboggish9n@xing.com,166-527-8399,9/24/1977
c8955e37-5803-46fa-9c11-58cfea43809a,Felicity,Meddows,fmeddows9o@washington.edu,919-848-2664,12/29/1958
9baf7071-8772-44ea-bd5c-b435dab1f6a7,Trueman,Ketchell,tketchell9p@quantcast.com,613-881-4227,12/29/2004
e9324102-8819-42a3-a0f3-471e98e802ba,Bessie,Hannigan,bhannigan9q@mac.com,217-441-3374,4/16/1963
acb41c5d-294c-463b-8a7d-d10c2030b144,Nada,Mesnard,nmesnard9r@sogou.com,951-108-3348,7/19/2008
ad40f181-6f28-4dbb-a1b3-e5b92332ae95,Ruy,Ianittello,rianittello9s@npr.org,768-308-1537,11/26/1931
8f2bf493-6c23-46cc-b755-b31034687de7,Rebe,Brunelleschi,rbrunelleschi9t@globo.com,127-232-0718,10/26/1930
dd796de7-2efe-4e8f-bb74-50a30a6f2ae5,Sharity,Grestye,sgrestye9u@free.fr,992-953-5145,2/13/1991
ef02c1bd-9c36-4bcf-b2f5-8d0f878cb76e,Ronalda,Bourget,rbourget9v@upenn.edu,920-472-8455,11/3/1944
726167e9-6809-4b0f-bedc-8707779807e1,Verena,Levison,vlevison9w@goo.gl,565-485-6864,12/13/1954
432bd489-d598-4b11-ac85-7101ab17f41d,Celeste,Filyashin,cfilyashin9x@meetup.com,629-791-1027,11/5/2002
a5dbf6fc-381b-48df-9158-5e7046d0c8e7,Nickolas,Boyland,nboyland9y@t-online.de,415-465-2297,2/17/1944
d1cd567e-6387-4ba7-81c4-3d5814a5b518,Maryanna,Francois,,,12/31/1979
a0dc1667-a9c9-40c9-a41e-2f082157a5df,Conroy,Crop,ccropa0@independent.co.uk,657-889-3524,3/18/1948
930ed49a-6ba9-4d95-9d4c-678a4fb79dc4,Bailie,Yuryshev,byurysheva1@marriott.com,797-871-2905,8/18/1939
d86d1288-48b5-4719-bcb8-8a3bbe624e7e,Gretna,Gillbey,ggillbeya2@bloglines.com,838-150-7832,7/7/1991
fd9f3341-ced6-45ae-8698-6c04b8c9ab0b,Romonda,Leaming,rleaminga3@jalbum.net,943-213-7962,10/30/1945
ecd3875d-1559-495e-a4e1-f7fe69db9ab8,Athena,Elnough,,,12/10/1994
247b0148-60b5-43f1-8b20-c8161daec4bb,Nertie,Greswell,,,3/9/1996
4f0b0658-2d76-4037-b460-9e57dd4475a9,Yovonnda,Hambribe,yhambribea6@hp.com,441-598-4413,8/4/1942
6f10f0f2-c15a-4477-b3ed-38d893d8d3ae,Henderson,Dahle,hdahlea7@cbc.ca,113-688-7762,8/4/1989
16fd9682-a6c9-4534-a3bf-63ad63f09509,Berke,Pike,bpikea8@odnoklassniki.ru,796-432-1901,11/11/2007
27146b9b-eb5c-46bc-aca6-d5078b1ecc88,Olvan,Haward,ohawarda9@oracle.com,541-949-7198,6/19/1991
09546d8b-58c7-4713-b59a-bcb5b557d4fd,Porter,Sawood,psawoodaa@4shared.com,710-359-7767,9/9/2005
99337727-46e4-418c-97e6-b452b0017396,Lucien,Ivanisov,livanisovab@google.com,149-323-6701,5/24/1999
6be686aa-caa9-4705-b49c-5fb64cbb52fd,Rosanne,Pakenham,rpakenhamac@163.com,677-644-1323,8/12/2006
d0816657-acf5-41de-a067-ddc95f819039,Carroll,Busse,cbussead@goodreads.com,165-145-2725,9/14/1974
5e69710a-6485-4f3d-bc70-8425b409fd71,Nickey,Garrals,ngarralsae@mayoclinic.com,426-214-3961,
7a23d0ca-ab2e-491d-bb85-ce0774a47d0a,Poppy,Minihan,pminihanaf@wisc.edu,506-229-3250,12/25/1944
aab72ee4-ef83-4c91-8485-ef6c07d6e8a5,Mohammed,Massy,,,
6ce0f5ec-eccd-4510-b2ec-37fd587499ba,Imogen,Ellard,iellardah@bravesites.com,464-327-0267,6/16/1989
a75395ec-47c4-4b01-93d3-5d5d84d85c47,Sydney,Benyan,sbenyanai@wunderground.com,110-212-3529,12/6/1989
f29bee70-c5f4-4b4a-a5de-dae4b0730843,Carny,Luca,clucaaj@amazon.de,103-349-2789,5/3/2013
257651cd-659b-4380-b800-f995b9bc2d82,Skipton,Davitashvili,sdavitashviliak@123-reg.co.uk,159-274-5544,2/13/1941
7781fdef-f674-4c9b-8d5d-c97d47e1c03d,Quintana,Gadsby,qgadsbyal@tinyurl.com,613-739-2880,4/3/1957
71cd18a1-c2be-4e6c-838a-3e2597c3db6e,Brig,Domelaw,bdomelawam@acquirethisname.com,110-532-7427,10/22/2013
2d0e4c29-fcf5-4737-a6e6-5cd7d33ee94a,Wilhelm,Giannazzo,wgiannazzoan@behance.net,857-384-0826,9/29/1948
544a368f-901e-4556-b002-8a2ad7965d19,Humberto,Billison,hbillisonao@amazon.co.jp,430-502-8302,
a23f1b9e-1715-44b8-a84a-48c389409ca8,Berkie,Yurenev,byurenevap@phoca.cz,775-892-1726,1/23/1990
4defd777-87d4-425d-a0d9-7907d99bd8e8,Vinson,Rattenberie,vrattenberieaq@ca.gov,164-392-7157,12/12/1989
5d5fbb32-8c13-4022-9cd9-b4ed7b74cbdf,Josefina,Brende,jbrendear@ed.gov,581-808-9414,7/20/2011
477acdb3-a021-459b-952f-c5b4b62aea03,Durante,Ajean,dajeanas@howstuffworks.com,624-794-4335,11/22/1935
99ee15aa-f5b7-4703-a83c-d734b1d86679,Denney,Rizzotto,drizzottoat@vkontakte.ru,867-434-8663,8/8/1952
861c2498-428f-4b54-a23a-0d2ce35fd760,Evania,McKeurton,,,6/16/2013
b0042e24-f745-440b-a76c-cb77d6bf8b5c,Peter,Ball,pballav@state.tx.us,832-173-7831,7/20/1953
bf3d98da-9d14-49cb-9a01-38c757fd2b44,Tracy,Diggens,tdiggensaw@google.it,765-396-8509,11/9/2000
c4045e43-54ba-434f-9721-cc07ed4757b3,Petr,Garrish,pgarrishax@google.cn,100-500-3443,3/22/1954
a807ea36-1f2d-49e9-aec7-4c7c9782edf4,Sheff,Skullet,sskulletay@google.fr,185-553-8705,10/20/1991
5479ae57-73c0-4132-9b37-1e94ce5103d9,Karlik,Laborda,klabordaaz@tinyurl.com,191-249-7314,3/8/2015
9213abb3-d75f-414f-9f07-98f326d26c15,Myra,Laible,mlaibleb0@blogtalkradio.com,404-904-4985,10/18/1968
fa8e55ff-602c-4dd0-97ae-3e6472da1a90,Agnesse,Barkway,abarkwayb1@newsvine.com,419-342-3994,5/13/1999
9e8a6e5f-5449-4432-8ecd-2ae522330280,Miquela,Robertelli,mrobertellib2@bigcartel.com,830-797-5549,4/14/1973
1eab768e-d5d4-4f07-ab9c-90685a8bd23e,Fifi,O'Hagerty,fohagertyb3@npr.org,978-786-9806,12/3/1991
347a233d-9de2-48bf-acda-ce2467a01388,Irina,Calltone,icalltoneb4@va.gov,195-770-9479,2/13/1974
6625192a-9935-4eb7-a91d-322a59b849f4,Kendall,De Banke,kdebankeb5@netscape.com,565-829-7680,7/19/2013
b08b3267-868e-4611-a40d-da09eea8c182,Verna,Rossiter,,,4/2/1953
48efe366-2dd6-4b55-be26-81fa8a129cfb,Virginia,Gooderham,vgooderhamb7@google.pl,262-697-4184,4/20/1990
21ecd85e-040d-4558-87fd-481398ba69e6,Kirbee,Melbourne,kmelbourneb8@walmart.com,629-735-1661,5/21/1937
a52bdc96-3a78-4f57-a7a3-f237a847e9dc,Reuven,Cheney,rcheneyb9@zimbio.com,780-453-6240,5/23/2003
06733322-de98-4307-b876-3566934e9145,Gregoor,Asals,gasalsba@webmd.com,605-271-9491,8/12/1956
2df7d9c1-4b55-49bf-a033-eec061c38e19,Vito,Arp,varpbb@latimes.com,496-632-6913,4/28/1953
646b4078-1d6a-4e0b-9b31-47fa5434d52f,Johannes,Scourgie,jscourgiebc@icio.us,297-519-3062,8/6/1958
015e031e-04f3-4bbd-9b96-1e999e88dde3,Wileen,Noell,wnoellbd@skype.com,306-819-9090,8/25/1994
276b36a8-7267-4a1b-9883-090d92e03b21,Coraline,Trevear,ctrevearbe@github.io,904-569-7380,5/7/2000
56257c91-e61c-4726-85b0-643c046fbcc6,Gonzales,Ayree,gayreebf@europa.eu,568-379-4291,2/6/1966
4e02c23e-e32c-4532-87ee-6f644f288004,Lenee,Thickins,lthickinsbg@omniture.com,791-317-9838,7/23/1935
da8f432e-5832-460f-878c-ac1974a1cdce,Natal,Bampforth,nbampforthbh@people.com.cn,422-646-8610,4/19/1956
64c363d9-6bbc-426e-a9bb-f6008ea02443,Zelig,Hyndson,zhyndsonbi@photobucket.com,229-200-7745,8/24/1961
918224a1-eec4-460a-b3ed-0de74fc86b39,Alvira,Tosh,atoshbj@alibaba.com,775-955-8561,3/10/2014
cd59afad-6589-48c3-8ad7-43c879b3d499,Hartwell,Griffoen,hgriffoenbk@google.it,356-501-5097,8/3/2010
43814a2b-0ae9-4d08-9af0-1366513b0943,Ninette,Blakeley,nblakeleybl@multiply.com,487-302-6362,
595379ec-5e8e-495e-b1ed-df4c1fa29ba1,Dale,Almond,dalmondbm@google.co.uk,165-463-1188,4/15/1946
37ab2bb6-a628-4c1d-b396-262224bb7cec,Farlay,Haymes,fhaymesbn@wikia.com,142-763-7366,6/18/2013
27d450f4-7b27-47b8-bef0-e4f5faf2b77c,Lamond,Spaunton,lspauntonbo@angelfire.com,436-760-8534,5/16/1952
d52caa3c-ce15-4b82-9c1b-eed563449170,Sari,Gason,sgasonbp@gravatar.com,174-592-2336,6/14/2006
8b4cf199-6331-423b-a15c-43ce664dc3bc,Bianca,Coyte,bcoytebq@chron.com,306-263-6979,10/5/1993
45889d6a-b521-4368-8198-15b1ac8ac31d,Jameson,Blowers,jblowersbr@woothemes.com,434-117-9200,2/10/1987
bbd041e3-7730-443a-b625-e74216592c8b,Demetre,Heavyside,dheavysidebs@uol.com.br,408-131-0763,8/1/1998
2555cb9e-f74f-4bd9-ad27-96f75e984532,Edy,McCorley,emccorleybt@dailymail.co.uk,419-495-6088,4/19/1991
de860961-17cb-4998-a91a-d921ec37f150,Drona,Cresswell,dcresswellbu@cdc.gov,623-762-1132,7/7/1995
e03d05ac-6a5d-4879-92f7-e984ee120787,Denver,Tearny,dtearnybv@nba.com,882-394-3548,9/8/1983
f95f49d3-44c2-4754-ac38-5c25fd5efbb4,Rossie,Matushevitz,rmatushevitzbw@ibm.com,702-422-7942,6/5/1993
4e84c394-ec38-4eff-b36e-2d6314f2e509,Puff,Longhorne,plonghornebx@xinhuanet.com,250-664-6560,7/16/1982
75f65888-36fc-4115-a60d-8f5967213bdd,Farleigh,Bowich,fbowichby@ow.ly,668-524-4990,11/15/2013
f89919f1-89d1-4282-88a2-f55b4534ba3a,Josee,Speak,jspeakbz@t.co,733-771-2282,1/11/1972
4bc73854-0df8-4168-98fe-30842b9c8f49,Tomi,Dies,tdiesc0@businessinsider.com,294-600-4916,2/8/1960
4f1795c3-9314-4f2c-b86c-831e245ca952,Tatum,Loadman,tloadmanc1@shinystat.com,687-121-7454,9/12/2010
c77c76ec-5470-4c99-9ec0-123c680e0cff,Dierdre,Blunn,dblunnc2@smh.com.au,981-349-2857,11/5/1932
5dfb6be9-76d4-48ef-9884-8392c666837f,Masha,Paolo,mpaoloc3@nbcnews.com,128-857-9806,7/18/1987
80fb8d7f-4793-45b9-9572-bbfb60973ecc,Drusi,Tirrey,dtirreyc4@youtube.com,553-520-5638,3/9/1989
4ab1128b-a282-4d4c-acc7-4a8327f8d147,Ari,Pestell,apestellc5@ox.ac.uk,430-100-8544,5/27/1979
e317e77f-2345-4f71-8e9a-03a15fd465dc,Noel,Layson,,,1/29/1959
36526bf9-cef5-473e-9a84-7c95133791ee,Marketa,Dunstall,mdunstallc7@columbia.edu,311-221-5401,3/22/2015
e0460e5b-1ad6-4f3b-ae4c-6268033d9679,Dawna,Coleford,dcolefordc8@java.com,717-855-7963,8/29/1932
9f4173d2-4f5f-4bfb-8e07-31b07e4fcb75,Mariam,Kilborn,mkilbornc9@theatlantic.com,712-894-8869,8/24/1940
dd679790-574a-47db-aae0-8efa96401abf,Susanetta,Codron,scodronca@typepad.com,637-442-9210,3/12/1933
8701178a-537b-4603-989a-b662017309d9,Meggie,Cobbin,mcobbincb@sogou.com,567-998-7037,1/21/1977
6b77e133-db61-4df4-b98f-be8d25b4e852,Charlton,Hadland,chadlandcc@wikispaces.com,743-658-3570,6/24/1975
813f2e0e-e8f5-4cfe-b1f1-39a606d9f4e4,Carma,Crampsey,,,7/28/1933
9d9f8c70-25bc-466f-9e9c-060d4be7f4c9,Amabelle,Bendan,abendance@dailymotion.com,159-835-0995,2/7/1953
2608e129-8edb-4cc0-a5ff-eede35369d1b,Tildie,Overington,toveringtoncf@jugem.jp,568-447-1569,1/30/2013
16bb0a01-4dda-40d7-9a21-cc388caaed25,Kiersten,Schottli,kschottlicg@fda.gov,626-814-4443,11/4/1943
389d2709-f4a8-49e2-bb06-a84bdf9c50f7,Raff,Rentoll,rrentollch@symantec.com,860-199-9235,8/7/2009
99e1b12f-5810-42d1-82eb-89c6ff39c845,Bill,Burkhill,bburkhillci@ocn.ne.jp,815-886-6156,6/19/2015
b3313637-491a-4b24-a3ea-8a1cd628b567,Dana,Mation,dmationcj@creativecommons.org,567-584-6815,12/10/1937
3c7115b3-a685-4f18-a57e-4af15f7e83df,Israel,Leonard,ileonardck@e-recht24.de,229-670-0530,1/9/1949
4b0653f0-ecc5-49b3-bbce-321cb5ba3aa5,Duky,Hollingdale,dhollingdalecl@irs.gov,511-660-6918,11/1/1930
a090c25e-ac4a-40c8-88be-097437546434,Jerrilee,Teulier,jteuliercm@wikispaces.com,948-801-4950,9/3/1969
ff448e97-faf8-4ff2-8e45-2d181d0e108d,Layne,Durrell,,,2/22/1940
fb5f78b0-33fd-4ea5-b9eb-1acdd5989c82,Hope,Scotter,hscotterco@ucoz.ru,578-583-5225,2/21/1952
6b8ee5bb-ccdb-4c90-97b1-54924d4a0b37,Crysta,Mallinson,cmallinsoncp@opensource.org,579-320-1466,9/8/1981
ed3690bf-13eb-499a-8b41-c763d55bd96f,Lucille,Tanman,ltanmancq@dion.ne.jp,764-244-6439,9/29/1946
d593e2f8-355f-4475-a037-44988ef49f8d,Baily,Cotta,,,3/26/1935
e70ddc0d-5e8c-4478-9b8a-97d855069017,Fredrick,Shortt,fshorttcs@ameblo.jp,956-650-0906,1/17/2011
e2bbb85a-e648-4397-a3a2-d03bbe43c563,Cleopatra,Brislawn,cbrislawnct@ifeng.com,843-986-3299,1/24/1942
42bc5daf-1d31-42f9-96e6-789315f86a11,Lib,Kaemena,lkaemenacu@samsung.com,254-728-6771,1/13/2001
b9d5ff43-e3be-48d3-ac23-d883ff8b7e8a,Rhodie,Meyer,rmeyercv@si.edu,550-510-5566,1/8/1953
7c3c5f4b-3b99-4b32-867a-b18df5a45e6c,Fredi,Joris,fjoriscw@google.ru,599-124-8130,2/15/1950
ea8ea7a9-1bc8-4026-9392-9fc0d9b7b39c,Felipe,Cordingley,fcordingleycx@ucla.edu,908-749-8386,4/8/2009
12a53c7a-2e03-4208-ab93-5e2d44052186,Paule,Dripps,pdrippscy@diigo.com,665-275-3333,3/3/1951
a9b1cc1e-f6c9-454e-b737-1f0defbaaaaf,Chiquia,Sapey,csapeycz@opensource.org,371-553-5558,5/30/1998
dad01131-0d3f-4a7b-a25a-d19bcb26d372,Anstice,Busher,abusherd0@mozilla.com,869-576-7426,7/21/1952
1cebeb15-237f-45d4-92db-ba6db862bde5,Coraline,Graben,cgrabend1@gov.uk,335-379-2681,1/18/1979
9c0d60d5-1224-4a59-a9bf-49a3cb982c0b,Jaquenetta,Doonican,jdoonicand2@shutterfly.com,430-981-9213,6/3/1962
bafa7411-7935-486a-9cb4-68858b81be6a,Caitlin,Stollenberg,cstollenbergd3@nba.com,735-339-2180,2/10/1958
94aa9fd0-efa9-4116-8e15-3320dabb6857,Calvin,Duckfield,cduckfieldd4@artisteer.com,525-686-4783,10/11/1995
7514d1ee-dcd8-4430-8590-57e099dcc54f,Lynnell,Domenc,ldomencd5@upenn.edu,563-686-6836,2/14/2008
43643e84-4f75-4488-88b8-8a23ddc844af,Felicdad,Littefair,flittefaird6@reddit.com,479-922-2660,1/12/1977
9795f898-4166-4f75-b226-ed58465cd5c7,Veradis,Bale,vbaled7@java.com,593-681-9742,9/13/2010
55646bb1-aac9-4cd5-bc7f-0403531c24ac,Pepita,Shrubsall,,,2/24/1989
d45a46ca-0c1e-4d7a-b9fe-72f89d0a6156,Darbie,Townsend,dtownsendd9@economist.com,866-546-7415,7/21/1989
e29eeaae-c91b-48c8-9bab-bff0a4fbaab4,Galven,Placidi,gplacidida@nature.com,377-251-1277,3/4/1958
83ada125-61c8-4b04-885f-5a27687881d5,Stanton,Trase,strasedb@hatena.ne.jp,264-771-1558,10/8/1999
c427305c-ceef-4d23-a27b-caed7ab0f04c,Bekki,Grolmann,bgrolmanndc@europa.eu,395-677-3570,7/15/2004
c144b933-2d2e-4ec7-a0b6-9e9df6b521c4,Warner,Collumbell,wcollumbelldd@ca.gov,458-308-5397,2/26/1944
808a9ae5-fb58-4e7e-9867-443db245d3dd,Nikolai,Seabon,nseabonde@blogs.com,364-740-4575,2/6/1996
9ffd0088-97ab-4273-bbea-566dd2da5f2a,Barnaby,Gokes,bgokesdf@dyndns.org,453-194-2817,3/27/1994
6e780d17-fa93-4857-a8ab-493c87330d09,Skipton,Huthart,shuthartdg@seesaa.net,891-159-0235,11/25/1977
da274caf-2baa-4381-bf05-38411f09e38e,Delano,Whenman,dwhenmandh@seattletimes.com,456-694-6001,9/5/1960
73e16ce0-fd36-4c68-b936-a6b45fa821fe,Shannon,Oldroyde,soldroydedi@nydailynews.com,259-356-0749,5/26/1937
0c799010-608f-4ddc-bf87-62687c66d6bd,Arney,Yekel,ayekeldj@icio.us,231-983-4912,6/29/1940
f31a5914-b8f7-4bfb-b024-40caf11088ae,Baillie,Toulmin,btoulmindk@utexas.edu,994-471-3351,7/14/1936
7e4834b5-70ba-44c9-83aa-522877e4ba36,Lionello,Moulton,lmoultondl@pbs.org,202-475-9008,2/18/1946
d7c2d56e-85b2-4152-bf52-e744b9831cdf,Dasi,McConigal,dmcconigaldm@pinterest.com,388-596-9365,7/3/1996
6c00818f-2f6a-4417-93fb-ee81edee079f,Pernell,Hughman,phughmandn@state.gov,226-591-1616,9/30/1997
2ca338f5-a415-41bd-b58d-e56217f1e18d,Lynea,Wreak,lwreakdo@google.de,114-901-4042,12/25/1931
73df86d3-3cc8-4002-8c9a-95b6c62d0035,Anabella,Coppens,acoppensdp@spotify.com,614-757-9323,4/7/2002
0d6b1462-5dfb-4181-856b-9e69d4bf93e7,Jemmie,Iorns,jiornsdq@facebook.com,175-780-5897,12/6/1940
633502a4-0bac-41fa-8e00-3f48cd3de40c,Lisa,Clace,lclacedr@army.mil,646-860-9529,7/22/1952
124f859c-0f57-4334-b1a0-f67e3594c691,Belle,Easun,beasunds@msn.com,798-351-7560,5/25/1940
e1cb049a-7b6c-4ab5-ad1f-63a6875a26b8,Eldon,Henken,ehenkendt@youtube.com,905-534-8034,2/3/1960
2d876c9e-556d-4044-9f48-41b50b5df17c,Sonny,Swayton,sswaytondu@intel.com,659-217-6522,2/22/1935
b73bfbc3-7123-4447-a892-a32450fd5e8a,Em,Zellick,ezellickdv@earthlink.net,387-659-2905,4/11/1935
92de9869-23a7-400c-a509-381899c68395,Joshia,Pasby,jpasbydw@mapy.cz,252-482-6526,8/30/2012
dd535c95-d5cc-497b-98be-c87186e9edff,Myrilla,Fideler,mfidelerdx@unblog.fr,331-632-3210,10/11/1961
01715b43-4fd8-4c3f-8118-a924eeabf644,Derwin,Beric,dbericdy@multiply.com,553-913-6796,11/25/1996
76fbb06e-147c-4e3f-869d-56ebb6817c91,Arman,Berriman,aberrimandz@a8.net,892-747-9222,11/9/1978
bb3ff7f9-d6f2-47dd-ae0d-846ba38ea079,Shayne,Robbel,srobbele0@artisteer.com,986-401-9319,8/25/1943
1ce14a8d-9e9a-4039-9104-7e156168c90c,Saxe,Hanse,shansee1@stanford.edu,879-272-2496,2/9/1991
1f641b01-6dbd-4220-b04c-ce18f6e5e6c2,Emmett,Beards,ebeardse2@mit.edu,402-212-3196,1/22/1935
47bb7095-35a5-4800-bde6-b570389f9dad,Murdoch,Algie,malgiee3@infoseek.co.jp,223-252-2857,3/1/1994
56414e87-9f4e-44a9-a900-7aadef9616ae,Tammie,Packwood,tpackwoode4@t-online.de,213-204-7440,11/13/1941
d171c885-1e57-4cfd-a88d-c64b2bf56c82,Sebastien,Coatman,scoatmane5@boston.com,894-735-7599,12/13/1978
af472cda-9061-4741-965d-a1604a3f823f,Rikki,Chesman,rchesmane6@harvard.edu,904-725-2407,12/29/1952
069d18f8-86b6-43c1-9ed9-cd77cbb66fd2,Kamilah,Gors,kgorse7@sourceforge.net,560-811-7892,8/26/1989
c481ada6-47f6-4268-9cc2-f3d734a331eb,Dorey,Leahair,dleahaire8@hugedomains.com,173-333-8929,8/23/1959
22705a49-b75d-4fd4-91af-e573e7bf9d61,Nollie,Kleinber,nkleinbere9@cnn.com,495-272-1802,5/23/1975
18114021-cd69-436d-b45f-499ba70787d7,Ryan,Aasaf,raasafea@shutterfly.com,529-129-6632,6/25/1951
b9e5e10f-48e9-471a-bfc8-b17359f07a26,Gwenni,Fache,gfacheeb@networkadvertising.org,180-905-4313,9/8/1988
02837d80-a789-4337-9c18-1520afb36aba,Findley,Vedenisov,fvedenisovec@myspace.com,420-215-1833,6/3/1950
bb9ae5ad-577a-446b-9bfb-2d620f6fa00f,Leola,Sickling,lsicklinged@example.com,182-788-8194,5/1/1978
3977ee0a-3314-4223-b467-8db77c3525c6,Edmund,Dalgardno,,,10/27/1957
80887719-1428-40e6-8a96-5dbcf4aa9490,Jody,Cabera,jcaberaef@liveinternet.ru,678-310-7653,6/20/1958
203e8c85-9990-4f82-8f4f-a09762307f04,Gertrud,Millwater,gmillwatereg@oakley.com,647-961-4298,3/30/1949
80685d2e-14f3-45da-b259-0ee43a796561,Gabriel,Risbridger,grisbridgereh@yellowbook.com,811-867-7738,7/31/1944
3442606b-f8e2-4dee-9aae-6d9be2937ecf,Leroi,Pocknell,lpocknellei@wunderground.com,958-268-8940,1/1/1963
2500a077-bef8-45bb-8356-d5e22484a3d5,Beverie,Label,blabelej@google.cn,633-703-0066,2/10/1962
55292cd0-f9a3-439a-bc87-9e117eac8fb2,Natalie,Randle,nrandleek@google.com.hk,435-176-1879,2/7/1978
57ac202e-d014-4d37-8e52-14d8ee47d311,Malchy,Kordt,,,7/28/1984
1535c854-6d08-4dfe-86c7-2565d119b430,Kacey,Humphris,khumphrisem@yandex.ru,149-351-3009,5/2/1970
c5af65eb-184b-4016-abb9-5216dd575cdb,Goddard,Napper,gnapperen@sakura.ne.jp,413-456-6836,9/14/1980
d1169dea-713a-4916-a0f3-8b994fadeea4,Ethelbert,Crowley,ecrowleyeo@google.it,282-963-8501,2/12/1937
21a73a87-c9d4-45cb-86b6-a2d8605b8cab,See,Toffoloni,stoffoloniep@wp.com,611-459-1854,1/27/1964
416eafa8-2332-4e91-8a71-5844bcbab315,Aridatha,Dukesbury,adukesburyeq@ycombinator.com,438-929-2522,9/3/1934
8f1e0d50-bd26-4167-be71-8b5439a8a792,Rois,Skeldon,,,10/5/2001
155382d5-082f-4144-b54c-e770b0dd7d0f,Gayleen,Luckie,gluckiees@eventbrite.com,794-422-3452,2/22/1942
c0905cbf-125e-47fb-9002-15b1ca367afc,Gladys,Ingyon,gingyonet@ycombinator.com,635-439-5340,9/17/1999
7d06d926-72d2-4c5b-8388-7ad587586e1e,Otha,Burgher,oburghereu@ox.ac.uk,734-386-2768,4/9/1945
714e4b40-34ab-43f3-88b7-d7afbaf8791b,Othella,Scarbarrow,,,11/19/2014
d248e40e-bd76-4f24-920f-5c9540b50c1d,Galvan,Feltham,gfelthamew@springer.com,814-879-4404,8/17/1979
a5a8d649-96e4-4746-9ec2-63757c91710e,Jenna,Lorkings,jlorkingsex@senate.gov,747-397-0854,2/24/1991
f202b90a-3694-463e-8d0e-b05fee14dd60,Demetrius,Barenski,dbarenskiey@pen.io,145-108-5703,5/25/1951
4190051d-5190-4082-9bc1-4abbf3c2e70e,Venita,Scoular,vscoularez@w3.org,339-979-1833,12/25/1964
6addc954-b785-4005-83a0-4d75ca9de0d4,Hall,Ternouth,hternouthf0@prnewswire.com,923-497-5740,8/1/1985
fc7ccd2b-8009-4dc4-b0ca-b8623ee0703d,Stephen,Beneyto,sbeneytof1@prlog.org,427-452-2457,6/22/1936
cbae2a44-1581-4808-a9f3-90798cd83891,Gilli,Lawlance,glawlancef2@slideshare.net,566-440-3873,6/29/1965
058c8464-bd6e-4aad-becc-313393ab07dd,Malissia,Halbert,mhalbertf3@gnu.org,819-711-9215,2/25/1973
b37a5c9e-213d-45c5-8eca-ecbfc59da30a,Fionna,Sweetman,fsweetmanf4@xrea.com,985-643-8622,12/12/2012
4834a307-1221-4698-a419-9406c8a2457a,Brenda,Moulin,,,1/14/1981
5dd45b38-d359-49ba-b3da-043ef650ca86,Lion,Asch,laschf6@hubpages.com,276-573-5321,7/24/1957
cc171052-fcd7-4d0a-8c85-8906966363ed,Ted,Presland,tpreslandf7@4shared.com,428-263-6418,2/18/1955
1a5e2b6e-870d-480c-be95-bd6fed72f730,Cointon,Wyatt,cwyattf8@craigslist.org,632-501-6312,12/4/1984
2222aeae-9368-4b15-812f-1cf046e647a9,Wilona,Stinton,wstintonf9@wordpress.com,813-859-6683,12/22/2004
448a2721-6c94-4190-962b-5b934c95071b,Stormi,Bridgett,sbridgettfa@theguardian.com,412-537-7783,9/9/1974
ac650dd0-bf91-4eb7-a8e8-8788d1409165,Tuckie,Loosley,tloosleyfb@icq.com,809-369-8332,10/20/1971
8168ad3d-8946-476b-80f4-5a79272f9ac2,Madeleine,Ridde,mriddefc@ucla.edu,230-961-7184,11/2/1956
5f762d4c-3d81-4a35-b379-8325a422fd3d,Calli,Soltan,,,8/19/1997
f7b2cd21-6c79-487b-9a8d-920ee28104b8,Kimbell,Cabell,kcabellfe@phoca.cz,534-798-5807,10/7/2006
1c4f9a88-428b-43fe-96f7-475275af202d,Harlin,Candy,hcandyff@amazon.co.jp,273-587-2455,10/25/1946
be397394-b57f-40c6-b8c3-1237f0c3526d,Prissie,Winfred,pwinfredfg@geocities.jp,490-832-3760,4/22/1946
12a01b97-ebc1-4489-91b5-4164916edc0d,Ceciley,Robertucci,crobertuccifh@about.me,476-805-3854,8/27/1980
6608c5ed-29b1-4ca3-a087-291521221ec9,Paquito,McCuaig,pmccuaigfi@drupal.org,761-999-5025,2/28/1959
2757aeff-ddf0-4bcc-8724-0457cce2660d,Pippy,Le Grice,plegricefj@purevolume.com,580-223-1471,8/13/1942
ca907370-7219-4b76-a1ae-5691130f8098,Kimble,Athelstan,kathelstanfk@a8.net,998-909-4142,9/3/1976
8a296282-2f5e-4039-9706-6cd65196aded,Jerome,Hamblington,jhamblingtonfl@noaa.gov,760-167-1584,4/25/1951
3152c8c8-5667-4273-ab20-faf80228afea,Cory,Sher,csherfm@bbb.org,615-351-8931,10/2/1959
f6454bbe-53b0-405a-9a0b-d941b71a2a9f,Baryram,Heberden,bheberdenfn@feedburner.com,885-849-3706,8/27/1978
ee9a9270-9e87-4532-99b6-ef0d047fcc41,Tim,Bamford,tbamfordfo@ow.ly,116-249-1035,3/30/1943
bf2f77a6-4db1-4a52-8619-b78b598ff615,Berti,Craster,bcrasterfp@ebay.co.uk,919-904-0856,1/8/1942
1a70a7b8-f896-41a2-bbf4-62c6c5f4ec29,Christoforo,Nan Carrow,,,9/8/1984
b89327b3-9cf7-4be6-9ef7-c07806a07f1d,Amble,Messenbird,amessenbirdfr@springer.com,100-158-8500,12/1/1945
26ff08f7-ecff-4ee3-8b10-85214d01f922,Bartie,Knappe,bknappefs@archive.org,854-208-5424,12/31/1987
8448f74f-0316-43bb-8f66-96ef6a4560d8,Yehudit,McCallam,ymccallamft@biglobe.ne.jp,468-406-3739,9/11/1982
6ab8ded1-f614-4826-8bec-08043925ffe3,Helenelizabeth,Spraggon,hspraggonfu@chicagotribune.com,615-568-2472,7/20/1952
21a79594-297a-492b-8c3f-34e3fa0fc098,Roxane,Offin,roffinfv@printfriendly.com,712-504-7402,7/22/1995
77554728-10b2-4d3f-8567-df8d29571f19,Barby,Potell,bpotellfw@google.de,480-600-8151,10/21/2012
0fff0c4a-0bbc-4592-933f-b464c7ccb2aa,Marielle,Firpo,mfirpofx@wufoo.com,455-793-6177,10/11/1982
f5b1b895-b124-4bb1-954d-722bd712b43b,Lanny,Wharf,lwharffy@cbc.ca,995-767-3658,3/11/2003
33683940-4c12-42dc-bfce-4abcc2920feb,Otto,Giddins,,,9/8/1953
02ce22ec-2400-4bd3-ab80-c31203ccdb4b,Morlee,Walkden,mwalkdeng0@sciencedirect.com,510-925-6144,4/1/1965
9042edb7-1b4d-438a-a77e-cf579f91dde1,Marianne,Domleo,mdomleog1@yolasite.com,489-907-3808,5/17/1937
0faa8415-84a0-491c-8612-97a913531bce,Chrissie,Pittel,cpittelg2@amazon.co.jp,442-343-7131,1/15/1974
aa80509f-dada-4316-bf7b-873074cc9b82,Glynis,Spurgeon,gspurgeong3@vkontakte.ru,832-431-4983,6/2/1951
d1dfeb6d-0ca0-47a4-b6c3-d0f5a158b088,Ezri,Spilstead,espilsteadg4@oakley.com,212-376-1123,8/30/2004
b2a3a390-b9bf-4ed1-9824-ebc3206025a1,Spenser,Whetnell,swhetnellg5@4shared.com,305-900-5510,10/16/1972
42919535-019b-4b42-b5f7-6df108f2c9a8,Ilysa,Foort,ifoortg6@woothemes.com,757-652-4480,4/25/1976
23b4c93c-b860-44bf-af5e-0ed1f55fec37,Fiona,Fandrich,ffandrichg7@delicious.com,509-572-7741,5/25/1953
4ca0362e-b3b6-4abe-af4c-617c2f2fe877,Lucien,Scanterbury,lscanterburyg8@51.la,637-654-8664,3/4/1962
d4705a81-ec37-4d3e-bf08-e2fdba978107,Waldemar,Guiel,wguielg9@naver.com,305-375-0999,11/2/1965
8920afd9-dd24-4286-94c2-d151754382a0,Brad,Rosenfeld,brosenfeldga@china.com.cn,465-773-3969,9/22/1997
e4e7aa6e-f080-44de-8401-b0257239974a,Katinka,Scimone,kscimonegb@4shared.com,542-876-3120,7/26/2008
a8270d19-c59b-44bf-9619-4496a3047f00,Jenna,Prendergrast,jprendergrastgc@joomla.org,953-504-2495,7/20/1944
0f51b938-7c6f-4816-9472-cd51653cb106,Joby,Bernardotti,jbernardottigd@cnn.com,815-500-2077,2/14/1961
f5e5e5ea-3738-45d1-a843-a25628b42077,Roderich,Bootman,rbootmange@so-net.ne.jp,915-963-7094,3/16/1941
d5544505-5bf2-465f-86d2-74231f9a7800,Griffith,Cecchi,gcecchigf@printfriendly.com,273-116-6357,3/5/1934
95abc994-96b1-471c-b86d-06de062c7d95,Sharlene,Fenelon,sfenelongg@berkeley.edu,324-793-6931,9/1/1955
75a97fdd-fa92-4f4b-b33f-7c5667259e7e,Giacinta,Matitiaho,gmatitiahogh@i2i.jp,315-184-3948,3/2/1966
6ad3f902-3aea-43cb-8b97-8872f3593b4d,Luisa,Cicetti,lcicettigi@amazon.co.jp,926-892-5551,10/5/2009
3cc4c8ff-b36f-41bb-8622-4b3fa2c8f19d,Ebenezer,Feaveryear,,,1/6/1958
ac27ee0f-8361-4fe9-aa38-c0e51edb8b99,Sybyl,Spellesy,sspellesygk@blogtalkradio.com,378-437-5710,6/3/1988
e058fb32-5a8c-4e33-8500-67a7cc53bc6d,Randy,Whetnall,,,11/9/1960
fc432a90-1d29-4d55-89c0-bb333e3ca493,Marcia,Francesco,mfrancescogm@va.gov,836-348-2813,12/7/1980
6f017a0c-1ed9-49c0-aa46-b07484dfdb3b,Svend,Alcalde,salcaldegn@cam.ac.uk,774-884-9985,4/2/1976
8ff2f459-2191-4730-9e6f-47692716e1a4,Noland,Ellaway,nellawaygo@nature.com,682-743-9177,8/2/1966
a9686a4b-4fb5-4733-bdc3-7d9fbdc5a8a7,Lyssa,Ilieve,lilievegp@weather.com,561-810-4597,7/2/1939
c15df47e-8759-4cc0-bffe-747165f121fe,Maximilien,Willowby,mwillowbygq@bing.com,840-576-3368,3/9/2007
b02ba37a-3fcd-472c-b42e-737f668da2ca,Godfry,Tumilson,gtumilsongr@homestead.com,259-915-5855,4/25/1942
fecca528-913b-448e-9a0b-50315ba63adb,Wernher,Sonschein,wsonscheings@engadget.com,273-864-5003,4/9/1973
541b8e71-47a2-4902-948e-cbde2f580f40,Susana,Belin,,,8/29/1958
d0d74822-5ac5-4639-b19e-1bf12b0a1218,Sonny,Godden,,,4/3/1971
90d9c082-1460-46ee-abd5-d221be04eeb0,Duncan,Culleford,dcullefordgv@uol.com.br,863-621-3055,7/4/1984
2e8acb01-f1c8-4063-8639-00dc8d059e90,Alaric,McCoole,amccoolegw@senate.gov,860-183-0783,8/23/1943
aa8e38a1-a236-4065-a798-64be2d3bc03a,Josias,Proudley,jproudleygx@hp.com,478-639-1969,7/2/1935
2e2f211d-59be-4746-8b28-879d2088d45e,Byrann,McKilroe,bmckilroegy@symantec.com,171-987-9642,4/20/1995
4fe9d00b-8928-4d36-b0d5-42e70728ac5a,Zuzana,Murrish,zmurrishgz@ucoz.ru,878-927-3832,10/30/1995
7bc4c714-0880-4fce-9ccb-a8aa612291cf,Alleen,Hurn,ahurnh0@myspace.com,247-143-4210,1/14/1987
811577f3-4b33-4d93-97e5-d4f4227caaaf,Addie,Silversmid,asilversmidh1@cbsnews.com,814-636-3414,12/11/1970
e17bdea6-6236-45a1-8b7f-81fc3c41c7fa,Hakeem,Woodfine,hwoodfineh2@soup.io,465-385-7030,1/2/2004
1179154a-b9ef-454f-89a2-db681667e480,Holmes,Stanex,hstanexh3@gov.uk,552-715-3015,3/31/2002
20f58e59-bdfc-49d9-bd0a-3cd5a45dfe56,Jareb,Southcombe,jsouthcombeh4@unicef.org,615-659-2592,7/19/1982
39dc2031-d722-4c54-91a7-9e6c345e5dbc,Burty,Ricart,bricarth5@wired.com,121-339-2824,1/16/1983
15906879-4c80-4926-b6e4-88c9ddd3a58a,Trueman,Shoulders,tshouldersh6@arizona.edu,727-329-5375,5/9/1998
ea0d3ae7-8fa6-4a9d-b2b0-dc6b9c8df9c4,Clayborn,Uc,cuch7@amazon.co.uk,514-950-6915,4/13/2007
e1e876be-d870-461d-9c13-c8a0227c8965,Karna,Wroe,kwroeh8@squidoo.com,899-410-5816,5/6/1991
58b0a634-3fb6-4b5e-badc-a7e896695d0e,Natty,Baglan,nbaglanh9@aol.com,704-719-1113,10/18/2001
6db3632f-829d-4f73-832c-c4518c0830f0,Marcellus,Hearsum,mhearsumha@gizmodo.com,857-558-3259,1/21/2013
b7be5d47-5dce-4ad4-86f4-f9ddc877392a,Jonathan,Dacca,jdaccahb@posterous.com,799-307-1090,5/8/1986
415cb6d4-6bfd-464b-8b56-2049649b19c9,Bartram,Reston,brestonhc@wordpress.com,138-649-1487,9/27/2000
66ca48be-607e-4c00-a1db-4ae319e59abd,Aretha,Ackeroyd,aackeroydhd@miitbeian.gov.cn,682-229-2923,7/1/1935
f579f5d0-04d9-47a0-903e-524965e4a755,Amandi,Pinel,apinelhe@spiegel.de,655-825-9953,11/15/1939
d7464511-15de-4902-bc99-62d41d9752d6,Alexio,Willimont,awillimonthf@guardian.co.uk,898-206-0456,9/12/2009
16d7b196-a56a-445b-bcdd-03c14dd9cdac,Tarrance,Rosevear,,,11/22/1947
7e42c0a6-c220-4cb7-b4c1-98b173a06752,Jordan,Allwood,jallwoodhh@gizmodo.com,293-974-5250,
e4f4c1b4-43bf-479d-9e52-19a16a31d4a6,Chandal,Bletsoe,cbletsoehi@google.com,553-167-2083,12/15/2000
f58ce2b7-a264-4f33-9de8-f68c1e5071d5,Karmen,Battersby,kbattersbyhj@go.com,734-171-8496,6/21/1956
bbba0ba7-ddff-46b1-a2ee-4521d1114fc2,Ollie,Spradbrow,ospradbrowhk@nytimes.com,874-832-6819,2/19/2014
db3f89a9-1a5b-46e6-829c-b018698bf149,Abdel,Overil,aoverilhl@wordpress.org,446-558-5497,4/22/1995
2cd10c1d-b380-4df2-afeb-402210c32cd4,Dorian,Brizland,dbrizlandhm@bravesites.com,400-814-2102,9/29/1984
c39d9f1d-d24d-4656-9c18-395cb00cb93e,Ashil,Kenright,akenrighthn@geocities.jp,428-218-4720,6/16/1958
aca73869-dc48-449e-9435-502566b5b82b,Ring,Semper,,,1/30/1988
70f4a7cd-1721-43c2-a1e2-3e45ac6411e9,Tabbie,Bilofsky,tbilofskyhp@biblegateway.com,174-259-5346,4/25/1951
ec9eb73e-2aa8-435a-9225-f25fb624518a,Terrel,Buckthorpe,tbuckthorpehq@chron.com,657-205-5349,5/4/1985
a8c667aa-ffb0-4d55-8851-ac683263b19d,Hermie,Hellewell,hhellewellhr@ed.gov,430-143-2506,1/22/2006
6a017382-57c8-4fe0-bfaa-22b5a4258146,Flynn,Miroy,fmiroyhs@harvard.edu,186-459-3825,6/13/2008
06119a60-4461-4dda-b1fc-0c8c53d0a924,Hollyanne,Stowte,hstowteht@npr.org,775-985-5331,3/26/1975
7b5c5d4c-ec43-41b1-9f9b-42f29b189e23,Dareen,Snailham,dsnailhamhu@state.tx.us,372-403-0730,8/1/1930
f05a41b4-7ab5-4088-b973-7fee64c9c6f8,Maritsa,Loughney,mloughneyhv@blogs.com,995-751-7477,9/26/1955
052ad6d7-5641-4070-bed2-04e91a419b1c,Robena,Sharper,rsharperhw@nba.com,770-797-8481,10/16/1955
a989b1a1-865f-40c3-bd3c-15c665021c4e,Sammie,Curthoys,scurthoyshx@w3.org,938-776-6051,1/10/2008
0f168bea-f8c2-4499-a082-0871fe1476d7,Aloisia,Lewis,alewishy@parallels.com,952-516-5475,12/22/1973
9fd0b676-f4a1-4005-a743-6e80bf5d6503,Ralina,Wagge,rwaggehz@yahoo.com,220-126-1925,12/8/1956
f9b3cec4-059a-430f-b5a3-d7fcdc708165,Lilla,Lyon,llyoni0@pcworld.com,714-500-4424,7/24/1945
fe43ef9c-702a-41e4-9e30-69db090c83c8,Lodovico,Martignon,lmartignoni1@ehow.com,669-367-8107,7/15/2002
313053f8-2f0b-479f-b02d-89495e2f53d8,Nelson,Tompion,ntompioni2@hugedomains.com,157-748-1826,7/7/2007
80414b78-f3a1-4d6f-b9c8-d7d249a6c60e,Ronald,Matei,rmateii3@a8.net,513-648-3337,3/31/1996
78973aaf-e17d-466d-95f6-f3aa221170cf,Booth,Croisier,bcroisieri4@economist.com,304-833-3381,1/1/1975
a78da3db-549b-46f9-9433-a815bd906515,Hanan,Privett,hprivetti5@fda.gov,104-790-9923,10/14/1962
4213435a-1498-4666-944b-e07fa1aeaed0,Tommy,Fellow,tfellowi6@bloglovin.com,484-514-5335,3/8/1985
e7b48ff8-454d-49f6-a853-7432d3363653,Lorianna,Halladay,,,8/31/1939
95645fa8-40b6-461f-92d6-c45b94d6da28,Virgina,Loton,,,3/7/1965
105a746c-6676-4e1d-8237-02fa3f98f954,Truda,Igglesden,tigglesdeni9@archive.org,118-320-4374,2/24/1996
f1155e30-f208-4265-beaa-bfe3dd2a4e82,Ray,Farnham,rfarnhamia@zdnet.com,742-306-2040,5/1/1949
896fc504-eaf6-43f2-a547-491432b37602,Windy,Akerman,wakermanib@dedecms.com,732-274-8165,5/19/1965
de492b65-8241-4687-8b0b-a63572b122d1,Eilis,Slopier,eslopieric@theatlantic.com,698-377-1404,3/8/2005
259edb73-b4fe-45f2-8596-61bb241003b1,Shane,Woonton,swoontonid@jalbum.net,733-448-5381,5/16/1939
aeb9a356-436d-4310-86f8-a4282010254d,Joanie,Hampstead,jhampsteadie@fc2.com,888-281-4825,3/2/1968
31720c0f-3a2f-4c35-ae1e-eab29ce4ad5a,Jarret,Durham,jdurhamif@t-online.de,417-426-1939,7/23/1980
78a8544b-ca74-4a41-ba75-277533b00331,Katrina,Arnholz,karnholzig@jigsy.com,285-911-8273,11/13/2001
14bcf0d3-96d7-4279-9b47-1ad1bd425907,Richmound,Fair,rfairih@nationalgeographic.com,791-538-7861,7/6/2006
235f48de-17e1-466c-a0f3-8476df4aed23,Meredeth,Hackinge,mhackingeii@mysql.com,572-729-9241,11/30/1955
806a793a-de27-4d3e-b59f-59cb6a9b5fba,Dick,Corbally,dcorballyij@noaa.gov,376-940-8865,1/20/1981
1c9b8777-4b51-4d71-bc71-1d9091b48474,Caz,Stennet,cstennetik@java.com,398-912-8084,8/20/1952
32aeb291-b2e7-411b-b038-10189d47aa9d,Margeaux,Patron,mpatronil@canalblog.com,577-301-7469,7/16/1937
f17bc1fd-3c86-4442-b224-e757f00c1aa8,Mart,Trewman,,,1/4/1947
28ad605d-f9f5-47cb-8187-0cd47ae26e61,Fania,Tayspell,ftayspellin@ucoz.ru,542-699-8385,4/14/1946
32c604ae-ccfe-4c96-91f6-b165de2e1999,Jacquie,Gebbe,jgebbeio@addtoany.com,202-109-0272,12/31/1997
3c415806-b111-41a4-baf3-e2dc6a040411,Trumann,Scouller,tscoullerip@newyorker.com,558-780-3784,8/15/1930
16986a43-8605-4836-ba96-acbf7e837707,Frederica,Kembley,fkembleyiq@chicagotribune.com,477-223-6617,5/21/1972
1be6090e-4a9e-41d9-adfc-baf57b13472e,Joel,Powis,jpowisir@dedecms.com,130-133-9339,
1af500fd-ba9a-4705-8aa5-e0fccb6115cf,Fletch,Poetz,fpoetzis@foxnews.com,120-254-6834,11/29/1971
e704d05c-f2fa-4ec3-b53a-57ed1c952bfc,Marsiella,Dineen,mdineenit@thetimes.co.uk,231-924-7437,9/26/1952
a7684eaf-995f-44aa-9c6e-cbdf324aec4a,Elonore,Hickinbottom,ehickinbottomiu@wisc.edu,186-226-3339,10/1/1986
34db202c-a585-481a-81bd-b774c38d8e15,Cy,Luckwell,cluckwelliv@4shared.com,419-594-4486,3/21/1962
0bc96355-95d5-4dcb-8252-f79406d6a07c,Jerrine,Sapsford,jsapsfordiw@ft.com,381-458-7254,8/23/1977
3153d5de-e09f-438a-81e2-9079faad5f7c,Ruprecht,Magnar,rmagnarix@yahoo.com,853-647-0862,3/8/2014
31e53a25-47bc-46fd-857e-7d645e2c89de,Janifer,Bredee,jbredeeiy@usgs.gov,552-726-7975,6/15/1953
bb386fc3-2607-4041-a5d9-ec960fd55a1c,Herold,Silverwood,hsilverwoodiz@state.gov,439-977-1875,8/18/1990
cdc91a19-fe5d-448b-8cb2-6c751e31a0c1,Cyndia,Fairest,cfairestj0@gizmodo.com,709-925-9701,1/5/2010
594e81e5-39c9-4b91-8833-b7f32a84b1fe,Rufe,Milberry,rmilberryj1@plala.or.jp,258-335-3841,8/7/1932
3c0ebe41-0dd2-4fcb-ae81-eb50250a5948,Corinne,Ledamun,cledamunj2@ibm.com,292-464-7366,3/11/1942
7be82d9a-d56c-4304-b094-b0afadba6068,Stella,Pirrone,spirronej3@smugmug.com,785-231-8201,8/23/1941
22609f82-95f6-4bb0-9fd2-b515fd6ca29d,Billie,Poulett,bpoulettj4@geocities.jp,991-683-4554,5/20/1939
f2325dc9-2628-4f82-8e1a-d0ca0cb6f8dd,Bryce,Wride,bwridej5@google.com.au,976-364-4926,8/5/1966
7d8d2174-e435-4527-92f7-658db4292aa3,Melva,Lenham,mlenhamj6@ezinearticles.com,205-754-9089,4/24/1964
b8dd5f1d-a7a5-4474-b59d-a9e91c9e3d95,Iris,Ivashin,iivashinj7@addtoany.com,111-141-1669,4/26/2011
7caa29d1-4e27-4eb3-ae9a-e81893f1351c,Mame,McDarmid,mmcdarmidj8@tinypic.com,121-616-2699,10/5/1952
e790f388-be95-425b-9662-3b73c3a9a9ab,Elaine,Kneafsey,ekneafseyj9@amazon.com,681-750-6335,3/24/1952
e29ad04d-5ace-4fd6-8b91-2a4075357d84,Garrik,Outhwaite,gouthwaiteja@epa.gov,550-962-3714,3/4/1985
a18eceb3-d2e9-4f2e-b0e8-da7ffd89c6b3,Fedora,Cartan,fcartanjb@i2i.jp,928-919-0950,3/4/1994
a7649ce0-e5a4-4fa1-8b26-aabbcbc1e6f5,Lombard,Plumtree,lplumtreejc@ucoz.com,460-201-1176,5/28/1958
4477dd54-4472-4f23-86e9-cdb471686e59,Grantley,Netti,gnettijd@lycos.com,229-783-6600,4/4/1940
8b1d54c0-711e-460e-bfca-4b9388314e83,Jemmy,Flavelle,jflavelleje@miitbeian.gov.cn,931-204-0934,1/12/1939
b3b4c563-fa66-4adc-88cf-7fcf433abff2,Windy,Endean,wendeanjf@fotki.com,623-543-8066,7/22/1955
d4281713-fd47-447f-ad79-259fddf0f2f1,Shem,Eagle,seaglejg@hugedomains.com,856-630-4325,1/21/1969
9692b6c4-84fa-4c7c-8d22-b954c1e287af,Celeste,Devaney,cdevaneyjh@dailymail.co.uk,361-596-9133,7/21/1970
ba14771c-1049-4815-a0d5-860509f7ae1a,Bogey,Posse,bposseji@cam.ac.uk,309-708-7884,10/10/1938
8f334303-bffd-436e-a67e-56165806185c,Luz,Carbine,lcarbinejj@w3.org,936-378-6195,11/24/2011
15b630c5-f07f-48a4-a555-e6f91dcb3712,Mickie,Mellmoth,mmellmothjk@rediff.com,100-762-0751,11/21/1937
3b4ec715-e538-4824-ba15-b765bb7c1c96,Kermie,Swayton,kswaytonjl@telegraph.co.uk,412-261-8638,5/17/1976
8caed0bc-b2f9-46e3-b89a-a361c5708167,Ursuline,Bowcher,,,11/9/1982
29ce3b7b-e946-4aaa-aa40-1504f6048c6d,Rocky,Schleicher,rschleicherjn@umn.edu,674-692-6695,7/17/1942
ba317d39-71db-488d-aff0-a408c507213f,Imelda,Tissier,itissierjo@noaa.gov,958-373-2142,4/24/1945
dcf2a5a6-f714-45fd-beb9-e4d942410cd9,Mary,Belcham,mbelchamjp@unc.edu,934-676-6904,3/24/1951
65ff5924-0de0-4096-bbcf-270a59c75a4e,Tiffie,Penke,tpenkejq@rediff.com,886-316-9127,9/19/1961
8a17277b-2c30-4e85-ae51-9777d448e808,Jameson,Casbon,jcasbonjr@flavors.me,584-977-4181,3/16/2009
d8b0ca26-8bf3-4796-a2c5-8867fceb4aa3,Denny,Pesic,dpesicjs@tmall.com,484-766-0369,8/13/1931
2ec1fc7e-b50f-45bf-a031-b7590c885105,Gaile,Smallwood,gsmallwoodjt@earthlink.net,639-244-3916,6/26/1950
3971f348-c8a8-4711-b8fe-9edb94bb09f8,Tisha,Romeril,tromerilju@cafepress.com,814-397-1085,4/22/1980
db1be70b-a6be-42ff-8c18-682ac1ef95ed,Ethyl,Barnewelle,ebarnewellejv@mozilla.com,529-443-5348,6/16/1932
741bd169-79da-4679-8ee7-4c123d3aa858,Urban,Menichini,umenichinijw@homestead.com,429-260-3349,5/31/1997
9553f104-edff-47ce-a768-42faab851eea,Sly,Geer,sgeerjx@issuu.com,211-294-7282,5/5/1989
6ec5ce42-912e-43a7-aadb-a56b22a2ee4d,Ileane,Coare,icoarejy@sina.com.cn,169-109-7148,5/20/1982
15ad9696-3ec8-467f-bc7f-d58ae0195ca9,Reinald,Possa,rpossajz@nba.com,113-907-9392,7/11/1945
fe49d9b9-d22f-4867-8081-9c8100bd8e20,Priscilla,Heathcott,pheathcottk0@sphinn.com,366-368-5801,6/15/1956
7538746c-9da5-467f-88ec-adbd81412a82,Abeu,Maylor,amaylork1@bbc.co.uk,620-233-4801,5/10/1938
276123b7-894a-4cd0-926f-51cafd44cc85,Bevan,Debney,bdebneyk2@t-online.de,877-286-0458,3/18/1960
1240ba36-2700-4938-a304-618649a24edd,Babb,Webburn,bwebburnk3@woothemes.com,595-621-4863,1/30/2008
4690ee5d-e4a4-4364-b2af-b3b07274d087,Monica,Smoughton,msmoughtonk4@dailymotion.com,672-841-7257,2/17/1988
59c84e36-4bdc-4781-913e-6139af631f44,Blayne,Morecomb,bmorecombk5@creativecommons.org,263-661-0687,
ac804dae-1802-43d6-9740-a75fcec7ba07,Perl,Talton,,,12/19/1969
cf32f313-9723-4493-8598-70023d3fc2cc,Aube,Paddy,apaddyk7@latimes.com,792-308-6817,6/13/1968
b44a1628-4954-416e-9e22-b192daeff7b6,Benjy,Huttley,bhuttleyk8@upenn.edu,271-345-7171,9/15/2007
703c4b9d-d949-4317-94d8-216d36ec878d,Hamish,Randell,hrandellk9@howstuffworks.com,430-805-7543,1/29/2011
addbce6d-07e1-46ba-af40-a10f2ddf7bb4,Philip,Agdahl,pagdahlka@slate.com,243-539-6888,8/26/1967
a965302d-77a8-4e9e-bd60-4c6f0f77e81a,Marmaduke,Petrov,,,5/28/2002
1c1532e3-cbad-4046-bda6-55b095c32189,Ginelle,Duck,gduckkc@smugmug.com,212-993-2051,4/1/1963
97146270-700a-44e4-b5b5-73af1a47b83c,Allyce,Stanbridge,astanbridgekd@sphinn.com,821-984-1260,7/7/1953
463f0c86-535c-4f41-ad00-c2fb89080ed0,Farly,Wanley,fwanleyke@yahoo.co.jp,324-579-0558,1/22/1967
41043b2f-924b-4f77-b222-b0dd6b2c6fc1,Ines,Riveles,iriveleskf@usatoday.com,852-891-1076,1/26/2015
ff31cc1d-a35f-47ca-af96-e6d7d41d6139,Staci,Pessold,spessoldkg@csmonitor.com,799-141-9973,9/10/1937
88bdabb9-60e7-4f17-b092-2515a35685ff,Emmerich,McKean,emckeankh@goodreads.com,589-514-6747,9/25/1951
fcb6ab2b-06dd-4821-99dd-560bbf5b88f7,Patience,Chaperling,pchaperlingki@examiner.com,162-171-1176,9/2/1957
0a94b00c-f42a-4808-bad7-f7f4f50afa04,Peggie,Rojahn,projahnkj@dion.ne.jp,937-407-2466,3/12/1977
4989511f-ac47-4905-9a35-4cf51db418e8,Brigitta,Lettice,bletticekk@independent.co.uk,226-732-4643,6/16/1960
e08285ad-d37a-4086-a08e-0eaf0625068a,Matty,Rubinowitsch,mrubinowitschkl@wikipedia.org,942-748-9757,8/2/2002
2424700e-2d66-4db9-9e94-76ac23cb7f1c,Chiquia,Fenelow,,,6/19/1947
a2f0dea1-0199-4b04-bd84-29bbc96e9acb,Yves,Fellis,yfelliskn@craigslist.org,685-321-5943,2/12/1973
f7971d5a-7617-4d32-8d5c-9538e38c7f8a,Dorene,Crumley,dcrumleyko@marriott.com,487-483-9058,1/28/1972
1073cdc3-e5bf-4784-bf4c-284063fe26f1,Ermina,Arias,eariaskp@imageshack.us,555-570-3671,11/21/1980
2f8875d0-9d57-4d49-ab10-27439a53059d,Felecia,Blakey,fblakeykq@cdc.gov,819-450-2847,9/1/1933
b0fd565e-18a6-4540-a37f-7d399723b38d,Breanne,Hunnable,bhunnablekr@wikia.com,375-571-5921,2/25/1935
a4d9b7cd-e004-422f-9510-3eed10ce0a68,Anette,MacMurray,,,3/15/1956
0d42f3cd-0224-4e56-8a7c-9a85731d7106,Isac,Label,ilabelkt@patch.com,933-616-5076,8/4/1946
b7ed6a5b-4b71-487c-bef6-fe9487c8fc7d,Radcliffe,Curgenven,rcurgenvenku@so-net.ne.jp,318-375-5849,8/2/1973
c7125130-7cdc-446d-a9f4-b589c94a3c30,Gradey,McBride,gmcbridekv@1688.com,841-880-1192,6/21/1971
5765840a-3544-4cf0-ab64-2c6a5fd4e296,Zorina,Headrick,zheadrickkw@wikia.com,332-879-4602,12/2/2013
533ac684-88a2-4f03-a5a4-c05195487ead,Tuck,Willan,twillankx@thetimes.co.uk,733-661-0331,6/14/1975
b9f79145-9f57-4f95-95b6-1f7873f92b22,Carver,Corrao,ccorraoky@dell.com,873-918-0570,6/17/1999
0923d1aa-5645-484b-9e14-2f77ec9d8ec4,Fidole,Simeon,fsimeonkz@wsj.com,206-575-2009,12/12/1945
4c3c5cf5-b6d5-4835-9032-b699f0fb797e,Nevsa,Breeton,nbreetonl0@slashdot.org,257-565-4383,1/4/1951
2294777b-cdd3-4c28-817a-ef5a8fda7c81,Margi,Huccaby,mhuccabyl1@taobao.com,678-975-0536,11/12/1937
26f9d74e-ab8b-49c5-a097-a025cfa9f34c,Ado,Findlow,afindlowl2@sohu.com,651-982-1105,10/18/1973
8e7e682b-936d-451f-8219-e824de8ae577,Fanny,Thirsk,fthirskl3@guardian.co.uk,823-126-0524,3/8/2006
066257ae-bec6-4880-ad43-530209eb62c2,Fraser,Colliber,,,10/13/1933
1128f37a-936d-40dc-a6be-848568529738,Lannie,Ferenczi,lferenczil5@amazon.co.jp,548-876-5518,3/18/2011
86a87d37-6d02-4eee-9128-971718a7d27e,Liesa,McConnulty,lmcconnultyl6@gmpg.org,446-514-8589,1/20/1988
08dae81c-baa3-4c48-aa18-b5d02cdb6f5d,Yardley,Bolger,ybolgerl7@wix.com,389-983-9634,10/14/2014
3574439a-1873-4e5f-b37c-fc991c36c5a5,Viviana,Eatock,veatockl8@comcast.net,590-150-5100,2/26/1973
8be93dc4-1462-427e-b25a-06bd86aac150,Arlie,Avramow,aavramowl9@cafepress.com,671-989-7819,2/5/1935
d2bf07cd-6faf-4f80-b2ff-d2c3d8b3a9a0,Marcel,Dougharty,mdoughartyla@clickbank.net,903-109-3228,10/24/1969
02ba0c36-06d3-4041-86d1-77dd041c2933,Merralee,Coombes,mcoombeslb@g.co,490-670-6586,3/4/1935
9b9ba20e-624f-48a7-a50f-749a0b043e9f,Ruy,Delhay,,,1/14/2012
f7840987-935b-442a-b94f-9b941c6274fe,Sherilyn,Hamer,shamerld@amazon.com,991-188-5115,8/14/2005
a36d31f5-daf9-49b4-9dc8-5424e9cc77a3,Kimble,Jirick,kjirickle@si.edu,822-327-8504,1/23/1943
b42ecddb-230b-4c16-8604-30b26fe4d43b,Davita,Swett,dswettlf@parallels.com,956-212-6261,12/25/1977
a8b21ce6-66a6-41ef-bc1d-34f1d5b2532a,Neall,Balaison,,,11/27/1985
e6eab9a9-b288-40eb-8925-cbeb2893462a,Carla,Tilne,ctilnelh@umich.edu,928-969-6963,4/7/1991
87f27bc0-dbff-4804-8283-283b9f45dfe6,Adelaide,Cuthbert,acuthbertli@tripod.com,143-829-5860,3/27/2011
e764441b-42ba-40e9-9a98-ada54aba2106,Jocko,Hoggin,jhogginlj@harvard.edu,134-425-4533,4/28/1971
901eacb5-b603-475b-846c-37d268af98a4,Milzie,Duckett,,,5/10/1943
3e127a21-b125-4817-a51c-270a2b13b23d,Page,Dunbabin,pdunbabinll@blog.com,344-604-6588,6/13/1948
3a441958-eb66-49a4-a97a-c1e0085506ac,Marshal,Clayton,,,12/3/1935
301d3b31-8246-400d-98c0-943afd76487f,Torrie,Apperley,tapperleyln@mysql.com,778-525-4263,1/1/1976
74b7c57d-9f91-41e6-a203-c815ccb0e35d,Den,Cotmore,,,7/6/2007
22277e00-778b-419e-bacd-17fad3a6d527,Marty,Manhare,mmanharelp@simplemachines.org,561-351-6106,9/13/1967
1017edca-e023-43ec-ad60-f615925470e5,Dallis,Subhan,dsubhanlq@gov.uk,326-563-6745,11/12/2010
755f642d-5601-42a1-b228-131897078d67,Jackie,Labrum,jlabrumlr@archive.org,142-979-9756,5/6/2006
0adebd07-0b77-4962-be64-e229fbc9fb86,Stephan,Nizet,snizetls@so-net.ne.jp,378-170-5151,11/24/1942
7eb61b0a-7b94-4185-a81c-b70debe03640,Bertram,Liverock,bliverocklt@barnesandnoble.com,266-639-8462,12/13/2000
a921ff01-4eed-46a7-9fb8-0fc04c0d42fc,Olivia,Dilkes,odilkeslu@mashable.com,211-116-9831,12/30/2013
82723053-9955-4cd1-b1f0-688df4476875,Darby,McConville,dmcconvillelv@ucla.edu,259-865-1495,3/16/1965
d4bfd350-64c1-41d4-aed5-8ca6c58bee6b,Ibrahim,Blastock,iblastocklw@youku.com,718-431-2629,11/8/1988
b42ab557-c90d-45b2-a229-856153f12815,Olenka,Flagg,oflagglx@google.com,665-459-2687,12/24/1937
5847ccc7-c8da-4207-a609-84655def73e5,Vidovik,Brimner,vbrimnerly@cargocollective.com,407-686-3066,2/15/2005
97dfbff4-3782-4295-a49a-1021e926fbdb,Ursa,Ings,uingslz@sogou.com,121-416-2384,11/20/1954
a04c32c3-f73c-45dc-8f52-4c3440403e9b,Costa,Brettelle,cbrettellem0@nasa.gov,207-851-1126,2/11/2006
53bc185c-5741-4f4f-82e4-599db16d127a,Cort,Whitelock,cwhitelockm1@google.com,617-526-6986,12/10/1975
f04ac77b-9fba-4922-8de5-81f8d75efb3a,Cissy,Rodolico,crodolicom2@princeton.edu,903-447-4814,3/28/1939
27b3582d-5945-4b07-bd44-c07c64405443,Jolynn,Karpman,jkarpmanm3@t-online.de,249-246-2301,7/11/1966
175df18e-a4f8-42e1-8027-516ef5a50f8b,Gibbie,McCorkell,gmccorkellm4@virginia.edu,324-369-8073,12/30/1941
1d5c3c38-6840-45a8-8fd0-ae6338978ead,Kristin,Calderhead,kcalderheadm5@homestead.com,445-843-7970,10/21/1980
a3319e4d-e7bf-415e-b87b-fae7817aa8cf,Creighton,Sanbrooke,csanbrookem6@nyu.edu,420-895-6975,7/18/1996
1b762a6b-2909-4766-8262-e3e8bb7df089,Flint,Pailin,fpailinm7@ameblo.jp,229-131-9760,8/24/2011
df4a2c43-8e34-4ad8-9690-2e449ec6a307,Eddie,Pilley,epilleym8@gnu.org,999-936-6366,2/6/1986
87536677-1a96-464b-a58b-8696c25fde31,Ava,Youings,ayouingsm9@acquirethisname.com,676-373-7487,3/24/1961
637673fb-0e03-467f-82b2-01c721baeed5,Peder,Crutchley,pcrutchleyma@sun.com,144-418-8928,10/21/2010
ba8f20a3-486a-483a-b678-de86f22f41b9,Augustine,Samarth,asamarthmb@oakley.com,587-886-2455,8/26/1957
2e0c17af-a667-4b5b-8177-8190bf139e8e,Paddy,Bernhardsson,pbernhardssonmc@ezinearticles.com,663-594-8899,5/18/1975
000a9fec-b8b0-40ad-a585-83f94dbc67ff,Branden,Synder,bsyndermd@huffingtonpost.com,858-253-1079,5/31/1982
5d6cb182-15d1-4b59-a5b3-72fc8d476e87,Giustino,Sorrie,gsorrieme@sohu.com,848-961-2810,9/6/2005
5b25b546-7f7f-46cc-a4d6-a947813598b9,Natasha,McKenna,nmckennamf@cbsnews.com,944-562-7766,1/11/1996
4e62d6a4-2c92-4535-9bef-1633042cfeee,Porter,Amerighi,pamerighimg@time.com,713-713-5964,11/29/1933
4b5d121c-5e9f-464c-a3cd-ec8742423ce5,Danette,Hendrick,dhendrickmh@army.mil,178-133-6563,6/26/1969
1ec02345-d300-4a58-8b14-40d2ed97622c,Arne,Etock,aetockmi@symantec.com,501-201-6485,6/8/1935
a87bb58f-c99d-4aa2-aa85-3cd95b881c6f,Shadow,Plose,splosemj@blogtalkradio.com,857-477-1407,5/27/2006
d53ab594-c508-4c7f-8093-084ec759e1a7,Susanne,Yewdale,syewdalemk@utexas.edu,627-539-2434,5/13/1986
f2e4611f-15bc-4a71-b156-8d58ee9f167e,Rahel,Beaty,rbeatyml@imdb.com,775-179-5220,6/4/1988
e22485ff-1d0c-49d9-a0de-52a9626ba904,Billie,Righy,brighymm@angelfire.com,694-678-1768,7/16/1985
ab80cfed-5428-43eb-91f7-8cd4bdd80004,Wilden,Connock,wconnockmn@ed.gov,777-814-9154,6/18/1987
54fab7f4-9102-4471-bf75-41a16431fbae,Fan,Bardsley,fbardsleymo@netlog.com,893-383-4830,4/24/1999
2cd0a5b7-9317-4a12-b489-c8300fcfe33f,Muhammad,Drinkeld,mdrinkeldmp@wufoo.com,161-195-4804,2/28/1940
9ac82056-1e76-4e43-996d-f2277b904d3c,Emelia,Verring,everringmq@1688.com,680-839-7178,5/23/1951
60f4010d-51c3-4c21-a51c-64fa1c391c3e,Xenos,Levane,xlevanemr@amazon.co.uk,506-962-0029,1/9/2007
a4e9503d-b721-43a1-98c3-b2c770a3c927,Lenette,Rosi,lrosims@baidu.com,940-334-4529,11/21/1939
a3f6b9e7-ccfb-4c50-936e-216954017bfd,Agnese,Peasee,apeaseemt@illinois.edu,378-982-0839,6/13/1987
2ac7d495-d88e-4ee0-826b-38070e034c47,Agnes,Bickersteth,abickerstethmu@hhs.gov,957-223-6718,11/9/2009
a95ba65e-8ac7-4ff0-bedb-ac4d3298c7e1,Shea,Fingleton,sfingletonmv@omniture.com,461-568-0353,7/3/1949
5547ba20-7ecc-4a08-8cbc-a136d8f24b19,Gottfried,Matchitt,gmatchittmw@go.com,427-435-4279,7/19/1971
741c29da-994e-4957-8868-d6b002c5e435,Sileas,Kuzma,skuzmamx@businesswire.com,525-275-1431,3/2/2009
3f466c37-63b3-46f4-8b3b-2d5b2ce6835e,Fulvia,Tolworthie,ftolworthiemy@163.com,441-750-5663,12/8/1996
b9e4e9cc-6716-474d-8a5f-4599e62b0146,George,Tallyn,gtallynmz@skyrock.com,990-753-1262,10/11/1936
282379e7-68ca-49b4-b982-2c8a93eedd4e,Edith,Valenta,evalentan0@meetup.com,832-285-1270,5/20/1942
e8900751-29ff-499c-9696-b8bbb215f0aa,Leonanie,Itzkovitch,litzkovitchn1@stanford.edu,940-850-5379,12/20/1941
63ce9389-940e-49f3-ba91-285853cb6fbb,Timoteo,Durber,tdurbern2@businessweek.com,583-837-5197,5/24/1954
4b3ef0f4-8a3d-4063-b46f-d45e79931c9e,Olia,Stoffel,ostoffeln3@sciencedaily.com,340-449-8368,10/23/2002
9262fa23-6cda-4b45-a2ba-3415f136c83e,Zachery,Gonet,zgonetn4@fastcompany.com,925-763-8232,12/30/1984
ff2e6552-8cc5-4eaa-bf57-3602cdac9e22,Clerkclaude,Thurman,cthurmann5@thetimes.co.uk,263-261-2326,
2cc7c9ba-7987-4968-b9f3-d9fa6ddb52a7,Adolphe,Ironside,aironsiden6@ed.gov,431-677-7573,7/11/1993
19cf37af-962b-4461-a12d-3c144d9b6d7c,Zulema,Sillitoe,zsillitoen7@tiny.cc,100-702-4879,6/10/1939
a88b121e-cb96-4772-863c-fe6144739a6e,Sherlocke,Nowakowska,snowakowskan8@army.mil,253-139-4219,10/11/1993
3625a52e-6288-4add-ae18-9a0b9a3e2555,Lucie,Shreenan,,,10/30/1975
10451d71-a840-4f3d-8b58-eb3152924553,Frants,Blumfield,fblumfieldna@php.net,715-332-1460,9/8/1977
099d13a4-6858-4110-a65d-b06b18fe9d91,Alva,Mourge,amourgenb@dailymail.co.uk,325-555-0391,2/4/1943
9aaf4928-c8eb-411a-88f7-b2c569694570,Bobbie,Fragino,bfraginonc@arstechnica.com,392-397-6077,12/29/1941
7639123d-0907-48d2-87b3-eb7c1102c19e,Valentine,Stivani,vstivanind@intel.com,997-889-3334,9/12/1938
e3b08ba1-7a6d-4157-b1d8-aab653fa3aa6,Clovis,Rock,crockne@digg.com,428-613-2502,11/9/1951
c631f0d2-aa17-4cb6-8db7-96c7c19f23ca,Ransom,Donohoe,,,5/29/1973
0165b3ad-f613-4277-a208-865da2bb54c9,Eduino,Duckinfield,educkinfieldng@de.vu,887-208-4367,10/25/1986
8b8961cb-1a72-4df6-a267-7f466da45de9,Harcourt,Loadsman,hloadsmannh@360.cn,939-109-0354,10/28/1942
96edea6d-565b-4031-8931-4ed7ba1ee1c1,Jany,Blazek,jblazekni@stumbleupon.com,529-248-0156,6/6/1975
b007ac35-a8b2-43bd-9f6c-f37ed2852d29,Elfie,Halpine,ehalpinenj@csmonitor.com,318-217-1246,2/20/2014
c7088599-e7f8-4cb7-ae9b-74b3ba3776c8,Giustino,Leahy,gleahynk@sphinn.com,284-325-6032,4/4/2002
3809eb8d-6e2f-4fba-898f-27dfa6b52ecb,Cliff,Shortall,cshortallnl@ovh.net,553-312-7921,3/25/1954
833afba7-ceb6-42c0-b280-98d1a0e43a15,Britte,Skett,bskettnm@msn.com,129-415-0576,5/16/1931
f6565f36-31d2-40cb-8ccf-05092490c12a,Rosabelle,McKerlie,rmckerlienn@elpais.com,579-167-6651,12/29/2002
1f217df4-5b59-4532-8626-665d24c27866,Shina,Kubat,skubatno@examiner.com,338-707-0318,10/22/2010
37a14f5f-d4c3-49e4-8d96-3820c0325874,Petr,Redborn,predbornnp@surveymonkey.com,660-338-1996,7/23/1980
23a5b252-bfc0-4a1f-b489-0a94ff77d912,Phillipe,Joliffe,pjoliffenq@multiply.com,395-763-6083,7/18/1961
3c7e1dc3-ed6b-4b3a-b3cf-41bfa66961ac,Tally,Webber,twebbernr@domainmarket.com,314-619-0309,4/6/1986
889350c7-4be1-4d31-86bf-801aa6d2f431,Rocky,Shane,rshanens@netlog.com,363-343-2421,9/24/1989
dffa3010-39f3-4b1a-80a6-8f29df429a6f,Alick,Honig,ahonignt@pagesperso-orange.fr,586-303-6736,4/24/1977
a442e875-51e2-44db-b0f9-afaa2038538b,Jedd,Cabbell,jcabbellnu@so-net.ne.jp,807-278-0273,11/2/1969
86eb9fc4-5595-47a9-a33a-20c26470602d,Ingram,Moye,imoyenv@smh.com.au,902-866-4707,4/23/2012
b944fde0-e79c-4d76-9c98-07cea4676b9f,Hussein,Vanyakin,hvanyakinnw@a8.net,385-702-0476,7/29/1958
72db8bf7-24ae-4b60-8c9f-da4fb6b804fe,Nikolaus,Eccleston,necclestonnx@github.io,274-704-7501,6/26/1931
e0c68439-ea23-4a26-852e-38b29b150a95,Erv,Mariyushkin,emariyushkinny@facebook.com,434-429-7799,6/14/2007
39e78370-741b-4d1c-a444-849018685bd9,Colet,Ondracek,condraceknz@businessinsider.com,907-739-6433,8/18/1936
ae0d1013-4848-4533-9f58-45740aa88a2d,Minda,Twamley,mtwamleyo0@vistaprint.com,486-924-0487,12/20/1977
72435c13-9006-4350-bbbf-ade5ef2e2278,Padriac,Heading,pheadingo1@china.com.cn,656-233-2052,11/1/2001
aaee7964-df6d-4f9b-bdad-e1fad60ef5fc,Charyl,Knock,cknocko2@dot.gov,765-795-8401,9/6/1950
15973819-d70a-4a54-a2d2-3c4e92f766b0,Fredric,Jiracek,fjiraceko3@devhub.com,941-483-0343,4/22/1993
2244e6c8-e649-4783-9db5-ea8b4c107310,Camey,Andreaccio,candreaccioo4@netvibes.com,973-287-5146,12/2/2003
ae2d118d-c7c7-4b3f-bc27-d3cdcb950949,Jordanna,Roloff,jroloffo5@nifty.com,656-523-7825,7/22/1949
77f8b06a-4299-485e-bd65-114b75e6e567,Imojean,Garthside,igarthsideo6@dyndns.org,120-244-1437,1/19/2002
989d1a44-413d-444c-8c76-7d154b028fb4,Gasper,Pain,gpaino7@bloglovin.com,678-477-6009,9/8/2002
35a29e1c-8727-44c0-9a8d-e3b3fea856b9,Haze,Bricham,hbrichamo8@redcross.org,202-749-6198,9/25/1983
720c65e3-0d0a-480a-82ef-498d21104a38,Coralie,Joiner,cjoinero9@pinterest.com,353-264-4864,4/5/1948
07399e81-ec4e-4f23-a0a0-4e5944673a02,Noel,Drysdell,ndrysdelloa@who.int,754-674-4060,11/5/1991
c73357f8-bfb1-4f49-9e97-ff54e7f61752,Weber,Tilliards,wtilliardsob@springer.com,681-931-6440,5/17/1933
5b40e6d9-191f-47ec-8669-f08954d6c903,Gene,Perett,gperettoc@newyorker.com,549-637-7849,2/7/1942
f731ce49-d612-4764-b3a8-066774a97fa1,Romain,Sarfatti,rsarfattiod@bbc.co.uk,518-320-9139,1/23/2004
70fa1743-d53f-4e9c-8a96-2aa5267340e8,Sylvester,Chrispin,schrispinoe@berkeley.edu,207-255-3678,3/11/2010
e88f6f42-e899-42b5-b545-878a84ca2944,Leena,Jupp,ljuppof@businesswire.com,365-964-9272,4/11/1966
78438249-7eae-49ad-8022-3d549a5209cc,Poppy,MacSweeney,pmacsweeneyog@topsy.com,809-525-8167,9/11/1932
2ba72ae4-9b55-43c1-aabe-69c7f5332cba,Jayme,Enden,jendenoh@huffingtonpost.com,731-953-3116,7/6/1981
ff3e94db-9378-4f21-9209-5a74e72380fc,Christoforo,Giacometti,cgiacomettioi@creativecommons.org,683-910-3388,6/27/1950
31764f16-7c20-483b-8d8b-01e38eb70df4,Riannon,Pittson,rpittsonoj@blog.com,312-213-1957,10/12/1985
a2acd088-9e9d-426d-8ce9-e50a726b7f2f,Madella,Taberner,mtabernerok@nhs.uk,806-325-6850,4/9/1959
bb06d3f6-8dc7-448b-84e2-1990097f2075,Audrey,Barday,abardayol@hatena.ne.jp,869-543-9949,5/16/1935
8642d013-691b-4390-b841-f9afde297b35,Rudolfo,Huckle,rhuckleom@examiner.com,384-793-4493,9/23/1970
b13bcb0f-c169-4ed7-8561-7dcfbf4a4a8a,Keely,Burt,kburton@google.com,561-300-1256,9/2/1989
33819477-fed8-4006-9a2f-ef94bc880d99,Alix,Skalls,askallsoo@shutterfly.com,433-281-2659,5/12/1966
e60dec6d-45b2-4d08-8895-8577ce9dac4a,Hart,Wynn,hwynnop@wiley.com,157-827-6912,12/5/1995
56fd99a5-38a2-4af5-a94f-5f0660bfdc79,Cyril,Widdup,cwiddupoq@prnewswire.com,483-362-5147,5/15/2011
8111a585-c09a-4129-be4a-ca68896a5c7b,Jule,Farrah,jfarrahor@newsvine.com,460-606-0872,3/29/2015
962012fc-2174-4f50-9601-eaa1d0adefbc,Dael,Damarell,ddamarellos@miibeian.gov.cn,987-905-0963,6/8/1995
598e7861-5360-4173-b967-35c2891ee4d3,Malachi,Akehurst,makehurstot@hp.com,452-232-4945,4/10/1983
63a00f8f-bae5-4b84-b1f2-a594e124b6a2,Esta,Reeks,ereeksou@hud.gov,424-401-7052,12/4/1978
31adac20-2c6b-4ae0-b213-eed4dffd46c5,Desiree,Mattisson,dmattissonov@google.cn,635-578-2832,7/22/1948
c286ff63-fe00-4ae2-892a-0140d44939b3,Rouvin,Humpherson,rhumphersonow@posterous.com,360-511-4103,4/7/1977
3ae506e5-aade-4bb4-a672-c65281b1a633,Montgomery,Claw,mclawox@goodreads.com,793-412-9929,
01228e65-e328-4e95-93bb-c1236a3d5ebe,Isis,Drewry,idrewryoy@businesswire.com,537-321-6311,1/2/1938
a8912dd9-e166-46da-b9b5-9d133d8b2274,Giustina,Senchenko,,,4/23/1974
0adc5f4a-8e51-40a5-bf90-a062e52184f7,Adella,Berrisford,aberrisfordp0@va.gov,498-842-3752,6/18/2015
cafcf10a-1226-48f9-be4c-7c5c09d238b6,Hanni,Davidowsky,,,11/20/1981
f59030c7-4183-4cd5-8caa-d3dddaf2c2a4,Myrna,Furby,mfurbyp2@moonfruit.com,713-284-4160,1/8/2000
f552b061-a08b-4e8c-a943-eb1f4ec69a14,Brooks,Toolin,btoolinp3@sciencedirect.com,407-418-5439,8/14/1955
225315b8-b486-476a-9a9b-f9712d1910a4,Caron,Arnaldi,carnaldip4@goodreads.com,153-214-7560,7/21/1948
5bff5e70-2f27-43f0-b8a1-3a488c40263a,Gareth,Colly,gcollyp5@elegantthemes.com,789-975-8760,2/19/1997
dde7c519-d047-41ef-bdd7-f537058a3618,Briggs,Braisby,bbraisbyp6@shinystat.com,288-578-4286,10/24/1981
a55686d8-dc1b-4d63-bb11-b276843cc9bd,Tabor,Jinkinson,tjinkinsonp7@europa.eu,737-141-7764,4/30/1979
5a069c4a-658a-496d-8017-2aba42098148,Arron,Alsina,aalsinap8@webeden.co.uk,565-239-5007,6/23/1937
1c73c4fd-86f4-422c-a1ef-3030f951acc5,Kellen,Krop,kkropp9@sfgate.com,527-819-8624,1/5/1933
7b067741-844b-4748-838a-3f8f0814b763,Rhys,Jurca,rjurcapa@elpais.com,687-708-9006,8/11/1995
6d4b1be4-eec5-41e1-be97-4cc6ea8b25c6,Damien,Quinevan,dquinevanpb@washington.edu,361-989-9895,10/9/1990
19e97d8e-9438-42bb-af12-7948630978c0,Moreen,Northcote,mnorthcotepc@go.com,456-278-5759,
a947c53d-5395-453d-893a-0c9cef7cbc34,Casie,Snelman,csnelmanpd@google.co.jp,531-267-7708,9/6/1971
e14bb45b-3cb6-467a-95c4-40d114e62985,Emmott,Farthing,efarthingpe@liveinternet.ru,593-811-9674,10/10/1955
6f415488-b7db-4b73-90f6-0de07112fa04,Dixie,Waplinton,dwaplintonpf@blogger.com,544-593-2726,11/21/1985
18d19778-b47a-42e1-8d2d-ab8c2d8ae283,Bourke,Kinane,bkinanepg@usda.gov,123-374-9188,6/8/2003
fcbd93a6-425b-43e5-b6ee-ff3ee75fe735,Dorie,Crunkhorn,dcrunkhornph@chronoengine.com,910-798-1387,4/11/1970
5d1006e4-3774-4704-8798-004e2da88cdf,Almeta,Allderidge,,,2/19/1965
4fdea0e7-54af-4115-a1ee-b6ec8c764dfc,Aeriel,Chatburn,achatburnpj@craigslist.org,451-459-1299,1/28/1978
6a5b5084-1863-4e2a-ac77-6c6cfb35f476,Jon,Greenroad,jgreenroadpk@illinois.edu,223-206-4763,7/8/2000
3fdbd669-4c60-4766-8389-8215ec835e90,Marcille,Oman,momanpl@prweb.com,152-577-2609,10/22/2014
8d0f649b-f8fd-4ed5-8608-fd3bc3fabe29,Marv,Mundwell,mmundwellpm@fda.gov,179-639-5619,12/24/1951
92c3f341-2dd3-4c38-95ca-7fe37921f195,Mab,Shivell,mshivellpn@creativecommons.org,732-781-3095,12/18/1985
b175680b-a50b-4947-a62c-3e013c8820fd,Dody,Syder,dsyderpo@seattletimes.com,832-747-4349,5/24/2000
75c13e0e-bb82-4dcf-901c-f432b786f325,Gilburt,Blore,gblorepp@opera.com,542-379-6877,12/11/1947
9127a5a1-d017-48a9-a7cf-75d8cccebac4,Felice,Denty,fdentypq@wufoo.com,222-100-8297,7/25/1952
a296211a-27b4-4051-b3b3-0103b3b998f2,Roz,Capps,rcappspr@elegantthemes.com,935-294-7025,3/31/1945
2de95a36-83c8-488f-88c2-e4ec5f36fd0b,Tim,Atkins,tatkinsps@arizona.edu,917-945-2849,1/15/1993
463c695d-b0f1-41e1-8178-bf5959984f05,Jennette,Heintsch,jheintschpt@yelp.com,763-443-1465,4/25/1989
46c1dbe5-34c9-45ab-acae-eedb4d9a3ab6,Alyosha,Keefe,akeefepu@theatlantic.com,744-612-5532,4/29/1988
4297184b-3b38-4646-a58d-ebda041b4c96,Dorolisa,Lamshead,dlamsheadpv@gnu.org,491-365-6636,10/23/1992
d32371ba-ecc1-44c3-b778-3dd10dfc7bac,Penny,Osbiston,posbistonpw@xinhuanet.com,699-193-2820,1/22/2013
3012b051-f86f-4f74-ab9f-fd61a81148ff,Miles,Nason,mnasonpx@bigcartel.com,368-179-4671,4/1/1982
2c807b0e-fb0a-4530-bb1d-046db1ecf79b,Tory,Fairholme,tfairholmepy@dot.gov,179-183-8103,8/1/2011
df06af7a-e82f-4b91-b22f-b6d0e3e45777,Pace,Domingues,pdominguespz@weebly.com,437-152-1683,3/9/1932
cc27bd50-eefc-4339-b16b-2c953882a055,Tim,Telford,ttelfordq0@cam.ac.uk,405-162-1208,8/7/1980
41b59899-144b-477b-bb75-3a5eade8f650,Zeb,Swiers,,,7/1/1968
7f1f0d80-4dd1-489b-a911-10c3ebb02a5f,Malva,Gravener,mgravenerq2@indiatimes.com,716-510-2218,7/5/2003
ba6f7de3-0cba-46f2-8e2d-c70cc2705169,Cassie,Hiom,chiomq3@google.co.jp,969-740-0222,5/1/1970
480afaa7-8f1f-4fd1-8df4-88cb44578c80,Etta,Barizeret,ebarizeretq4@arstechnica.com,324-451-8687,2/17/1980
eb33893c-e38f-4b1b-8c9a-a32d59dca943,Chickie,Freund,cfreundq5@google.cn,260-822-9706,10/7/2014
5b13e682-319c-4302-9a46-12afad2f5222,Nomi,Laffoley-Lane,nlaffoleylaneq6@umn.edu,845-446-7189,5/19/1950
6c669033-aeb5-4e0a-b554-813db1e9ed48,Bourke,Point,bpointq7@blogtalkradio.com,200-643-1749,2/28/1946
e5fefcc5-f65c-46bf-bc01-783b8bf05827,Goran,Pressman,,,5/21/1947
42cfd299-5bae-419e-bc91-73d49cb493ab,Bernie,Dykes,bdykesq9@usa.gov,734-985-3363,8/2/1993
f8d3aff3-4503-440e-badd-f017a2af4384,Lois,Endley,lendleyqa@soundcloud.com,649-720-3169,12/21/1931
40860e6d-8d7f-462a-b036-33c8a3510aab,Tannie,Ramelot,tramelotqb@reuters.com,349-102-3448,1/16/1946
f6943db2-49cc-43aa-a250-fcd0acd30a86,Clarita,Zanussii,czanussiiqc@hhs.gov,922-606-2686,1/1/2009
f5e854d2-69e6-4e15-9ebd-914606c5451c,Dominique,Samuel,dsamuelqd@webnode.com,336-361-1912,3/21/2015
2074aa20-149f-4283-914b-9a9b42b08f95,Vera,Hiorn,vhiornqe@tumblr.com,438-760-1681,4/22/1942
18a7d301-9480-47d1-9a9e-7bf276a200dd,Cheryl,Glanester,cglanesterqf@wiley.com,852-742-9113,12/23/2001
097fae38-469f-455e-9d7d-c90300d432cc,Cecil,Coppock.,ccoppockqg@upenn.edu,284-343-1323,6/23/1933
ff7c99fe-2eb2-4942-9758-0146b7ed06bc,Leonid,Sollom,lsollomqh@techcrunch.com,187-622-2752,4/20/1970
ad698489-944a-46b2-8d90-3df375a7da00,Oates,Pigdon,opigdonqi@uol.com.br,462-120-6394,10/14/1998
59393fba-b409-4e11-92e8-3d100289b7b9,Yule,Nutter,ynutterqj@aol.com,985-628-8061,6/26/2010
b0355330-9cc0-4d4f-ad31-b3c6abfe5e4f,Noll,O'Lenane,,,9/22/2002
d441638f-226f-4634-b975-60748ac737c1,Alexio,Akerman,aakermanql@nifty.com,858-127-9836,6/16/1934
f033c730-a15c-4c58-8e7e-a562b6fc23e6,Katerine,Bryning,kbryningqm@dropbox.com,489-759-6682,6/25/1950
def52bf6-cfc2-49d4-a4bb-96a0aa09150e,Ileane,Gossage,igossageqn@tiny.cc,622-489-7138,2/27/1934
4236486f-0f74-44ea-b2ff-b1e091dc7b29,Izabel,Spurdon,ispurdonqo@patch.com,493-448-5954,12/13/2008
8e6a2489-876f-4ab4-9a56-6569a8d89356,Clayton,Queen,cqueenqp@myspace.com,127-892-6937,5/1/1952
d5d479e5-6276-4c71-8dc6-b20a9a6e1874,Hali,Gourdon,hgourdonqq@discuz.net,654-950-6490,7/5/1948
5f3fb969-3063-4e19-9126-9e71c89e3dd8,Yank,Akerman,yakermanqr@delicious.com,487-228-6548,3/18/1956
d0c53653-67f4-49ed-bbc6-79b9cd7add56,Stavro,Perett,sperettqs@yolasite.com,954-747-4552,5/22/2009
df458213-02f3-47f0-91db-cc5a2d28834a,Tad,Beavon,tbeavonqt@yellowbook.com,484-867-5709,11/10/2002
974d1561-9af9-49d2-bab7-5fc7d5ea7c4c,Koressa,OIlier,,,3/6/1951
ff21e6a7-7cef-4855-90ec-9a939d1d9066,Curry,Humbatch,chumbatchqv@acquirethisname.com,231-229-7243,10/28/1964
2b289893-9d48-4fc1-8d9f-894061ed6e7a,Chandler,MacManus,cmacmanusqw@tamu.edu,575-777-2227,5/30/1974
21492975-112b-4dfb-bd55-9cd3a937476d,Wait,Hobson,whobsonqx@biglobe.ne.jp,175-184-9023,8/13/1957
4c469913-dda8-4e2f-83ac-28deed07cc2b,Nadiya,Hearn,nhearnqy@census.gov,430-589-1990,2/2/1971
b6d4315a-dca6-40ff-8191-429bae6cc3b8,Geoffry,Noell,gnoellqz@boston.com,830-196-1491,4/14/2010
392e4db3-9298-436e-85b3-8ff2a2c01f94,Basilio,Rodwell,brodwellr0@mapquest.com,591-709-4846,6/28/1954
bf68e682-133a-4c50-8ad9-dd75634b5b06,Regine,Bleakley,rbleakleyr1@unesco.org,712-248-9366,10/13/1942
72f0a219-a438-4b69-9ce1-320b03721728,Rey,Mangion,rmangionr2@elegantthemes.com,336-654-0135,7/18/2006
6bd0882e-1a90-49f1-9c76-8532cfe12ab0,Dulcine,Mattielli,dmattiellir3@a8.net,138-744-2520,4/17/1982
fab649ab-a9cb-4cd5-accd-92e30c724434,Mabelle,Plaschke,mplaschker4@auda.org.au,528-677-5614,7/18/1971
b0d15125-3ae7-499d-ba29-16e33353b456,Katharine,Wakelam,kwakelamr5@senate.gov,164-426-3097,8/30/1988
0b91bf9a-548d-45a8-8c84-fb2ebc5fd2a9,Barbee,Bedinham,bbedinhamr6@who.int,521-557-9391,4/16/1997
ed72ec6b-25b0-46f2-8b9c-b1a0c890de76,Matthias,Bidmead,mbidmeadr7@gnu.org,466-393-4767,10/8/1956
282c2cc2-25cb-4d7d-bd75-66e0fb2fd756,Ewan,Matous,ematousr8@weibo.com,573-784-3194,4/25/2008
a99190c0-470b-43bb-875a-141472c81823,Jacinthe,Skitteral,jskitteralr9@hud.gov,812-833-2396,2/6/1991
0cf72ddb-8798-4835-b7ec-9f505df63ccf,Ermengarde,Lally,elallyra@hostgator.com,443-789-6806,5/27/1939
a1f97f03-4f64-48ee-8216-3121ede5c605,Rogers,Flooks,rflooksrb@prlog.org,260-395-5071,4/12/1993
6be937aa-22f1-4070-8037-93add1eafbbd,Freeland,Cheson,fchesonrc@sogou.com,332-592-9966,8/21/1985
648aa113-7a04-4150-8419-ae4dcad30bbf,Matias,Stallen,mstallenrd@weather.com,132-885-7896,1/8/2012
4fe6821e-07d3-4980-b203-0237413f63b9,Yale,Gregoletti,ygregolettire@de.vu,164-407-9725,3/29/1986
3c6684e6-e35a-4569-8445-e015af1d715b,Angelita,Boone,aboonerf@rediff.com,239-658-0148,7/14/1986
9a93f595-33f2-41db-a500-3401cb19fb75,Gerladina,Luna,glunarg@dedecms.com,953-629-4450,6/26/2011
fc456637-cb06-49ad-8750-528d70bcc467,Elbertine,Jancey,ejanceyrh@blogtalkradio.com,646-849-5130,
3ec01263-076f-405a-b8bc-243a92aec937,Cory,Rudeyeard,crudeyeardri@usgs.gov,860-286-6302,1/29/1976
0403051f-17de-4261-bd25-f24d66fd5cca,Lorens,Lawly,llawlyrj@webs.com,746-237-8174,5/9/2015
36224e5a-d08a-4e6f-a044-6413d1455f92,Camey,Sedgwick,csedgwickrk@examiner.com,933-303-1084,1/14/2008
a8674eca-7e91-46a1-ba16-9752ce5782be,Yelena,Grute,ygruterl@dmoz.org,697-833-4631,7/22/1936
88f4b6c3-ff91-470d-a47a-f24efab7bd4d,Mordecai,Zoane,mzoanerm@yolasite.com,240-496-5505,12/19/1947
af9c6df5-c9ca-4321-a70f-165b99fd4245,Loella,Rowen,lrowenrn@xinhuanet.com,110-215-9898,3/21/2005
89b0b0dc-46ca-489a-9212-211cd52e2a3e,Freda,Aikenhead,faikenheadro@netscape.com,866-578-0398,4/19/1958
faee5f37-8e55-45c7-b225-c2c51823935c,Matilde,Curlis,mcurlisrp@123-reg.co.uk,623-730-7281,6/16/1978
40fbb97b-37ce-4681-9345-fe7a6f3deb66,Ezri,Moynham,emoynhamrq@answers.com,509-830-4116,2/23/1995
f2566aab-5da8-4bcf-9023-084c212d526c,Coop,Duckhouse,cduckhouserr@census.gov,112-312-7501,4/15/1999
