Output,Function,Input,Parameters
cdc_ncov2019_id,Noop,cdc_ncov2019_id,
patient_entity_id,Noop,patient_entity_id,
first_name,Noop,first_name,
last_name,Noop,last_name,
middle_name,Noop,middle_name,
birth_date,FormatDate_YYYY_MM_DD,birth_date,
birth_gender,Noop,birth_gender,
race,Noop,race,
ethnicity,Noop,ethnicity,
patient_city,Noop,patient_city,
patient_state,Noop,patient_state,
patient_zip_code,Noop,patient_zip_code,
patient_county,Noop,patient_county,
age_in_years,Noop,age_in_years,
pregnant,Noop,pregnant,
disease_onset_date,FormatDate_YYYY_MM_DD,disease_onset_date,
public_health_case_id,Noop,public_health_case_id,
investigation_status,Noop,investigation_status,
accession_no,Noop,accession_no,
lab_name,Noop,lab_name,
lab_entity_id,Noop,lab_entity_id,
testing_lab_street_address,Noop,testing_lab_street_address,
testing_lab_city,Noop,testing_lab_city,
testing_lab_state,Noop,testing_lab_state,
testing_lab_zip_code,Noop,testing_lab_zip_code,
test_provider,Noop,test_provider,
loinc_code,Noop,loinc_code,
specimen_source,Noop,specimen_source,
Specimen_type_code,Noop,Specimen_type_code,
Test_performed_description,Noop,Test_performed_description,
Test_result_coded,Noop,Test_result_coded,
Test_result_description,Noop,Test_result_description,
Test_Result_free_text,Noop,Test_Result_free_text,
lab_collection_dt,Noop,lab_collection_dt,
lab_test_dt,Noop,lab_test_dt,
lab_update_dt,Noop,lab_update_dt,
